SMILES,True,Predicted,Probability_N,Probability_P
OC[C@](c1onc(n1)c1ncn2-c3cccc(c3C(=O)N(Cc12)C)Cl)(O)C,non-penetrating,penetrating,0.2614103338212499,0.7385896661787501
NCCc1nc2n(c1)cccc2,non-penetrating,penetrating,0.4502721011236801,0.5497278988763199
NCCc1nc2n(c1)cccc2,non-penetrating,penetrating,0.4502721011236801,0.5497278988763199
CCCN(CCC)CCc1ccc(c2c1CC(=C)N2)O,penetrating,penetrating,0.006607028999555009,0.993392971000445
Fc1ccc2c(c1)onc2C1CCN(CC1)CCc1c(C)nc2n(c1=O)CCC[C@H]2O,penetrating,non-penetrating,0.5738312618041161,0.42616873819588386
Clc1ccc2-n3c(CN=C(c2c1)c1ccccc1)nnc3C,penetrating,penetrating,0.013004923973438887,0.9869950760265611
CN(CC/C=C/1\c2ccccc2CCc2c1cccc2)C,penetrating,penetrating,0.055971247066267105,0.9440287529337329
Oc1ncnc2c1cn[nH]2,penetrating,penetrating,0.17631654200029034,0.8236834579997097
O=c1cc(n(n1c1ccccc1)C)C,penetrating,penetrating,0.04315184118825066,0.9568481588117493
CC(=O)Oc1ccccc1C(=O)O,penetrating,penetrating,0.18720642287192069,0.8127935771280793
ClCCNC(=O)N(CCCl)N=O,penetrating,penetrating,0.08654437367448775,0.9134556263255122
ClCCNC(=O)N(CCCl)N=O,penetrating,penetrating,0.08654437367448775,0.9134556263255122
Cn1cnc2c1c(=O)n(C)c(=O)n2C,penetrating,penetrating,0.011977410369359176,0.9880225896306408
NC(=O)N1c2ccccc2C=Cc2c1cccc2,penetrating,penetrating,0.0035658862953747983,0.9964341137046252
ClCCN(c1ccc(cc1)CCCC(=O)O)CCCl,non-penetrating,non-penetrating,0.5787451459200308,0.4212548540799692
CN(CCCN1c2ccccc2Sc2c1cc(Cl)cc2)C,penetrating,penetrating,0.054061445557743726,0.9459385544422563
Clc1cccc(c1NC1=NCCN1)Cl,penetrating,penetrating,0.08658378263780164,0.9134162173621984
COc1ccc2c3c1O[C@@H]1[C@@]43CCN([C@H](C2)[C@@H]4C=C[C@@H]1O)C,penetrating,penetrating,0.251235853657951,0.748764146342049
CNCCCN1c2ccccc2CCc2c1cccc2,penetrating,penetrating,0.009029405552973047,0.990970594447027
OC[C@@H]1CC[C@@H](O1)n1cnc2c1ncnc2O,non-penetrating,penetrating,0.3657268137076286,0.6342731862923714
Clc1ccc2c(c1)[nH]c(=O)n2C1CCN(CC1)CCCn1c(=O)[nH]c2c1cccc2,penetrating,non-penetrating,0.7030482564834671,0.29695174351653286
OCCOCCN1CCN(CC1)[C@@H](c1ccc(cc1)Cl)c1ccccc1,penetrating,penetrating,0.31844534728976837,0.6815546527102316
CC(Cc1ccc(cc1)[C@@H](C(=O)O)C)C,penetrating,penetrating,0.03916426641718007,0.9608357335828199
COc1cccnc1CCCCNc1[nH]cc(c(=O)n1)Cc1ccc(nc1)C,non-penetrating,non-penetrating,0.6089771733737004,0.39102282662629956
CN(CCCN1c2ccccc2CCc2c1cccc2)C,penetrating,penetrating,0.005407124296451404,0.9945928757035486
COc1ccc2c(c1)c(CC(=O)O)c(n2C(=O)c1ccc(cc1)Cl)C,non-penetrating,non-penetrating,0.83101375262054,0.16898624737945997
CN1Cc2c(ncn2-c2c(C1=O)c(Cl)ccc2)c1noc(n1)C(C)C,penetrating,penetrating,0.12875514297003487,0.8712448570299651
CN(Cc1ccc(o1)CSCCNc1[nH]cc(c(=O)n1)Cc1ccc(nc1)C)C,non-penetrating,non-penetrating,0.6847573131364746,0.31524268686352536
COc1ccc(cc1)CN(c1ccccn1)CCN(C)C,penetrating,penetrating,0.13054869622650134,0.8694513037734987
CN1CCN2[C@@H](C1)c1ccccc1Cc1c2cccc1,penetrating,penetrating,0.015089550409783548,0.9849104495902165
Clc1ccc2-n3c(CN=C(c2c1)c1ccccc1F)cnc3C,penetrating,penetrating,0.07652889007349784,0.9234711099265022
CN1CCN2[C@@H](C1)c1ccccc1Cc1c2nccc1,penetrating,penetrating,0.018127170505092938,0.9818728294949071
O=C1Nc2c(C)ccnc2N(c2c1cccn2)C1CC1,penetrating,penetrating,0.033204824070433014,0.966795175929567
FC(c1ccc(nc1Cl)N1CCNCC1)(F)F,penetrating,penetrating,0.020909956880040825,0.9790900431199592
Clc1ccc2c(c1)[C@H]1CNC[C@H]1c1c(O2)cccc1,penetrating,penetrating,0.05552421341223046,0.9444757865877695
Cc1cccc2c1Oc1ccccc1[C@@]1([C@@H]2CNCC1)O,penetrating,penetrating,0.10401596350783904,0.895984036492161
C=CC[C@@H](c1ccccc1c1noc2c1cccc2)N,penetrating,penetrating,0.17243333300892327,0.8275666669910767
CN1CC[C@]2([C@H](C1)c1cccc(c1Oc1c2cccc1)C)O,penetrating,penetrating,0.07732553648969487,0.9226744635103051
Clc1ccc2c(c1)[C@H]1CN(C[C@H]1c1c(O2)cccc1)C,penetrating,penetrating,0.03641164820407916,0.9635883517959208
O=C1Nc2ccc(cc2C(=N[C@@H]1O)c1ccccc1)Cl,penetrating,penetrating,0.09190356833595836,0.9080964316640416
CN/C(=C\[N+](=O)[O-])/NCCS[CH2+]c1ccc(o1)CN(C)C,non-penetrating,penetrating,0.20836055502270268,0.7916394449772973
Fc1ccc2c(c1)onc2C1CCN(CC1)CCc1c(C)nc2n(c1=O)CCCC2,penetrating,penetrating,0.30662475048352256,0.6933752495164774
O=C(Nc1ccccc1)Oc1ccc2c(c1)[C@]1(C)CCN([C@@H]1N2C)C,penetrating,penetrating,0.0815644048885874,0.9184355951114126
CNC(=O)Oc1ccc2c(c1)[C@]1(C)CCN([C@@H]1N2C)C,penetrating,penetrating,0.0687939614988855,0.9312060385011145
CN(CCCN1c2ccccc2Sc2c1cccc2)C,penetrating,penetrating,0.04345358534412369,0.9565464146558763
OC(=O)c1ccccc1O,non-penetrating,penetrating,0.3694375299363406,0.6305624700636594
Brc1cnc(c(c1)C)CCCCNc1[nH]cc(c(=O)n1)Cc1ccc(nc1)C,non-penetrating,non-penetrating,0.5615878156035581,0.43841218439644186
Cn1c(=O)n(C)c2c(c1=O)[nH]cn2,penetrating,penetrating,0.03634918367956297,0.963650816320437
CSc1ccc2c(c1)N(CC[C@@H]1CCCCN1C)c1c(S2)cccc1,penetrating,penetrating,0.06291133518843606,0.9370886648115639
C#C[C@]1(O)CC[C@@H]2[C@]1(C)CC[C@H]1[C@H]2[C@H](C)CC2=C1CCC(=O)C2,penetrating,penetrating,0.29363353821880445,0.7063664617811956
CCCC(C(=O)[O-])CCC,penetrating,penetrating,0.04727850437979375,0.9527214956202062
COc1ccc(cc1OC)CCN(CCC[C@@](c1ccc(c(c1)OC)OC)(C(C)C)C#N)C,penetrating,penetrating,0.03276478343723788,0.9672352165627621
C1CCN(CC1)Cc1cccc(c1)OCCCNc1nc2c(s1)cccc2,penetrating,penetrating,0.05132468089698583,0.9486753191030142
OCc1ncc2n1-c1ccc(cc1C(=NC2)c1ccccc1F)Cl,penetrating,penetrating,0.2878984504208666,0.7121015495791334
CC(Cl)(Cl)Cl,penetrating,penetrating,6.83970213033458e-05,0.9999316029786967
ClCC(F)(F)F,penetrating,penetrating,0.00016302240506516075,0.9998369775949348
CCCC(C)C,penetrating,penetrating,0.02083788192743541,0.9791621180725646
OCC(C)C,penetrating,penetrating,0.004053971576843951,0.995946028423156
CCC(C)(C)C,penetrating,penetrating,0.02485101064958173,0.9751489893504183
CCC[C@@H](CC)C,penetrating,penetrating,0.01674816913910826,0.9832518308608917
CCC(CC)C,penetrating,penetrating,0.020659579286604668,0.9793404207133953
Clc1ccc2-n3c(C)ncc3[C@H](N=C(c2c1)c1ccccc1F)O,penetrating,penetrating,0.08623618785819798,0.913763812141802
CC(=O)Nc1ccc(cc1)O,penetrating,penetrating,0.07958715882776002,0.92041284117224
CC(=O)Nc1ccc(cc1)O,penetrating,penetrating,0.07958715882776002,0.92041284117224
CN(c1c(C)n(n(c1=O)c1ccccc1)C)C,penetrating,penetrating,0.047881292358699645,0.9521187076413004
CCC1(CCC(C)C)C(=O)NC(=O)NC1=O,penetrating,penetrating,0.021551451840166602,0.9784485481598334
O[C@@H](COc1ccc(cc1)CC(=O)N)CNC(C)C,non-penetrating,non-penetrating,0.6221448488227334,0.37785515117726665
c1ccccc1,penetrating,penetrating,0.014767978726654696,0.9852320212733453
O=C(c1ncn2-c3cccc(c3C(=O)N3[C@H](c12)CCC3)Br)OC(C)(C)C,penetrating,penetrating,0.04448484264503061,0.9555151573549694
Fc1ccc(cc1)C(=O)CCCN1CCC(CC1)(O)c1ccc(cc1)Br,penetrating,penetrating,0.18681388340637717,0.8131861165936228
CCC(=O)C,penetrating,penetrating,0.0016463691598737062,0.9983536308401263
Clc1ccc2c(c1)N(C(=O)CC(=O)N2C)c1ccccc1,penetrating,penetrating,0.030871173489804615,0.9691288265101954
C1CCCCC1,penetrating,penetrating,0.010185542445786067,0.9898144575542139
C1CC1,penetrating,penetrating,0.012020641491727768,0.9879793585082722
NCCCN1c2ccccc2CCc2c1cccc2,penetrating,penetrating,0.016060490822731532,0.9839395091772685
Clc1ccc2c(c1)C(=NCC(=O)N2C)c1ccccc1,penetrating,penetrating,0.036255621906989055,0.963744378093011
ClCCl,penetrating,penetrating,0.0016962650255897271,0.9983037349744103
CCOCC,penetrating,penetrating,0.0030349091974568587,0.9969650908025431
C=COC=C,penetrating,penetrating,0.000767549558422953,0.999232450441577
FC(OC([C@H](Cl)F)(F)F)F,penetrating,penetrating,0.004251546710251186,0.9957484532897488
CCO,penetrating,penetrating,0.0013269858574567195,0.9986730141425433
CCc1ccccc1,penetrating,penetrating,0.040513559030472934,0.9594864409695271
CCOC(=O)c1ncn2-c3ccc(cc3C(=O)N(Cc12)C)F,penetrating,penetrating,0.02447540195271314,0.9755245980472869
CN1C(=O)C[NH+]=C(c2c1ccc(c2)[N+](=O)[O-])c1ccccc1F,penetrating,penetrating,0.048714780143037095,0.9512852198569629
OCCN1CCN(CC1)CCCN1c2ccccc2Sc2c1cc(cc2)C(F)(F)F,penetrating,penetrating,0.039651578783043595,0.9603484212169564
C=COCC(F)(F)F,penetrating,penetrating,0.0001927754580135499,0.9998072245419865
Fc1ccc(cc1)C(=O)CCCN1CCC(CC1)(O)c1ccc(cc1)Cl,penetrating,penetrating,0.21685598688602126,0.7831440131139787
Cl[C@H](C(F)(F)F)Br,penetrating,penetrating,0.0004532900529905515,0.9995467099470094
CCCCCCC,penetrating,penetrating,0.010657851416193909,0.9893421485838061
CCCCCC,penetrating,penetrating,0.013465012748315908,0.9865349872516841
O=C1NC(=O)[C@@](C(=O)N1C)(C)C1=CCCCC1,penetrating,penetrating,0.030736318885124958,0.969263681114875
O[C@H](CN1CCN(C[C@H]1C(=O)NC(C)(C)C)Cc1cccnc1)C[C@H](C(=O)N[C@@H]1[C@H](O)Cc2c1cccc2)Cc1ccccc1,penetrating,non-penetrating,0.9906074178855214,0.00939258211447858
FC(O[C@@H](C(F)(F)F)Cl)F,penetrating,penetrating,0.002458957483073121,0.9975410425169269
CN1CCCC[C@H]1CCN1c2ccccc2Sc2c1cc(cc2)[S@](=O)C,penetrating,penetrating,0.04561779371300945,0.9543822062869906
COC(C(Cl)Cl)(F)F,penetrating,penetrating,0.0011003447241284547,0.9988996552758715
CC1CCCC1,penetrating,penetrating,0.019217526996026635,0.9807824730039734
O[C@H]1C=C[C@@H]2[C@@]34[C@H]1Oc1c4c(C[C@H]2N(CC3)C)ccc1O,penetrating,penetrating,0.4459458306332078,0.5540541693667922
CNCCCN1c2ccccc2Sc2c1cc(Cl)cc2,penetrating,penetrating,0.05738062959097534,0.9426193704090247
NCCCN1c2ccccc2Sc2c1cc(Cl)cc2,penetrating,penetrating,0.10306033306146334,0.8969396669385367
CSc1ccc2c(c1)N(CC[C@@H]1CCCCN1)c1c(S2)cccc1,penetrating,penetrating,0.07615519124698344,0.9238448087530166
CSc1ccc2c(c1)N(CC[C@@H]1CCCCN1)c1c(S2)cccc1,non-penetrating,penetrating,0.07615519124698344,0.9238448087530166
O=C1CCCN1CCCCN1CCN(CC1)c1nccc(c1)C(F)(F)F,penetrating,penetrating,0.09120002982541109,0.9087999701745889
Cn1cnc2c1c(=O)n(c(=O)[nH]2)C,penetrating,penetrating,0.018538403998726083,0.9814615960012739
CCCCC,penetrating,penetrating,0.01612602335864166,0.9838739766413583
CCCCC1C(=O)N(N(C1=O)c1ccccc1)c1ccccc1,penetrating,penetrating,0.06356354149232757,0.9364364585076724
CCCO,penetrating,penetrating,0.002771336476316888,0.9972286635236831
CC(=O)C,penetrating,penetrating,0.00017803578281083698,0.9998219642171892
O[C@@H](COc1cccc2c1cccc2)CNC(C)C,penetrating,penetrating,0.2574600988745974,0.7425399011254026
C=C[C@H]1CN2CC[C@H]1C[C@@H]2[C@H](c1ccnc2c1cc(OC)cc2)O,penetrating,penetrating,0.323046035654608,0.676953964345392
CN1Cc2c(ncn2-c2c(C1=O)scc2)C(=O)OC(C)(C)C,penetrating,penetrating,0.016933071485550455,0.9830669285144495
CCCN(CCC)CCc1cccc2c1CC(=O)N2,penetrating,penetrating,0.005123103051912992,0.994876896948087
CCCN(CCC)CCc1ccc(c2c1CC(=O)N2)O,penetrating,penetrating,0.06929565232131307,0.9307043476786869
OC(=O)CNC(=O)c1ccccc1O,penetrating,non-penetrating,0.5297087052287808,0.4702912947712192
CN1CCCC[C@H]1CCN1c2ccccc2Sc2c1cc(cc2)S(=O)(=O)C,penetrating,penetrating,0.0590837898682689,0.9409162101317311
F[C@H](CC(F)(F)F)Br,penetrating,penetrating,0.0005573175484908655,0.9994426824515091
Cn1cnc2c1c(=O)[nH]c(=O)n2C,penetrating,penetrating,0.014306862562819989,0.98569313743718
CCC[C@H](C1(CC)C(=O)NC(=S)NC1=O)C,penetrating,penetrating,0.07672603336926176,0.9232739666307382
Cc1ccccc1,penetrating,penetrating,0.026281053801702425,0.9737189461982976
Clc1ccc2-n3c(CN=C(c2c1)c1ccccc1Cl)nnc3C,penetrating,penetrating,0.020678762396501127,0.9793212376034989
CN1CCN(CC1)CCCN1c2ccccc2Sc2c1cc(cc2)C(F)(F)F,penetrating,penetrating,0.015641995408761322,0.9843580045912387
Cl/C=C(\Cl)/Cl,penetrating,penetrating,0.002764217069654573,0.9972357829303454
ClC(Cl)Cl,penetrating,penetrating,0.0002002859515902733,0.9997997140484097
CNCCc1ccccn1,penetrating,penetrating,0.17447137662293077,0.8255286233770692
CNCCc1ccccn1,penetrating,penetrating,0.17447137662293077,0.8255286233770692
CN(CCc1ccccn1)C,penetrating,penetrating,0.08539207188672915,0.9146079281132709
CN(CCc1ccccn1)C,penetrating,penetrating,0.08539207188672915,0.9146079281132709
NCCc1nccs1,penetrating,non-penetrating,0.5816660529001689,0.41833394709983107
NCCc1nccs1,penetrating,non-penetrating,0.5816660529001689,0.41833394709983107
NCCc1scc(n1)c1ccccc1,non-penetrating,non-penetrating,0.5413463038800559,0.45865369611994405
NCCc1scc(n1)c1ccccc1,non-penetrating,non-penetrating,0.5413463038800559,0.45865369611994405
OC[C@H]1O[C@H](C[C@@H]1N=[N+]=N)N1[CH+][C](C)C(=O)NC1=O,penetrating,penetrating,0.09316394206690182,0.9068360579330982
Cc1cccc(c1)C,penetrating,penetrating,0.02026825925635123,0.9797317407436488
Cc1ccccc1C,penetrating,penetrating,0.020256730639654164,0.9797432693603458
Cc1ccc(cc1)C,penetrating,penetrating,0.020421855097666808,0.9795781449023332
CC(O)C,penetrating,penetrating,0.0021667117840872274,0.9978332882159128
NC(=O)N1c2ccccc2[C@@H]2[C@@H](c3c1cccc3)O2,penetrating,penetrating,0.028072526311299084,0.9719274736887009
CC[C@@H](c1ccccc1)NC(=O)c1c(C)c(nc2c1cccc2)c1ccccc1,penetrating,non-penetrating,0.5462068434804047,0.4537931565195953
ClCCN(c1ccc(cc1)CCCC(=O)OC(C)(C)C)CCCl,penetrating,penetrating,0.08046623513733597,0.919533764862664
CC(Nc1cccnc1N1CCN(CC1)C(=O)c1cc2c([nH]1)ccc(c2)NS(=O)(=O)C)C,non-penetrating,non-penetrating,0.921635504709457,0.078364495290543
O=C(c1ccc(cc1)C(C)(C)C)CCCN1CCC(CC1)OC(c1ccccc1)c1ccccc1,non-penetrating,penetrating,0.3453665293503403,0.6546334706496597
CN1CCN(CC1)CC(=O)N1c2ccccc2C(=O)Nc2c1nccc2,penetrating,penetrating,0.05803237211622181,0.9419676278837782
CN([C@H](CN1c2ccccc2Sc2c1cccc2)C)C,penetrating,penetrating,0.08350051322529928,0.9164994867747007
S=C(N1CCC(CC1)c1c[nH]cn1)NC1CCCCC1,penetrating,penetrating,0.07774601695178074,0.9222539830482193
S=C(N1CCC(CC1)c1c[nH]cn1)NC1CCCCC1,penetrating,penetrating,0.07774601695178074,0.9222539830482193
CN1CC[C@H]2[C@H](C1)c1ccccc1Oc1c2cc(Cl)cc1,penetrating,penetrating,0.022245775518531907,0.9777542244814681
O=C1CCCN1CCCCN1CCN(CC1)c1nc(Cl)cc(c1)C(F)(F)F,penetrating,penetrating,0.19291495720822716,0.8070850427917728
Clc1ccc2c(c1)[C@H]1CCNC[C@@H]1c1c(O2)cccc1,penetrating,penetrating,0.033947129784800856,0.9660528702151991
[O-][N+](=O)c1cc[nH]c1NCCSCc1ccccn1,penetrating,penetrating,0.2174904071729773,0.7825095928270227
Cc1cc(nc(c1C)C)C(SC(CNc1[nH]ccc1[N+](=O)[O-])(C)C)(C)C,penetrating,penetrating,0.08177732206463295,0.918222677935367
Cc1c(C)oc(c1C)C(N(C(N)(C)C)C(N)(C)C)(C)C.C[NH+]O.[OH-],penetrating,penetrating,0.009256070553980478,0.9907439294460195
Cc1c[nH+][o+]c(c1[O-])C(CC(C(N(C(N)(N)C)C(C)(C)C)(C)C)C)[NH],penetrating,penetrating,0.33797945292171305,0.662020547078287
CC(=O)NCCCOc1cccc(c1)CN1CCCCC1,penetrating,penetrating,0.012786043919977397,0.9872139560800226
O=C(c1ccccc1)NCCCOc1cccc(c1)CN1CCCCC1,penetrating,penetrating,0.034078236655500804,0.9659217633444992
OCCCOc1cccc(c1)CN1CCCCC1,penetrating,penetrating,0.03047083416893326,0.9695291658310667
C1CCN(CC1)Cc1cccc(c1)OCCCNc1ccccn1,penetrating,penetrating,0.025716214052453945,0.974283785947546
C1CCN(CC1)Cc1cccc(c1)OCCCNc1nccs1,penetrating,penetrating,0.024017590231035335,0.9759824097689647
C1CCN(CC1)Cc1cccc(c1)OCCCNc1nc2c(o1)cccc2,penetrating,penetrating,0.006462723174651908,0.9935372768253481
CN(Cc1ccc(o1)CSCCNc1[nH]cc(c(=O)n1)Cc1ccc2c(c1)cccc2)C,non-penetrating,penetrating,0.49408830298989515,0.5059116970101049
CN(Cc1ccc(o1)CSCCNC1=NCC(=CN1)Cc1ccc(nc1)C)C,non-penetrating,penetrating,0.2689947214065873,0.7310052785934127
CN(c1nccc(c1)c1n[nH]c(n1)N)C,non-penetrating,penetrating,0.3138088864002513,0.6861911135997487
Cn1c(=O)n(C)c2c(c1=O)nc[nH]2,penetrating,penetrating,0.046756107204324104,0.9532438927956759
COc1cc(CN[C@@H]2CCCN[C@H]2c2ccccc2)c2c(c1)CCO2,penetrating,penetrating,0.21633474758790383,0.7836652524120962
NCCn1ncc2c1cc(Cl)c(c2)Cl,penetrating,penetrating,0.34032492963394034,0.6596750703660597
OC[C@@H]1C=C[C@@H](C1)n1cnc2c1nc(N)nc2NC1CC1,penetrating,non-penetrating,0.5459359107442974,0.4540640892557027
CCCC(=O)Nc1ccc(c(c1)C(=O)C)OC[C@@H](CNC(C)C)O,penetrating,penetrating,0.4230013370771162,0.5769986629228838
OCCOCn1cnc2c1nc(N)[nH]c2=O,penetrating,penetrating,0.3587784876798197,0.6412215123201803
CCCSc1ccc2c(c1)nc([nH]2)NC(=O)OC,penetrating,penetrating,0.05769593384847227,0.9423040661515277
NC12CC3CC(C2)CC(C1)C3,penetrating,penetrating,0.0338864205368995,0.9661135794631005
C[C@@H](Cc1ccccc1)N,penetrating,penetrating,0.28254762048274085,0.7174523795172592
C[C@@H](Cc1ccccc1)N,penetrating,penetrating,0.28254762048274085,0.7174523795172592
NCCCNCCSP(=O)(O)O,non-penetrating,non-penetrating,0.9344648917366023,0.06553510826339767
NCC[C@@H](C(=O)N[C@@H]1C[C@H](N)[C@H]([C@@H]([C@H]1O[C@H]1O[C@H](CO)[C@H]([C@@H]([C@H]1O)N)O)O)O[C@H]1O[C@H](CN)[C@H]([C@@H]([C@H]1O)O)O)O,penetrating,non-penetrating,0.9360547753986351,0.06394522460136483
Nc1ccc(c(c1)O)C(=O)O,non-penetrating,non-penetrating,0.7587870237134942,0.24121297628650587
OC[C@H]1O[C@H]([C@@H]([C@@H]1O)O)n1ccc(nc1=O)N,penetrating,penetrating,0.20142856943492315,0.7985714305650768
CN(/N=N/c1[nH]cnc1C(=O)N)C,penetrating,penetrating,0.03888913239716307,0.9611108676028369
COc1cccc2c1C(=O)c1c(C2=O)c(O)c2c(c1O)[C@@H](O[C@H]1C[C@H](N)[C@@H]([C@@H](O1)C)O)C[C@](C2)(O)C(=O)C,non-penetrating,non-penetrating,0.9084836155190635,0.0915163844809365
CN([C@@H]1C(=C(C(=O)N)C(=O)[C@@]2([C@H]1C[C@H]1C(=C2O)C(=O)c2c([C@H]1O)c(Cl)ccc2O)O)O)C,non-penetrating,non-penetrating,0.9304193432082666,0.06958065679173336
O=C1CC(=O)N(c2c(N1)ccc(c2)Cl)c1ccccc1,penetrating,penetrating,0.03244468653892296,0.967555313461077
O=C1CN=C(c2c(N1)ccc(c2)Cl)c1ccccc1,penetrating,penetrating,0.04039050931924559,0.9596094906807544
CNCCCN1c2ccccc2Sc2c1cccc2,penetrating,penetrating,0.06838171729150155,0.9316182827084984
O=C1NC(=O)CN(C1)C[C@@H](N1CC(=O)NC(=O)C1)C,non-penetrating,non-penetrating,0.7600216062751426,0.23997839372485746
COc1ccc2c(c1)[C@]13CCCC[C@@H]3[C@@H](C2)N(CC1)C,penetrating,penetrating,0.01610736251906808,0.9838926374809319
CN1C[C@@H](C[C@H]2[C@H]1Cc1c[nH]c3c1c2ccc3)C(=O)NC1(C)O[C@@]2(N(C1=O)[C@@H](Cc1ccccc1)C(=O)N1[C@H]2CCC1)O,non-penetrating,non-penetrating,0.9840847353555049,0.015915264644495053
CCN(C(=S)SSC(=S)N(CC)CC)CC,penetrating,penetrating,0.04784305862021887,0.9521569413797811
OCC(=O)[C@@]1(O)C[C@H](O[C@H]2C[C@H](N)[C@@H]([C@@H](O2)C)O)c2c(C1)c(O)c1c(c2O)C(=O)c2c(C1=O)cccc2OC,non-penetrating,non-penetrating,0.9424790289025181,0.057520971097481874
CN([C@@H]1C(=C(C(=O)N)C(=O)[C@@]2([C@H]1[C@@H](O)[C@@H]1[C@@H](C)c3cccc(c3C(=O)C1=C2O)O)O)O)C,penetrating,non-penetrating,0.6858339456537281,0.31416605434627193
FC([C@@]1(C#CC2CC2)OC(=O)Nc2c1cc(Cl)cc2)(F)F,non-penetrating,penetrating,0.1199692685674314,0.8800307314325686
CCOC(=O)[C@@H](N[C@H](C(=O)N1CCC[C@H]1C(=O)O)C)CCc1ccccc1,non-penetrating,non-penetrating,0.6293876422812417,0.3706123577187584
CNC[C@@H](c1ccc(c(c1)O)O)O,non-penetrating,penetrating,0.23511003368461603,0.764889966315384
CCC(=C)C(=O)c1ccc(c(c1Cl)Cl)OCC(=O)O,non-penetrating,penetrating,0.34425578319852645,0.6557442168014735
CC[C@@H](NCCN[C@@H](CO)CC)CO,non-penetrating,penetrating,0.4318491972809756,0.5681508027190244
CCc1nccc(c1)C(=S)N,penetrating,penetrating,0.30512424456953113,0.6948757554304689
C[C@@]1(CC)CC(=O)NC1=O,penetrating,penetrating,0.03476704453474799,0.965232955465252
COc1cc(cc(c1O)OC)[C@H]1[C@H]2C(=O)OC[C@@H]2[C@@H](c2c1cc1OCOc1c2)O[C@@H]1O[C@@H]2CO[C@H](O[C@H]2[C@@H]([C@H]1O)O)C,non-penetrating,penetrating,0.38313967892295575,0.6168603210770442
Fc1ccc(c(c1)F)C(Cn1cncn1)(Cn1cncn1)O,penetrating,penetrating,0.25031315102948637,0.7496868489705136
OC(=O)P(=O)(O)O,penetrating,non-penetrating,0.6847927139830507,0.31520728601694925
NCC1(CCCCC1)CC(=O)O,penetrating,penetrating,0.22829312993381057,0.7717068700661894
CCn1cc(C(=O)O)c(=O)c2c1nc(C)cc2,non-penetrating,non-penetrating,0.5012556350784214,0.49874436492157864
O[C@@H]([C@@H](NC(=O)c1cccc(c1C)O)CSc1ccccc1)CN1C[C@H]2CCCC[C@H]2C[C@H]1C(=O)NC(C)(C)C,non-penetrating,non-penetrating,0.9665767134453812,0.033423286554618764
COc1ccc2c(c1)nc([nH]2)[S@](=O)Cc1ncc(c(c1C)OC)C,non-penetrating,penetrating,0.3417411756592508,0.6582588243407492
C/C(=C/CN1CC[C@@]2([C@H]([C@H]1Cc1c2cc(cc1)O)C)C)/C,penetrating,penetrating,0.024674382505620374,0.9753256174943796
OC[C@H]1O[C@H](CC1O)n1cnc2c1N=CNC[C@H]2O,penetrating,penetrating,0.13264326529547898,0.867356734704521
CCOC(=O)C1(CCN(CC1)C)c1ccccc1,penetrating,penetrating,0.024274510674584193,0.9757254893254158
Nc1ccc(c(n1)N)/N=N/c1ccccc1,non-penetrating,penetrating,0.15925602533709415,0.8407439746629058
CCC1(C(=O)NC(=O)NC1=O)c1ccccc1,penetrating,penetrating,0.0519757939010983,0.9480242060989017
O[C@@H](COc1cccc2c1cc[nH]2)CNC(C)C,penetrating,penetrating,0.4762099692136126,0.5237900307863874
CO[C@@H]([C@@H]1Cc2cc3cc(O[C@@H]4O[C@H](C)[C@@H]([C@@H](C4)O[C@H]4C[C@@H](O)[C@@H]([C@H](O4)C)O)O)c(c(c3c(c2C(=O)[C@H]1OC1O[C@H](C)[C@H]([C@@H](C1)O[C@@H]1O[C@H](C)[C@H]([C@@H](C1)O[C@@H]1O[C@H](C)[C@H]([C@@](C1)(C)O)O)O)O)O)O)C)C(=O)[C@H]([C@H](O)C)O,penetrating,non-penetrating,0.5392114150070605,0.4607885849929395
CC[C@@H](C(=O)O[C@H]1C[C@@H](O)C=C2[C@H]1[C@@H](CC[C@H](C[C@H](CC(=O)O)O)O)[C@H](C=C2)C)C,non-penetrating,non-penetrating,0.9677829996211298,0.03221700037887021
O=C(N1CC(=O)N2[C@H](C1)c1ccccc1CC2)C1CCCCC1,penetrating,penetrating,0.29152802830163993,0.7084719716983601
CCCN(S(=O)(=O)c1ccc(cc1)C(=O)O)CCC,non-penetrating,penetrating,0.47570451914268785,0.5242954808573121
COc1cc(Cc2cnc(nc2N)N)cc(c1OC)OC,penetrating,penetrating,0.28631003343509,0.71368996656491
COc1cc(NCc2ccc3c(c2C)c(N)nc(n3)N)cc(c1OC)OC,non-penetrating,penetrating,0.3877444664708203,0.6122555335291797
OCC(CO)(CO)N,non-penetrating,penetrating,0.2680790802836852,0.7319209197163148
NC1[C@@H]2[C@@H]1CN(C2)c1nc2c(cc1F)c(=O)c(cn2c1ccc(cc1F)F)C(=O)O,penetrating,penetrating,0.015199631967778182,0.9848003680322218
NC(=O)N,penetrating,penetrating,0.016146988106322757,0.9838530118936772
Clc1ccc(cc1)C1CCC(CC1)C1=C(O)C(=O)c2c(C1=O)cccc2,non-penetrating,non-penetrating,0.6485897805070402,0.35141021949295975
OC[C@@H](c1ccccc1)C(=O)OC1C[C@@H]2CC[C@H](C1)N2C,penetrating,penetrating,0.26427751389201426,0.7357224861079857
OC(=O)CCCCCCCC(=O)O,non-penetrating,non-penetrating,0.6775155892387295,0.3224844107612706
CC[C@H]1OC(=O)[C@@H](C)[C@H](O[C@H]2O[C@@H](C)[C@@H]([C@](C2)(C)OC)O)[C@@H](C)[C@H](O[C@@H]2O[C@H](C)C[C@@H]([C@H]2O)N(C)C)[C@](C[C@H](CN([C@@H](C([C@@]1(C)O)O)C)C)C)(C)O,non-penetrating,penetrating,0.3548173986345715,0.6451826013654285
NCCC[C@H]1NC(=O)[C@H](CCCCNC(=O)[C@H]([C@H](CC)C)NC(=O)[C@H](NC(=O)[C@@H](NC(=O)[C@@H]2CSC(=N2)[C@@H]([C@@H](CC)C)N)CC(C)C)CCC(=O)O)NC(=O)[C@H](CC(=O)N)NC(=O)[C@@H](CC(=O)O)NC(=O)[C@@H](NC(=O)[C@H](NC(=O)[C@@H](NC1=O)[C@H](CC)C)Cc1ccccc1)Cc1nc[nH]c1,non-penetrating,non-penetrating,0.9999158134947397,8.4186505260296e-05
C[C@@H](C[N+](C)(C)C)OC(=O)N,non-penetrating,non-penetrating,0.9890911292303802,0.01090887076961973
CC[N+](Cc1ccccc1Br)(C)C,non-penetrating,non-penetrating,0.9982075381073359,0.0017924618926641646
CC(C[C@H]1C(=O)N2CCCC2[C@]2(N1C(=O)[C@@](O2)(NC(=O)[C@H]1CN(C)[C@H]2C(=C1)c1cccc3c1c(C2)c([nH]3)Br)C(C)C)O)C,non-penetrating,non-penetrating,0.904949221793915,0.09505077820608493
CO[C@]12CC[C@]3(C[C@@H]1[C@@](C(C)(C)C)(O)C)[C@@]14[C@H]2Oc2c4c(C[C@H]3N(CC1)CC1CC1)ccc2O,penetrating,penetrating,0.23134548761934493,0.7686545123806551
Clc1cccc(c1)C(=O)[C@@H](NC(C)(C)C)C,penetrating,penetrating,0.07516756767378618,0.9248324323262138
CS(=O)(=O)OCCCCOS(=O)(=O)C,penetrating,penetrating,0.3970266332677158,0.6029733667322842
O=C([C@H](C1=CCC=CC1)N)N[C@H]1C(=O)N2[C@H]1SCC(=C2C(=O)O)C,non-penetrating,non-penetrating,0.757511979827864,0.24248802017213594
CCN(CCC[C@H](Nc1ccnc2c1ccc(c2)Cl)C)CC,penetrating,penetrating,0.03478305278641114,0.9652169472135889
Clc1cc2N=CNS(=O)(=O)c2cc1S(=O)(=O)N,non-penetrating,non-penetrating,0.9773178085211612,0.0226821914788388
CO[C@H]1CN(CCCOc2ccc(cc2)F)CC[C@@H]1NC(=O)c1cc(Cl)c(cc1OC)N,penetrating,non-penetrating,0.6699084093469796,0.3300915906530204
OC[C@H]1O[C@H](CC1O)n1cnc2c1nc(Cl)nc2N,penetrating,penetrating,0.4901221518562511,0.5098778481437489
O=C(C([C+]1CCCCC1)(c1ccccc1)O)O[C@H]1C[N+]2(C)CCC1CC2,non-penetrating,non-penetrating,0.9993375059274661,0.0006624940725339809
Clc1ccc(cc1)Nc1cc2-c(c/c/1=N/C(C)C)n(c1c(n2)cccc1)c1ccc(cc1)Cl,non-penetrating,non-penetrating,0.6011416561809673,0.3988583438190328
CN(CCCN1c2ccccc2CCc2c1cc(Cl)cc2)C,penetrating,penetrating,0.006366057008063031,0.993633942991937
COc1c(OC)cc2c(-c3ccc(c(=O)cc3[C@H](CC2)NC(=O)C)OC)c1OC,non-penetrating,penetrating,0.14196812085412303,0.858031879145877
N[C@@H]1CONC1=O,penetrating,penetrating,0.10642484777700312,0.8935751522229969
Clc1cc2NCNS(=O)(=O)c2cc1S(=O)(=O)N,non-penetrating,non-penetrating,0.9823283801654267,0.017671619834573323
NC(=O)NO,penetrating,penetrating,0.06333997738900676,0.9366600226109932
OC[C@@H](c1ccccc1)C(=O)OC1C[C@@H]2CC[C@H](C1)[N+]2(C)C(C)C,non-penetrating,non-penetrating,0.9998325712950987,0.00016742870490122854
NNC(=O)c1ccncc1,penetrating,penetrating,0.24150370883790406,0.7584962911620959
CC[C@H](n1ncn(c1=O)c1ccc(cc1)N1CCN(CC1)c1ccc(cc1)OC[C@@H]1CO[C@@](O1)(Cn1cncn1)c1ccc(cc1Cl)Cl)C,non-penetrating,non-penetrating,0.9663422408484246,0.033657759151575456
OC[C@H]1O[C@H](O[C@H]2[C@H](N)C[C@@H]([C@H](C2O)O[C@H]2O[C@H](CN)[C@H]([C@@H]([C@H]2O)O)O)N)[C@@H]([C@H]([C@@H]1O)N)O,non-penetrating,non-penetrating,0.8695954968256406,0.13040450317435937
Clc1ccc(c(c1)Cl)[C@]1(OC[C@@H](O1)COc1ccc(cc1)N1CCN(CC1)C(=O)C)Cn1cncc1,non-penetrating,non-penetrating,0.9652361572991384,0.03476384270086158
OC(=O)[C@H](c1cccc(c1)C(=O)c1ccccc1)C,penetrating,penetrating,0.25121731145978976,0.7487826885402102
OC(=O)[C@@H]1CCn2c1ccc2C(=O)c1ccccc1,non-penetrating,non-penetrating,0.6232644796957765,0.3767355203042236
CN1CCN(CC1)c1c(F)cc2c3c1OC[C@@H](n3cc(c2=O)C(=O)O)C,penetrating,non-penetrating,0.6733188512858437,0.3266811487141563
OC[C@H]([C@H]([C@@H]([C@@H](CO)O)O)O)O,non-penetrating,non-penetrating,0.664068663491871,0.335931336508129
O=C([C+](c1ccccc1)(c1ccccc1)O)O[C@H]1CCC[N+](C1)(C)C,non-penetrating,non-penetrating,0.9995716231803226,0.00042837681967739535
C[C@@H]([C@@H](c1cccc(c1)O)O)N,non-penetrating,penetrating,0.44826155424253655,0.5517384457574634
OC(=O)CC[C@@H](C(=O)O)NC(=O)c1ccc(cc1)N(Cc1cnc2c(n1)c(N)nc(n2)N)C,non-penetrating,non-penetrating,0.973357194360198,0.026642805639802068
COCCc1ccc(cc1)OC[C@@H](CNC(C)C)O,penetrating,penetrating,0.13927671759610527,0.8607232824038947
CC#C[C@]1(O)CC[C@@H]2[C@]1(C)C[C@H](c1ccc(cc1)N(C)C)C1=C3CCC(=O)C=C3CC[C@@H]21,non-penetrating,non-penetrating,0.6369469009171485,0.3630530990828515
CN([C@@H]1C(=C(C(=O)N)C(=O)[C@@]2([C@H]1C[C@@H]1Cc3c(C(=O)C1=C2O)c(O)ccc3N(C)C)O)O)C,penetrating,non-penetrating,0.8610706312489089,0.13892936875109105
O=C(c1ccc(cc1)Cl)NCCN1CCOCC1,penetrating,penetrating,0.2518920787437353,0.7481079212562647
O=C(C1c2ccccc2Oc2c1cccc2)OCC[N+](C(C)C)(C(C)C)C,non-penetrating,non-penetrating,0.9987604262424946,0.0012395737575053502
NC(=O)c1cnccn1,penetrating,penetrating,0.05587065457189433,0.9441293454281057
C[n+]1cccc(c1)OC(=O)N(C)C,penetrating,penetrating,0.017935555628540323,0.9820644443714597
CCc1nc(N)nc(c1c1ccc(cc1)Cl)N,penetrating,penetrating,0.3991303286698761,0.6008696713301239
C=C[C@H]1CN2CC[C@H]1C[C@H]2[C@@H](c1ccnc2c1cc(OC)cc2)O,non-penetrating,penetrating,0.323046035654608,0.676953964345392
OC[C@H]1O[C@H]([C@@H]([C@@H]1O)O)n1ncc(n1)C(=O)N,penetrating,penetrating,0.22042819998392893,0.7795718000160711
O=C(N[C@H]([C@H](C[C@H](Cc1ccccc1)NC(=O)[C@H](C(C)C)NC(=O)N(Cc1csc(n1)C(C)C)C)O)Cc1ccccc1)OCc1cncs1,non-penetrating,non-penetrating,0.9625706050315913,0.037429394968408726
NC(=O)C[C@@H](C(=O)N[C@H]([C@@H](CN1C[C@H]2CCCC[C@H]2C[C@H]1C(=O)NC(C)(C)C)O)Cc1ccccc1)NC(=O)c1ccc2c(n1)cccc2,non-penetrating,non-penetrating,0.956916328996563,0.04308367100343697
FCOC(C(F)(F)F)C(F)(F)F,penetrating,penetrating,0.0005173818019227339,0.9994826181980773
CC(=O)N[C-]1C(I)C(NC(=O)C)C(C(C1I)C(=O)O)I,non-penetrating,non-penetrating,0.9503488529108342,0.049651147089165876
CC(NC[C@H](c1ccc(cc1)NS(=O)(=O)C)O)C,penetrating,non-penetrating,0.6016613758866638,0.39833862411333626
Cc1cn([C@@H]2O[C@@H](C=C2)CO)c(=O)[nH]c1=O,penetrating,penetrating,0.1139306586809884,0.8860693413190116
Nc1ccc(cc1)S(=O)(=O)Nc1ncccn1,penetrating,penetrating,0.4498752552119917,0.5501247447880083
Nc1ccc(cc1)S(=O)(=O)Nc1onc(c1C)C,penetrating,penetrating,0.4324973669487008,0.5675026330512992
Nc1ccc(cc1)S(=O)(=O)Nc1noc(c1)C,penetrating,penetrating,0.1803751405661147,0.8196248594338853
Nc1c2CCCCc2nc2c1cccc2,penetrating,penetrating,0.11518894228696097,0.884811057713039
CC/C(=C(/c1ccccc1)\c1ccc(cc1)OCCN(C)C)/c1ccccc1,penetrating,penetrating,0.09724633504164848,0.9027536649583515
Clc1ccc2c(c1)C(=N[C@H](C(=O)N2C)O)c1ccccc1,penetrating,penetrating,0.056856014025496004,0.943143985974504
OC(=O)[C-]1N2C(=O)[C@@H]([C@H]2SC1(C)C)NC(=O)[C@@H](c1cscc1)C(=O)O,penetrating,non-penetrating,0.5626958383104339,0.43730416168956604
CC[C@@]1(O)C(=O)OCc2c1cc1-c3nc4ccc(c(c4cc3Cn1c2=O)CN(C)C)O,penetrating,non-penetrating,0.939129182333561,0.06087081766643899
Nc1ccn(c(=O)n1)[C@H]1CC[C@H](O1)CO,penetrating,penetrating,0.46196648432541665,0.5380335156745834
NS(=O)(=O)Cc1noc2c1cccc2,penetrating,non-penetrating,0.6094823515024388,0.39051764849756115
O[C@H]1CC[C@@H](O)[C@@H](O)C[C@@H](O)C[C@@]2(O)C[C@@H](O)[C@@H]([C@H](O2)C[C@H](C=CC=CC=CC=CC=CC=CC=C[C@@H]([C@H]([C@H]([C@H](OC(=O)C[C@@H](C1)O)C)C)O)C)O[C@H]1O[C@@H](C)[C@@H]([C@H]([C@@H]1O)N)O)C(=O)O,non-penetrating,non-penetrating,0.9763971062160324,0.02360289378396762
O=CN1[C@H](CNc2ccc(cc2)C(=O)N[C@H](C(=O)[O-])CCC(=O)[O-])CNc2c1c(O)nc(n2)N,penetrating,non-penetrating,0.9879579666522308,0.012042033347769165
Oc1ncc(c(n1)N)F,penetrating,penetrating,0.06749821377937892,0.9325017862206211
ClCCN(C(=O)NC1CCCCC1)N=O,penetrating,penetrating,0.04358911293097789,0.9564108870690221
SCCS(=O)(=O)[O-],non-penetrating,penetrating,0.2926600795094728,0.7073399204905272
OC[C@H]1O[C@@H](O)[C@@H]([C@H]([C@@H]1O)O)NC(=O)N(N=O)C,non-penetrating,penetrating,0.1906251118097424,0.8093748881902576
COc1cc(cc(c1O)O)[C@@H]1[C@H]2C(=O)OC[C@@H]2[C@H](c2c1cc1OCOc1c2)O[C@H]1O[C@H]2CO[C@@H](O[C@@H]2[C@H]([C@@H]1O)O)c1cccs1,penetrating,penetrating,0.3184115492065165,0.6815884507934835
S=P(N1CC1)(N1CC1)N1CC1,penetrating,penetrating,0.0728703494927685,0.9271296505072315
OC[C@H]1O[C@@H](Oc2c3cc4cc2Oc2ccc(cc2Cl)[C@@H](O)[C@@H]2NC(=O)[C@H](NC(=O)[C@@H]4NC(=O)[C@H](CC(=O)N)NC(=O)[C@@H]([C@@H](c4ccc(O3)c(Cl)c4)O)NC(=O)[C@@H](CC(C)C)NC)c3ccc(c(-c4c(O)cc(cc4[C@H](NC2=O)C(=O)O)O)c3)O)[C@@H]([C@H]([C@@H]1O)O)O[C@H]1O[C@@H](C)[C@@H]([C@@](C1)(C)N)O,non-penetrating,non-penetrating,0.9540001927586201,0.04599980724137984
OC[C@H]1O[C@H]([C@@H]([C@@H]1O)O)n1cnc2c1ncnc2N,penetrating,penetrating,0.17213366951685216,0.8278663304831478
CN(CCCN1c2ccccc2Sc2c1cc(cc2)C(F)(F)F)C,penetrating,penetrating,0.01897133322273914,0.9810286667772609
CN(Cc1ccc(o1)CSCCNc1[nH]cc(c1N(=O)=O)Cc1ccccc1)C,penetrating,penetrating,0.3344470293874656,0.6655529706125344
OCC(c1onc(n1)c1ncn2-c3cccc(c3C(=O)N(Cc12)C)Cl)(CO)C,non-penetrating,non-penetrating,0.7344608613270216,0.26553913867297846
CN1Cc2c(ncn2-c2c(C1=O)c(Cl)ccc2)c1noc(n1)C(O)(C)C,non-penetrating,penetrating,0.2281921483679118,0.7718078516320882
NN[C@](C(=O)O)(Cc1ccc(c(c1)O)O)C,non-penetrating,non-penetrating,0.6214222535643199,0.37857774643568015
NCCc1ccc(c(c1)O)O,non-penetrating,penetrating,0.19445758324782003,0.80554241675218
OC(=O)[C@H](Cc1ccc(c(c1)O)O)N,penetrating,non-penetrating,0.5823632357107338,0.4176367642892662
O[C@@H](c1cc(nc2c1cccc2C(F)(F)F)C(F)(F)F)[C@H]1CCCCN1,penetrating,penetrating,0.13075622154109823,0.8692437784589018
CN1CCN(CC1)c1c(F)c(C(=O)O)c2c3c1OC[C@H](n3ccc2=O)C,penetrating,non-penetrating,0.5810229624412941,0.4189770375587059
Cc1ccc2c(c1)N(C)[C@@H](CNC(=O)c1ccc(cc1)C)CN=C2c1ccc(cc1)F,penetrating,penetrating,0.09964577866208768,0.9003542213379123
OCC(=O)[C@H]1CC[C@@H]2[C@]1(C=O)C[C@H](O)[C@H]1[C@H]2CCC2=CC(=O)CC[C@]12C,non-penetrating,non-penetrating,0.7681650543020843,0.23183494569791577
CN1CCc2c3[C@@H]1Cc1ccc(c(c1-c3ccc2)O)O,penetrating,penetrating,0.16834987205451113,0.8316501279454889
COc1ccc(cc1)CCN1CCC(CC1)Nc1nc2c(n1Cc1ccc(cc1)F)cccc2,non-penetrating,penetrating,0.4669921000302778,0.5330078999697222
O=C(N1CCCC[C@H]1CN1CCCC1)Cc1ccc(c(c1)Cl)Cl,penetrating,penetrating,0.022921272598083964,0.977078727401916
O=C(N1CCc2c([C@H]1CN1CCCC1)cccc2)Cc1ccc(c(c1)Cl)Cl,penetrating,penetrating,0.059594695538436104,0.9404053044615639
O=C(N1CCCC[C@H]1CN1CCCC1)Cc1ccc(cc1)C(F)(F)F,penetrating,penetrating,0.014253494420299329,0.9857465055797007
O=C(N1CCc2c([C@H]1CN1CCCC1)ccs2)Cc1ccc(c(c1)Cl)Cl,penetrating,penetrating,0.10072673496454698,0.899273265035453
O=C(N1CCc2c([C@H]1CN1CCCC1)nc[nH]2)Cc1ccc(c(c1)Cl)Cl,non-penetrating,penetrating,0.4007239647007733,0.5992760352992267
O=C(N1CCc2c([C@H]1CN1CCCC1)scc2)Cc1ccc(c(c1)Cl)Cl,penetrating,penetrating,0.10269286795089438,0.8973071320491056
O=C(N1CCC(C[C@@H]1CN1CCCC1)(C)C)Cc1ccc(c(c1)Cl)Cl,penetrating,penetrating,0.023158952750931272,0.9768410472490687
OC(=O)C(c1ccc(cc1)C(=O)CCCN1CCC(CC1)OC(c1ccccc1)c1ccccc1)(C)C,non-penetrating,non-penetrating,0.7607699574282714,0.23923004257172858
OC(=O)COCCN1CCN(CC1)[C@@H](c1ccc(cc1)Cl)c1ccccc1,non-penetrating,non-penetrating,0.5970382459946452,0.40296175400535483
Fc1cc2c(cc1N1CCNCC1)n(cc(c2=O)C(=O)O)C1CC1,non-penetrating,non-penetrating,0.8805027501117986,0.11949724988820146
OCC(=O)[C@H]1CC[C@@H]2[C@]1(C)C[C@@H](O)[C@H]1[C@H]2CCC2=CC(=O)CC[C@]12C,non-penetrating,non-penetrating,0.6584428959683439,0.34155710403165607
OCC(=O)[C@@]1(O)CC[C@@H]2[C@]1(C)C[C@H](O)[C@H]1[C@H]2CCC2=CC(=O)CC[C@]12C,non-penetrating,non-penetrating,0.546586463195977,0.45341353680402297
OCCn1ccc(=O)c(c1CC)O,non-penetrating,penetrating,0.3366118683042947,0.6633881316957053
OCCCCn1ccc(=O)c(c1CC)O,non-penetrating,penetrating,0.32168331681641094,0.6783166831835891
Cn1ccc(=O)c(c1C)O,penetrating,penetrating,0.06659828056340977,0.9334017194365902
CCn1ccc(=O)c(c1C)O,penetrating,penetrating,0.0469061442973957,0.9530938557026043
Cc1c(O)c(=O)ccn1CCCC,penetrating,penetrating,0.048118614937001425,0.9518813850629986
Cc1c(O)c(=O)ccn1CCCCCC,penetrating,penetrating,0.016681978325327362,0.9833180216746726
Cc1c(O)c(=O)ccn1CCCCC,penetrating,penetrating,0.023932803430763427,0.9760671965692366
Cc1c(O)c(=O)ccn1CCCO,non-penetrating,penetrating,0.39506042167258215,0.6049395783274178
CCc1c(O)c(=O)ccn1CC,penetrating,penetrating,0.053168887555830824,0.9468311124441692
Oc1ccc2c(c1)[C@]1(C)CCN([C@H](C2)[C@H]1C)CC1CC1,penetrating,penetrating,0.007489784399371424,0.9925102156006286
CN1CCN(CC1)c1cc2c(cc1F)c(=O)c(cn2c1ccc(cc1)F)C(=O)O,non-penetrating,penetrating,0.46545169935609076,0.5345483006439092
CN(CCOC(c1ccccc1)c1ccccc1)C,penetrating,penetrating,0.0713270771216099,0.9286729228783901
CN(CCO[C@](c1ccccn1)(c1ccccc1)C)C,penetrating,penetrating,0.1002912856906174,0.8997087143093826
O[C@@H]1CCN(C1)C[C@H](N(C(=O)Cc1ccccc1N)C)c1ccccc1,non-penetrating,non-penetrating,0.8557849023258406,0.1442150976741594
CCn1cc(C(=O)O)c(=O)c2c1nc(N1CCNCC1)c(c2)F,non-penetrating,non-penetrating,0.6874918157770576,0.31250818422294235
Oc1ccc2c(c1)CC[C@@H]1[C@@H]2CC[C@]2([C@H]1CC[C@@H]2O)C,penetrating,penetrating,0.072562174919238,0.927437825080762
FCCn1cc(C(=O)O)c(=O)c2c1c(F)c(N1CCN(CC1)C)c(c2)F,non-penetrating,non-penetrating,0.8398040405978341,0.1601959594021659
OCCN1CCN(CC1)CC/C=C/1\c2ccccc2Sc2c1cc(cc2)C(F)(F)F,penetrating,penetrating,0.07168881838650831,0.9283111816134917
OC(=O)c1cc(c(cc1NCc1ccco1)Cl)S(=O)(=O)N,non-penetrating,non-penetrating,0.9810313444574933,0.01896865554250668
O=C(N1CCN(C[C@@H]1CN1CCCC1)C(=O)C)Cc1ccc(c(c1)Cl)Cl,penetrating,penetrating,0.3236670500576849,0.6763329499423151
O=C(N1CCc2c([C@H]1CN1CCCC1)cco2)Cc1ccc(c(c1)Cl)Cl,penetrating,penetrating,0.2555590681151422,0.7444409318848578
COC(=O)N1CCN([C@H](C1)CN1CCCC1)C(=O)Cc1ccc(c(c1)Cl)Cl,penetrating,penetrating,0.23003703652479313,0.7699629634752069
CCOC(=O)N1CCN([C@H](C1)CN1CCCC1)C(=O)Cc1ccc(c(c1)Cl)Cl,penetrating,penetrating,0.2876861466451386,0.7123138533548614
CCCOC(=O)N1CCN([C@H](C1)CN1CCCC1)C(=O)Cc1ccc(c(c1)Cl)Cl,penetrating,penetrating,0.2826561759392747,0.7173438240607253
O[C@@H]1CCN(C1)C[C@H]1N(CCc2c1cco2)C(=O)Cc1ccc(c(c1)Cl)Cl,penetrating,non-penetrating,0.9130800196385883,0.08691998036141164
O[C@@H]1CCN(C1)C[C@H]1CN(CCN1C(=O)Cc1ccc(c(c1)Cl)Cl)C(=O)C,non-penetrating,non-penetrating,0.9253205693518227,0.07467943064817723
O[C@@H]1CCN(C1)C[C@H]1CN(CCN1C(=O)Cc1ccc(cc1)C(F)(F)F)C(=O)C,non-penetrating,non-penetrating,0.555450643310788,0.444549356689212
CSc1ccc(cc1)CC(=O)N1CCN(C[C@@H]1CN1CC[C@H](C1)O)C(=O)C,non-penetrating,non-penetrating,0.8993783715503532,0.10062162844964687
O[C@@H]1CCN(C1)C[C@H]1CN(CCN1C(=O)Cc1cc(F)cc(c1)F)C(=O)C,non-penetrating,non-penetrating,0.8664686528751384,0.13353134712486153
COc1cccc(c1)CC(=O)N1CCN(C[C@@H]1CN1CC[C@H](C1)O)C(=O)C,non-penetrating,non-penetrating,0.8667816985990147,0.13321830140098534
O[C@H]1CCN(C1)C[C@H]1CN(CCN1C(=O)Cc1ccc(cc1)N(=O)=O)C(=O)C,non-penetrating,non-penetrating,0.8525427771707413,0.1474572228292587
COc1ccc(cc1)CC(=O)N1CCN(C[C@@H]1CN1CC[C@H](C1)O)C(=O)C,non-penetrating,non-penetrating,0.8663486646116547,0.13365133538834525
O[C@H]1CCN(C1)C[C@H]1CN(CCN1C(=O)Cc1cccc(c1)N(=O)=O)C(=O)C,non-penetrating,non-penetrating,0.8909228487352663,0.10907715126473376
O[C@@H]1CCN(C1)C[C@H]1CN(CCN1C(=O)Cc1ccccc1)C(=O)C,non-penetrating,non-penetrating,0.8538468402761676,0.1461531597238324
O[C@H]1CCN(C1)C[C@H]1CN(CCN1C(=O)Cc1ccc(cc1)[S@](=O)C)C(=O)C,non-penetrating,non-penetrating,0.9691168397185781,0.030883160281421854
O[C@H]1CCN(C1)C[C@H]1CN(CCN1C(=O)Cc1ccc(cc1)S(=O)(=O)C)C(=O)C,non-penetrating,non-penetrating,0.9675008560340671,0.03249914396593289
CC([C@@H](N(C(=O)Cc1ccc(c(c1)Cl)Cl)C)CN1CCCC1)C,penetrating,penetrating,0.06793908984177921,0.9320609101582208
O=C(N([C@H](c1ccccc1)CN1CCCC1)C)Cc1ccc(c(c1)Cl)Cl,penetrating,penetrating,0.08461955210270566,0.9153804478972943
Cc1onc(c1)NC(=O)C1=C(O)c2ccccc2S(=O)(=O)N1C,non-penetrating,penetrating,0.475616611514629,0.524383388485371
C=CCN1CC[C@@]23[C@@H]([C@H]1Cc1c3cc(cc1)O)CCCC2,penetrating,penetrating,0.01166466358880447,0.9883353364111955
CCn1cc(C(=O)O)c(=O)c2c1c(F)c(N1CCN[C@@H](C1)C)c(c2)F,non-penetrating,non-penetrating,0.8692034519791023,0.13079654802089763
Clc1ccc(cc1)C1(O)CCN(CC1)CCC(C(=O)N(C)C)(c1ccccc1)c1ccccc1,non-penetrating,non-penetrating,0.8151916081117168,0.18480839188828324
CCOC(=O)N1CC/C(=C/2\c3ccc(cc3CCc3c2nccc3)Cl)/CC1,non-penetrating,penetrating,0.060913429010599374,0.9390865709894006
Cc1cnc(s1)NC(=O)C1=C(O)c2ccccc2S(=O)(=O)N1C,non-penetrating,non-penetrating,0.6349158668689624,0.3650841331310376
C=CCN1CC[C@]23[C@H]4[C@@H]1Cc1c3c(O[C@@H]2[C@H](C=C4)O)c(cc1)O,penetrating,penetrating,0.47876257012250445,0.5212374298774956
O=C1CC[C@]2([C@]34[C@@H]1Oc1c4c(C[C@@H]2N(CC3)CC2CC2)ccc1O)O,penetrating,penetrating,0.15043820646797645,0.8495617935320235
CCn1cc(C(=O)O)c(=O)c2c1cc(N1CCNCC1)c(c2)F,non-penetrating,non-penetrating,0.8201646440488043,0.1798353559511957
CCn1cc(C(=O)O)c(=O)c2c1cc(N1CCN(CC1)C)c(c2)F,non-penetrating,non-penetrating,0.6725775812284156,0.32742241877158434
OCCN1CCN(CC1)CCCN1c2ccccc2Sc2c1cc(Cl)cc2,penetrating,penetrating,0.14562164827378687,0.8543783517262131
O=C(C1=C(O)c2ccccc2S(=O)(=O)N1C)Nc1ccccn1,non-penetrating,non-penetrating,0.6467720219816087,0.3532279780183913
O=C1CC[C@]2(C(=C1)CC[C@@H]1[C@@H]2CC[C@]2([C@H]1CC[C@@H]2C(=O)C)C)C,penetrating,penetrating,0.015194813786187922,0.9848051862138121
Oc1ccc2c(c1)c(CCCCN1CCC(=CC1)c1ccccc1)c[nH]2,penetrating,penetrating,0.11815060244480724,0.8818493975551928
CCCNC(=O)c1ccc2c(c1)N([C@H](CN1CCCC1)C)c1c(S2)cccc1,penetrating,penetrating,0.022073615080146047,0.977926384919854
CN1CCN(CC1)c1c(F)cc2c3c1SCCn3cc(c2=O)C(=O)O,non-penetrating,non-penetrating,0.6875564723377732,0.3124435276622268
OCc1cc(ccc1O)[C@@H](CNC(C)(C)C)O,non-penetrating,non-penetrating,0.5251063538465741,0.47489364615342594
CN1CCN([C@H](C1)CN1CCCC1)C(=O)Cc1ccc(c(c1)Cl)Cl,penetrating,penetrating,0.0968355605637643,0.9031644394362357
O=C(N1CCn2c([C@H]1CN1CCCC1)ncc2)Cc1ccc(c(c1)Cl)Cl,penetrating,penetrating,0.35355635336212143,0.6464436466378786
O=C1NC(=O)[C@]2(N1)CCN([C@H](C2)CN1CCCC1)C(=O)Cc1ccc(c(c1)Cl)Cl,non-penetrating,non-penetrating,0.7995948204086198,0.20040517959138018
O=C1NC(=O)[C@@]2(N1)CCN([C@H](C2)CN1CCCC1)C(=O)Cc1ccc(c(c1)Cl)Cl,non-penetrating,non-penetrating,0.7995948204086198,0.20040517959138018
O[C@@H]1CCN(C1)C[C@H]1N(CCn2c1ncc2)C(=O)Cc1ccc(c(c1)Cl)Cl,non-penetrating,non-penetrating,0.9346201983213309,0.06537980167866914
O=C(N1CCn2c([C@H]1CN1CCCC1)ncn2)Cc1ccc(c(c1)Cl)Cl,penetrating,penetrating,0.17359903737081728,0.8264009626291827
OCCN1CCN([C@H](C1)CN1CC[C@H](C1)O)C(=O)Cc1ccc(c(c1)Cl)Cl,non-penetrating,non-penetrating,0.9235130488988164,0.07648695110118366
O[C@@H]1CCN(C1)C[C@H]1N(CCc2c1nc[nH]2)C(=O)Cc1ccc(c(c1)Cl)Cl,non-penetrating,non-penetrating,0.9446540077198773,0.05534599228012271
CC[C@@H](c1ccccc1)NC(=O)c1c(O)c(nc2c1cccc2)c1ccccc1,penetrating,non-penetrating,0.840828535542143,0.15917146445785704
CC[C@@H](c1ccccc1)NC(=O)c1c(OCCCN(C)C)c(nc2c1cccc2)c1ccccc1,penetrating,non-penetrating,0.7225933266607116,0.2774066733392883
CC[C@@H](c1ccccc1)NC(=O)c1c(OCC(=O)O)c(nc2c1cccc2)c1ccccc1,non-penetrating,non-penetrating,0.940273669917328,0.059726330082671975
CC[C@@H](c1ccccc1)NC(=O)c1c(OCCCC(=O)O)c(nc2c1cccc2)c1ccccc1,non-penetrating,non-penetrating,0.9784381437499446,0.02156185625005538
CC[C@@H](c1ccccc1)NC(=O)c1c(OCCNC(=O)Cc2ccccc2C(=O)O)c(nc2c1cccc2)c1ccccc1,non-penetrating,non-penetrating,0.9946244927978841,0.005375507202115867
CC[C@@H](c1ccccc1)NC(=O)c1c(OCCNC(=O)Cc2ccccn2)c(nc2c1cccc2)c1ccccc1,non-penetrating,non-penetrating,0.9798997962974103,0.020100203702589664
CC[C@@H](c1ccccc1)NC(=O)c1c(OCCNC(=O)[C@@H]2CCCN2)c(nc2c1cccc2)c1ccccc1,non-penetrating,non-penetrating,0.9475588087000968,0.05244119129990325
CC[C@@H](c1ccccc1)NC(=O)c1c(Cn2ccnc2)c(nc2c1cccc2)c1ccccc1,non-penetrating,non-penetrating,0.8996282312839485,0.1003717687160515
C[C@@H]1N[C@H](C)CN(C1)c1c(F)c(N)c2c(c1F)n(cc(c2=O)C(=O)O)C1CC1,non-penetrating,non-penetrating,0.8262885689370658,0.17371143106293413
CSCc1cnc(c(c1CNCC)O)C,penetrating,penetrating,0.22450891238606252,0.7754910876139375
O=C(C1=C(O)c2sccc2S(=O)(=O)N1C)Nc1ccccn1,non-penetrating,non-penetrating,0.8312376071424189,0.16876239285758107
O[C@@H](c1ccc(cc1)C(C)(C)C)CCCN1CCC(CC1)C(c1ccccc1)(c1ccccc1)O,non-penetrating,penetrating,0.27572287485060853,0.7242771251493915
O=C1CC[C@]2(C(=C1)CC[C@@H]1[C@@H]2CC[C@]2([C@H]1CC[C@@H]2O)C)C,penetrating,penetrating,0.027480513010985863,0.9725194869890141
O=C(N([C@H]1CCCC[C@H]1N1CCCC1)C)Cc1ccc(c(c1)Cl)Cl,penetrating,penetrating,0.019013615874148293,0.9809863841258517
