Source Name	Characteristics[Strain]	Factor Value[Compound]	Comment [ChEMBL ID]	Characteristics[Compound Class]	Characteristics[Control]	Characteristics[Sample Match]	Factor Value[Dose]	Characteristics[DoseUnit]	Characteristics[Vehicle]	array_file
VUB-1-A-24h-R-1-1	Primary rat hepatocytes TSA-treated	untreated		CTRL	TRUE				medium	carcinogenomics_VUB-1-A-24h-R-1-1.CEL
VUB-1-A-72h-R-1-1	Primary rat hepatocytes TSA-treated	untreated		CTRL	TRUE				medium	carcinogenomics_VUB-1-A-72h-R-1-1.CEL
VUB-1-B-24h-R-1-1	Primary rat hepatocytes TSA-treated	dimethyl sulfoxide	CHEMBL504	DMSO	TRUE		0.5	percent	DMSO	carcinogenomics_VUB-1-B-24h-R-1-1.CEL
VUB-1-B-72h-R-1-1	Primary rat hepatocytes TSA-treated	dimethyl sulfoxide	CHEMBL504	DMSO	TRUE		0.5	percent	DMSO	carcinogenomics_VUB-1-B-72h-R-1-1.CEL
VUB-1-C-24h-R-1-1	Primary rat hepatocytes TSA-treated	methapyrilene hydrochloride	CHEMBL1255739	Non-genotoxic	FALSE	VUB-1-B-24h-R-1-1	15.027	micromolar	DMSO	carcinogenomics_VUB-1-C-24h-R-1-1.CEL
VUB-1-C-72h-R-1-1	Primary rat hepatocytes TSA-treated	methapyrilene hydrochloride	CHEMBL1255739	Non-genotoxic	FALSE	VUB-1-B-72h-R-1-1	15.027	micromolar	DMSO	carcinogenomics_VUB-1-C-72h-R-1-1.CEL
VUB-1-D-24h-R-1-1	Primary rat hepatocytes TSA-treated	methapyrilene hydrochloride	CHEMBL1255739	Non-genotoxic	FALSE	VUB-1-B-24h-R-1-1	3.5485	micromolar	DMSO	carcinogenomics_VUB-1-D-24h-R-1-1.CEL
VUB-1-D-72h-R-1-1	Primary rat hepatocytes TSA-treated	methapyrilene hydrochloride	CHEMBL1255739	Non-genotoxic	FALSE	VUB-1-B-72h-R-1-1	3.5485	micromolar	DMSO	carcinogenomics_VUB-1-D-72h-R-1-1.CEL
VUB-1-E-24h-R-1-1	Primary rat hepatocytes TSA-treated	methapyrilene hydrochloride	CHEMBL1255739	Non-genotoxic	FALSE	VUB-1-B-24h-R-1-1	1.77425	micromolar	DMSO	carcinogenomics_VUB-1-E-24h-R-1-1.CEL
VUB-1-E-72h-R-1-1	Primary rat hepatocytes TSA-treated	methapyrilene hydrochloride	CHEMBL1255739	Non-genotoxic	FALSE	VUB-1-B-72h-R-1-1	1.77425	micromolar	DMSO	carcinogenomics_VUB-1-E-72h-R-1-1.CEL
VUB-1-F-24h-R-1-1	Primary rat hepatocytes non TSA-treated	untreated		CTRL	TRUE				medium	carcinogenomics_VUB-1-F-24h-R-1-1.CEL
VUB-1-F-72h-R-1-1	Primary rat hepatocytes non TSA-treated	untreated		CTRL	TRUE				medium	carcinogenomics_VUB-1-F-72h-R-1-1.CEL
VUB-1-G-24h-R-1-1	Primary rat hepatocytes non TSA-treated	dimethyl sulfoxide	CHEMBL504	DMSO	TRUE		0.5	percent	DMSO	carcinogenomics_VUB-1-G-24h-R-1-1.CEL
VUB-1-G-72h-R-1-1	Primary rat hepatocytes non TSA-treated	dimethyl sulfoxide	CHEMBL504	DMSO	TRUE		0.5	percent	DMSO	carcinogenomics_VUB-1-G-72h-R-1-1.CEL
VUB-1-H-24h-R-1-1	Primary rat hepatocytes non TSA-treated	methapyrilene hydrochloride	CHEMBL1255739	Non-genotoxic	FALSE	VUB-1-G-24h-R-1-1	35.4455	micromolar	DMSO	carcinogenomics_VUB-1-H-24h-R-1-1.CEL
VUB-1-H-72h-R-1-1	Primary rat hepatocytes non TSA-treated	methapyrilene hydrochloride	CHEMBL1255739	Non-genotoxic	FALSE	VUB-1-G-72h-R-1-1	35.4455	micromolar	DMSO	carcinogenomics_VUB-1-H-72h-R-1-1.CEL
VUB-1-I-24h-R-1-1	Primary rat hepatocytes non TSA-treated	methapyrilene hydrochloride	CHEMBL1255739	Non-genotoxic	FALSE	VUB-1-G-24h-R-1-1	8.526	micromolar	DMSO	carcinogenomics_VUB-1-I-24h-R-1-1.CEL
VUB-1-I-24h-R-1-2	Primary rat hepatocytes non TSA-treated	methapyrilene hydrochloride	CHEMBL1255739	Non-genotoxic	FALSE	VUB-1-G-24h-R-1-1	8.526	micromolar	DMSO	carcinogenomics_VUB-1-I-24h-R-1-2.CEL
VUB-1-I-72h-R-1-1	Primary rat hepatocytes non TSA-treated	methapyrilene hydrochloride	CHEMBL1255739	Non-genotoxic	FALSE	VUB-1-G-72h-R-1-1	8.526	micromolar	DMSO	carcinogenomics_VUB-1-I-72h-R-1-1.CEL
VUB-1-J-24h-R-1-1	Primary rat hepatocytes non TSA-treated	methapyrilene hydrochloride	CHEMBL1255739	Non-genotoxic	FALSE	VUB-1-G-24h-R-1-1	4.263	micromolar	DMSO	carcinogenomics_VUB-1-J-24h-R-1-1.CEL
VUB-1-J-72h-R-1-1	Primary rat hepatocytes non TSA-treated	methapyrilene hydrochloride	CHEMBL1255739	Non-genotoxic	FALSE	VUB-1-G-72h-R-1-1	4.263	micromolar	DMSO	carcinogenomics_VUB-1-J-72h-R-1-1.CEL
VUB-10-AD-72h-R-3-1	Primary rat hepatocytes non TSA-treated	untreated		CTRL	TRUE				Medium	carcinogenomics_VUB-10-AD-72h-R-3-1.CEL
VUB-10-BD-72h-R-3-1	Primary rat hepatocytes non TSA-treated	dimethyl sulfoxide	CHEMBL504	DMSO	TRUE		0.5	percent	DMSO	carcinogenomics_VUB-10-BD-72h-R-3-1.CEL
VUB-10-CD-24h-R-1-1	Primary rat hepatocytes non TSA-treated	dimethyl sulfoxide	CHEMBL504	DMSO	TRUE		0.5	percent	DMSO	carcinogenomics_VUB-10-CD-24h-R-1-1.CEL
VUB-10-CT-24h-R-1-1	Primary rat hepatocytes TSA-treated	dimethyl sulfoxide	CHEMBL504	DMSO	TRUE		0.5	percent	DMSO	carcinogenomics_VUB-10-CT-24h-R-1-1.CEL
VUB-10-ED-72h-R-3-1	Primary rat hepatocytes non TSA-treated	D-mannitol	CHEMBL689	Non-carcinogen	FALSE	VUB-10-AD-72h-R-3-1	10000	micromolar	Medium	carcinogenomics_VUB-10-ED-72h-R-3-1.CEL
VUB-10-FT-24h-R-1-1	Primary rat hepatocytes TSA-treated	nifedipine	CHEMBL193	Non-carcinogen	FALSE	VUB-10-CT-24h-R-1-1	156	micromolar	DMSO	carcinogenomics_VUB-10-FT-24h-R-1-1.CEL
VUB-10-GD-72h-R-3-1	Primary rat hepatocytes non TSA-treated	benzo[a]pyrene	CHEMBL31184	Genotoxic	FALSE	VUB-10-BD-72h-R-3-1	40	micromolar	DMSO	carcinogenomics_VUB-10-GD-72h-R-3-1.CEL
VUB-10-ND-24h-R-1-1	Primary rat hepatocytes non TSA-treated	nifedipine	CHEMBL193	Non-carcinogen	FALSE	VUB-10-CD-24h-R-1-1	78	micromolar	DMSO	carcinogenomics_VUB-10-ND-24h-R-1-1.CEL
VUB-2-A-24h-R-2-1	Primary rat hepatocytes TSA-treated	untreated		CTRL	TRUE				medium	carcinogenomics_VUB-2-A-24h-R-2-1.CEL
VUB-2-A-72h-R-2-1	Primary rat hepatocytes TSA-treated	untreated		CTRL	TRUE				medium	carcinogenomics_VUB-2-A-72h-R-2-1.CEL
VUB-2-B-24h-R-2-1	Primary rat hepatocytes TSA-treated	dimethyl sulfoxide	CHEMBL504	DMSO	TRUE		0.5	percent	DMSO	carcinogenomics_VUB-2-B-24h-R-2-1.CEL
VUB-2-B-72h-R-2-1	Primary rat hepatocytes TSA-treated	dimethyl sulfoxide	CHEMBL504	DMSO	TRUE		0.5	percent	DMSO	carcinogenomics_VUB-2-B-72h-R-2-1.CEL
VUB-2-C-24h-R-2-1	Primary rat hepatocytes TSA-treated	methapyrilene hydrochloride	CHEMBL1255739	Non-genotoxic	FALSE	VUB-2-B-24h-R-2-1	15.027	micromolar	DMSO	carcinogenomics_VUB-2-C-24h-R-2-1.CEL
VUB-2-C-72h-R-2-1	Primary rat hepatocytes TSA-treated	methapyrilene hydrochloride	CHEMBL1255739	Non-genotoxic	FALSE	VUB-2-B-72h-R-2-1	15.027	micromolar	DMSO	carcinogenomics_VUB-2-C-72h-R-2-1.CEL
VUB-2-D-24h-R-2-1	Primary rat hepatocytes TSA-treated	methapyrilene hydrochloride	CHEMBL1255739	Non-genotoxic	FALSE	VUB-2-B-24h-R-2-1	3.5485	micromolar	DMSO	carcinogenomics_VUB-2-D-24h-R-2-1.CEL
VUB-2-D-72h-R-2-1	Primary rat hepatocytes TSA-treated	methapyrilene hydrochloride	CHEMBL1255739	Non-genotoxic	FALSE	VUB-2-B-72h-R-2-1	3.5485	micromolar	DMSO	carcinogenomics_VUB-2-D-72h-R-2-1.CEL
VUB-2-E-24h-R-2-1	Primary rat hepatocytes TSA-treated	methapyrilene hydrochloride	CHEMBL1255739	Non-genotoxic	FALSE	VUB-2-B-24h-R-2-1	1.77425	micromolar	DMSO	carcinogenomics_VUB-2-E-24h-R-2-1.CEL
VUB-2-E-72h-R-2-1	Primary rat hepatocytes TSA-treated	methapyrilene hydrochloride	CHEMBL1255739	Non-genotoxic	FALSE	VUB-2-B-72h-R-2-1	1.77425	micromolar	DMSO	carcinogenomics_VUB-2-E-72h-R-2-1.CEL
VUB-2-F-24h-R-2-1	Primary rat hepatocytes non TSA-treated	untreated		CTRL	TRUE				medium	carcinogenomics_VUB-2-F-24h-R-2-1.CEL
VUB-2-F-72h-R-2-1	Primary rat hepatocytes non TSA-treated	untreated		CTRL	TRUE				medium	carcinogenomics_VUB-2-F-72h-R-2-1.CEL
VUB-2-G-24h-R-2-1	Primary rat hepatocytes non TSA-treated	dimethyl sulfoxide	CHEMBL504	DMSO	TRUE		0.5	percent	DMSO	carcinogenomics_VUB-2-G-24h-R-2-1.CEL
VUB-2-G-72h-R-2-1	Primary rat hepatocytes non TSA-treated	dimethyl sulfoxide	CHEMBL504	DMSO	TRUE		0.5	percent	DMSO	carcinogenomics_VUB-2-G-72h-R-2-1.CEL
VUB-2-H-24h-R-2-1	Primary rat hepatocytes non TSA-treated	methapyrilene hydrochloride	CHEMBL1255739	Non-genotoxic	FALSE	VUB-2-G-24h-R-2-1	35.4455	micromolar	DMSO	carcinogenomics_VUB-2-H-24h-R-2-1.CEL
VUB-2-H-72h-R-2-1	Primary rat hepatocytes non TSA-treated	methapyrilene hydrochloride	CHEMBL1255739	Non-genotoxic	FALSE	VUB-2-G-72h-R-2-1	35.4455	micromolar	DMSO	carcinogenomics_VUB-2-H-72h-R-2-1.CEL
VUB-2-I-24h-R-2-1	Primary rat hepatocytes non TSA-treated	methapyrilene hydrochloride	CHEMBL1255739	Non-genotoxic	FALSE	VUB-2-G-24h-R-2-1	8.526	micromolar	DMSO	carcinogenomics_VUB-2-I-24h-R-2-1.CEL
VUB-2-I-72h-R-2-1	Primary rat hepatocytes non TSA-treated	methapyrilene hydrochloride	CHEMBL1255739	Non-genotoxic	FALSE	VUB-2-G-72h-R-2-1	8.526	micromolar	DMSO	carcinogenomics_VUB-2-I-72h-R-2-1.CEL
VUB-2-J-24h-R-2-1	Primary rat hepatocytes non TSA-treated	methapyrilene hydrochloride	CHEMBL1255739	Non-genotoxic	FALSE	VUB-2-G-24h-R-2-1	4.263	micromolar	DMSO	carcinogenomics_VUB-2-J-24h-R-2-1.CEL
VUB-2-J-72h-R-2-1	Primary rat hepatocytes non TSA-treated	methapyrilene hydrochloride	CHEMBL1255739	Non-genotoxic	FALSE	VUB-2-G-72h-R-2-1	4.263	micromolar	DMSO	carcinogenomics_VUB-2-J-72h-R-2-1.CEL
VUB-3-A-24h-R-3-1	Primary rat hepatocytes TSA-treated	untreated		CTRL	TRUE				medium	carcinogenomics_VUB-3-A-24h-R-3-1.CEL
VUB-3-A-72h-R-3-1	Primary rat hepatocytes TSA-treated	untreated		CTRL	TRUE				medium	carcinogenomics_VUB-3-A-72h-R-3-1.CEL
VUB-3-B-24h-R-3-1	Primary rat hepatocytes TSA-treated	dimethyl sulfoxide	CHEMBL504	DMSO	TRUE		0.5	percent	DMSO	carcinogenomics_VUB-3-B-24h-R-3-1.CEL
VUB-3-B-72h-R-3-1	Primary rat hepatocytes TSA-treated	dimethyl sulfoxide	CHEMBL504	DMSO	TRUE		0.5	percent	DMSO	carcinogenomics_VUB-3-B-72h-R-3-1.CEL
VUB-3-C-24h-R-3-1	Primary rat hepatocytes TSA-treated	methapyrilene hydrochloride	CHEMBL1255739	Non-genotoxic	FALSE	VUB-3-B-24h-R-3-1	15.027	micromolar	DMSO	carcinogenomics_VUB-3-C-24h-R-3-1.CEL
VUB-3-C-72h-R-3-1	Primary rat hepatocytes TSA-treated	methapyrilene hydrochloride	CHEMBL1255739	Non-genotoxic	FALSE	VUB-3-B-72h-R-3-1	15.027	micromolar	DMSO	carcinogenomics_VUB-3-C-72h-R-3-1.CEL
VUB-3-D-24h-R-3-1	Primary rat hepatocytes TSA-treated	methapyrilene hydrochloride	CHEMBL1255739	Non-genotoxic	FALSE	VUB-3-B-24h-R-3-1	3.5485	micromolar	DMSO	carcinogenomics_VUB-3-D-24h-R-3-1.CEL
VUB-3-D-72h-R-3-1	Primary rat hepatocytes TSA-treated	methapyrilene hydrochloride	CHEMBL1255739	Non-genotoxic	FALSE	VUB-3-B-72h-R-3-1	3.5485	micromolar	DMSO	carcinogenomics_VUB-3-D-72h-R-3-1.CEL
VUB-3-E-24h-R-3-1	Primary rat hepatocytes TSA-treated	methapyrilene hydrochloride	CHEMBL1255739	Non-genotoxic	FALSE	VUB-3-B-24h-R-3-1	1.77425	micromolar	DMSO	carcinogenomics_VUB-3-E-24h-R-3-1.CEL
VUB-3-E-72h-R-3-1	Primary rat hepatocytes TSA-treated	methapyrilene hydrochloride	CHEMBL1255739	Non-genotoxic	FALSE	VUB-3-B-72h-R-3-1	1.77425	micromolar	DMSO	carcinogenomics_VUB-3-E-72h-R-3-1.CEL
VUB-3-F-24h-R-3-1	Primary rat hepatocytes non TSA-treated	untreated		CTRL	TRUE				medium	carcinogenomics_VUB-3-F-24h-R-3-1.CEL
VUB-3-F-72h-R-3-1	Primary rat hepatocytes non TSA-treated	untreated		CTRL	TRUE				medium	carcinogenomics_VUB-3-F-72h-R-3-1.CEL
VUB-3-G-24h-R-3-1	Primary rat hepatocytes non TSA-treated	dimethyl sulfoxide	CHEMBL504	DMSO	TRUE		0.5	percent	DMSO	carcinogenomics_VUB-3-G-24h-R-3-1.CEL
VUB-3-G-72h-R-3-1	Primary rat hepatocytes non TSA-treated	dimethyl sulfoxide	CHEMBL504	DMSO	TRUE		0.5	percent	DMSO	carcinogenomics_VUB-3-G-72h-R-3-1.CEL
VUB-3-H-24h-R-3-1	Primary rat hepatocytes non TSA-treated	methapyrilene hydrochloride	CHEMBL1255739	Non-genotoxic	FALSE	VUB-3-G-24h-R-3-1	35.4455	micromolar	DMSO	carcinogenomics_VUB-3-H-24h-R-3-1.CEL
VUB-3-H-72h-R-3-1	Primary rat hepatocytes non TSA-treated	methapyrilene hydrochloride	CHEMBL1255739	Non-genotoxic	FALSE	VUB-3-G-72h-R-3-1	35.4455	micromolar	DMSO	carcinogenomics_VUB-3-H-72h-R-3-1.CEL
VUB-3-I-24h-R-3-1	Primary rat hepatocytes non TSA-treated	methapyrilene hydrochloride	CHEMBL1255739	Non-genotoxic	FALSE	VUB-3-G-24h-R-3-1	8.526	micromolar	DMSO	carcinogenomics_VUB-3-I-24h-R-3-1.CEL
VUB-3-I-72h-R-3-1	Primary rat hepatocytes non TSA-treated	methapyrilene hydrochloride	CHEMBL1255739	Non-genotoxic	FALSE	VUB-3-G-72h-R-3-1	8.526	micromolar	DMSO	carcinogenomics_VUB-3-I-72h-R-3-1.CEL
VUB-3-J-24h-R-3-1	Primary rat hepatocytes non TSA-treated	methapyrilene hydrochloride	CHEMBL1255739	Non-genotoxic	FALSE	VUB-3-G-24h-R-3-1	4.263	micromolar	DMSO	carcinogenomics_VUB-3-J-24h-R-3-1.CEL
VUB-3-J-72h-R-3-1	Primary rat hepatocytes non TSA-treated	methapyrilene hydrochloride	CHEMBL1255739	Non-genotoxic	FALSE	VUB-3-G-72h-R-3-1	4.263	micromolar	DMSO	carcinogenomics_VUB-3-J-72h-R-3-1.CEL
VUB-4-AD-24h-R-1-1	Primary rat hepatocytes non TSA-treated	untreated		CTRL	TRUE				medium	carcinogenomics_VUB-4-AD-24h-R-1-1.CEL
VUB-4-AT-24h-R-1-1	Primary rat hepatocytes TSA-treated	untreated		CTRL	TRUE				medium	carcinogenomics_VUB-4-AT-24h-R-1-1.CEL
VUB-4-BD-24h-R-1-1	Primary rat hepatocytes non TSA-treated	dimethyl sulfoxide	CHEMBL504	DMSO	TRUE		0.5	percent	DMSO	carcinogenomics_VUB-4-BD-24h-R-1-1.CEL
VUB-4-BT-24h-R-1-1	Primary rat hepatocytes TSA-treated	dimethyl sulfoxide	CHEMBL504	DMSO	TRUE		0.5	percent	DMSO	carcinogenomics_VUB-4-BT-24h-R-1-1.CEL
VUB-4-CD-24h-R-1-1	Primary rat hepatocytes non TSA-treated	dimethyl sulfoxide	CHEMBL504	DMSO	TRUE		0.5	percent	DMSO	carcinogenomics_VUB-4-CD-24h-R-1-1.CEL
VUB-4-CT-24h-R-1-1	Primary rat hepatocytes TSA-treated	dimethyl sulfoxide	CHEMBL504	DMSO	TRUE		0.5	percent	DMSO	carcinogenomics_VUB-4-CT-24h-R-1-1.CEL
VUB-4-DD-24h-R-1-1	Primary rat hepatocytes non TSA-treated	diclofenac sodium	CHEMBL1034	Non-carcinogen	FALSE	VUB-4-AD-24h-R-1-1	19.19	micromolar	Medium	carcinogenomics_VUB-4-DD-24h-R-1-1.CEL
VUB-4-DT-24h-R-1-1	Primary rat hepatocytes TSA-treated	diclofenac sodium	CHEMBL1034	Non-carcinogen	FALSE	VUB-4-AT-24h-R-1-1	15.98	micromolar	Medium	carcinogenomics_VUB-4-DT-24h-R-1-1.CEL
VUB-4-ED-24h-R-1-1	Primary rat hepatocytes non TSA-treated	D-mannitol	CHEMBL689	Non-carcinogen	FALSE	VUB-4-AD-24h-R-1-1	10000	micromolar	Medium	carcinogenomics_VUB-4-ED-24h-R-1-1.CEL
VUB-4-ET-24h-R-1-1	Primary rat hepatocytes TSA-treated	D-mannitol	CHEMBL689	Non-carcinogen	FALSE	VUB-4-AT-24h-R-1-1	10000	micromolar	Medium	carcinogenomics_VUB-4-ET-24h-R-1-1.CEL
VUB-4-FD-24h-R-1-1	Primary rat hepatocytes non TSA-treated	nifedipine	CHEMBL193	Non-carcinogen	FALSE	VUB-4-BD-24h-R-1-1	156	micromolar	DMSO	carcinogenomics_VUB-4-FD-24h-R-1-1.CEL
VUB-4-FT-24h-R-1-1	Primary rat hepatocytes TSA-treated	nifedipine	CHEMBL193	Non-carcinogen	FALSE	VUB-4-BT-24h-R-1-1	156	micromolar	DMSO	carcinogenomics_VUB-4-FT-24h-R-1-1.CEL
VUB-4-FT-24h-R-1-1B	Primary rat hepatocytes TSA-treated	nifedipine	CHEMBL193	Non-carcinogen	FALSE	VUB-4-BT-24h-R-1-1	156	micromolar	DMSO	carcinogenomics_VUB-4-FT-24h-R-1-1B.CEL
VUB-4-GD-24h-R-1-1	Primary rat hepatocytes non TSA-treated	benzo[a]pyrene	CHEMBL31184	Genotoxic	FALSE	VUB-4-CD-24h-R-1-1	40	micromolar	DMSO	carcinogenomics_VUB-4-GD-24h-R-1-1.CEL
VUB-4-GT-24h-R-1-1	Primary rat hepatocytes TSA-treated	benzo[a]pyrene	CHEMBL31184	Genotoxic	FALSE	VUB-4-CT-24h-R-1-1	40	micromolar	DMSO	carcinogenomics_VUB-4-GT-24h-R-1-1.CEL
VUB-4-HD-24h-R-1-1	Primary rat hepatocytes non TSA-treated	phenobarbital sodium	CHEMBL149972	Non-genotoxic	FALSE	VUB-4-AD-24h-R-1-1	660	micromolar	Medium	carcinogenomics_VUB-4-HD-24h-R-1-1.CEL
VUB-4-HT-24h-R-1-1	Primary rat hepatocytes TSA-treated	phenobarbital sodium	CHEMBL149972	Non-genotoxic	FALSE	VUB-4-AT-24h-R-1-1	600	micromolar	Medium	carcinogenomics_VUB-4-HT-24h-R-1-1.CEL
VUB-4-ID-24h-R-1-1	Primary rat hepatocytes non TSA-treated	2-nitrofluorene	CHEMBL351487	Genotoxic	FALSE	VUB-4-BD-24h-R-1-1	78	micromolar	DMSO	carcinogenomics_VUB-4-ID-24h-R-1-1.CEL
VUB-4-IT-24h-R-1-1	Primary rat hepatocytes TSA-treated	2-nitrofluorene	CHEMBL351487	Genotoxic	FALSE	VUB-4-BT-24h-R-1-1	78	micromolar	DMSO	carcinogenomics_VUB-4-IT-24h-R-1-1.CEL
VUB-4-JD-24h-R-1-1	Primary rat hepatocytes non TSA-treated	4-(N-nitrosomethylamino)-1-(3-pyridyl)butan-1-one		Genotoxic	FALSE	VUB-4-AD-24h-R-1-1	650	micromolar	Medium	carcinogenomics_VUB-4-JD-24h-R-1-1.CEL
VUB-4-JT-24h-R-1-1	Primary rat hepatocytes TSA-treated	4-(N-nitrosomethylamino)-1-(3-pyridyl)butan-1-one		Genotoxic	FALSE	VUB-4-AT-24h-R-1-1	256	micromolar	Medium	carcinogenomics_VUB-4-JT-24h-R-1-1.CEL
VUB-4-KD-24h-R-1-1	Primary rat hepatocytes non TSA-treated	piperonyl butoxide	CHEMBL1201131	Non-genotoxic	FALSE	VUB-4-BD-24h-R-1-1	13.44	micromolar	DMSO	carcinogenomics_VUB-4-KD-24h-R-1-1.CEL
VUB-4-KT-24h-R-1-1	Primary rat hepatocytes TSA-treated	piperonyl butoxide	CHEMBL1201131	Non-genotoxic	FALSE	VUB-4-BT-24h-R-1-1	11.31	micromolar	DMSO	carcinogenomics_VUB-4-KT-24h-R-1-1.CEL
VUB-4-LD-24h-R-1-1	Primary rat hepatocytes non TSA-treated	diclofenac sodium	CHEMBL1034	Non-carcinogen	FALSE	VUB-4-AD-24h-R-1-1	9.595	micromolar	Medium	carcinogenomics_VUB-4-LD-24h-R-1-1.CEL
VUB-4-LT-24h-R-1-1	Primary rat hepatocytes TSA-treated	diclofenac sodium	CHEMBL1034	Non-carcinogen	FALSE	VUB-4-AT-24h-R-1-1	7.99	micromolar	Medium	carcinogenomics_VUB-4-LT-24h-R-1-1.CEL
VUB-4-MD-24h-R-1-1	Primary rat hepatocytes non TSA-treated	D-mannitol	CHEMBL689	Non-carcinogen	FALSE	VUB-4-AD-24h-R-1-1	5000	micromolar	Medium	carcinogenomics_VUB-4-MD-24h-R-1-1.CEL
VUB-4-MT-24h-R-1-1	Primary rat hepatocytes TSA-treated	D-mannitol	CHEMBL689	Non-carcinogen	FALSE	VUB-4-AT-24h-R-1-1	5000	micromolar	Medium	carcinogenomics_VUB-4-MT-24h-R-1-1.CEL
VUB-4-ND-24h-R-1-1	Primary rat hepatocytes non TSA-treated	nifedipine	CHEMBL193	Non-carcinogen	FALSE	VUB-4-BD-24h-R-1-1	78	micromolar	DMSO	carcinogenomics_VUB-4-ND-24h-R-1-1.CEL
VUB-4-ND-24h-R-1-1B	Primary rat hepatocytes non TSA-treated	nifedipine	CHEMBL193	Non-carcinogen	FALSE	VUB-4-BD-24h-R-1-1	78	micromolar	DMSO	carcinogenomics_VUB-4-ND-24h-R-1-1B.CEL
VUB-4-NT-24h-R-1-1	Primary rat hepatocytes TSA-treated	nifedipine	CHEMBL193	Non-carcinogen	FALSE	VUB-4-BT-24h-R-1-1	78	micromolar	DMSO	carcinogenomics_VUB-4-NT-24h-R-1-1.CEL
VUB-4-OD-24h-R-1-1	Primary rat hepatocytes non TSA-treated	benzo[a]pyrene	CHEMBL31184	Genotoxic	FALSE	VUB-4-CD-24h-R-1-1	20	micromolar	DMSO	carcinogenomics_VUB-4-OD-24h-R-1-1.CEL
VUB-4-OT-24h-R-1-1	Primary rat hepatocytes TSA-treated	benzo[a]pyrene	CHEMBL31184	Genotoxic	FALSE	VUB-4-CT-24h-R-1-1	20	micromolar	DMSO	carcinogenomics_VUB-4-OT-24h-R-1-1.CEL
VUB-4-PD-24h-R-1-1	Primary rat hepatocytes non TSA-treated	phenobarbital sodium	CHEMBL149972	Non-genotoxic	FALSE	VUB-4-AD-24h-R-1-1	330	micromolar	Medium	carcinogenomics_VUB-4-PD-24h-R-1-1.CEL
VUB-4-PT-24h-R-1-1	Primary rat hepatocytes TSA-treated	phenobarbital sodium	CHEMBL149972	Non-genotoxic	FALSE	VUB-4-AT-24h-R-1-1	300	micromolar	Medium	carcinogenomics_VUB-4-PT-24h-R-1-1.CEL
VUB-4-QD-24h-R-1-1	Primary rat hepatocytes non TSA-treated	2-nitrofluorene	CHEMBL351487	Genotoxic	FALSE	VUB-4-BD-24h-R-1-1	39	micromolar	DMSO	carcinogenomics_VUB-4-QD-24h-R-1-1.CEL
VUB-4-QT-24h-R-1-1	Primary rat hepatocytes TSA-treated	2-nitrofluorene	CHEMBL351487	Genotoxic	FALSE	VUB-4-BT-24h-R-1-1	39	micromolar	DMSO	carcinogenomics_VUB-4-QT-24h-R-1-1.CEL
VUB-4-RD-24h-R-1-1	Primary rat hepatocytes non TSA-treated	4-(N-nitrosomethylamino)-1-(3-pyridyl)butan-1-one		Genotoxic	FALSE	VUB-4-AD-24h-R-1-1	325	micromolar	Medium	carcinogenomics_VUB-4-RD-24h-R-1-1.CEL
VUB-4-RT-24h-R-1-1	Primary rat hepatocytes TSA-treated	4-(N-nitrosomethylamino)-1-(3-pyridyl)butan-1-one		Genotoxic	FALSE	VUB-4-AT-24h-R-1-1	156	micromolar	Medium	carcinogenomics_VUB-4-RT-24h-R-1-1.CEL
VUB-4-SD-24h-R-1-1	Primary rat hepatocytes non TSA-treated	piperonyl butoxide	CHEMBL1201131	Non-genotoxic	FALSE	VUB-4-BD-24h-R-1-1	6.72	micromolar	DMSO	carcinogenomics_VUB-4-SD-24h-R-1-1.CEL
VUB-4-ST-24h-R-1-1	Primary rat hepatocytes TSA-treated	piperonyl butoxide	CHEMBL1201131	Non-genotoxic	FALSE	VUB-4-BT-24h-R-1-1	5.655	micromolar	DMSO	carcinogenomics_VUB-4-ST-24h-R-1-1.CEL
VUB-5-AD-24h-R-2-1	Primary rat hepatocytes non TSA-treated	untreated		CTRL	TRUE				medium	carcinogenomics_VUB-5-AD-24h-R-2-1.CEL
VUB-5-AT-24h-R-2-1	Primary rat hepatocytes TSA-treated	untreated		CTRL	TRUE				medium	carcinogenomics_VUB-5-AT-24h-R-2-1.CEL
VUB-5-BD-24h-R-2-1	Primary rat hepatocytes non TSA-treated	dimethyl sulfoxide	CHEMBL504	DMSO	TRUE		0.5	percent	DMSO	carcinogenomics_VUB-5-BD-24h-R-2-1.CEL
VUB-5-BT-24h-R-2-1	Primary rat hepatocytes TSA-treated	dimethyl sulfoxide	CHEMBL504	DMSO	TRUE		0.5	percent	DMSO	carcinogenomics_VUB-5-BT-24h-R-2-1.CEL
VUB-5-CD-24h-R-2-1	Primary rat hepatocytes non TSA-treated	dimethyl sulfoxide	CHEMBL504	DMSO	TRUE		0.5	percent	DMSO	carcinogenomics_VUB-5-CD-24h-R-2-1.CEL
VUB-5-CT-24h-R-2-1	Primary rat hepatocytes TSA-treated	dimethyl sulfoxide	CHEMBL504	DMSO	TRUE		0.5	percent	DMSO	carcinogenomics_VUB-5-CT-24h-R-2-1.CEL
VUB-5-DD-24h-R-2-1	Primary rat hepatocytes non TSA-treated	diclofenac sodium	CHEMBL1034	Non-carcinogen	FALSE	VUB-5-AD-24h-R-2-1	19.19	micromolar	Medium	carcinogenomics_VUB-5-DD-24h-R-2-1.CEL
VUB-5-DT-24h-R-2-1	Primary rat hepatocytes TSA-treated	diclofenac sodium	CHEMBL1034	Non-carcinogen	FALSE	VUB-5-AT-24h-R-2-1	15.98	micromolar	Medium	carcinogenomics_VUB-5-DT-24h-R-2-1.CEL
VUB-5-ED-24h-R-2-1	Primary rat hepatocytes non TSA-treated	D-mannitol	CHEMBL689	Non-carcinogen	FALSE	VUB-5-AD-24h-R-2-1	10000	micromolar	Medium	carcinogenomics_VUB-5-ED-24h-R-2-1.CEL
VUB-5-ET-24h-R-2-1	Primary rat hepatocytes TSA-treated	D-mannitol	CHEMBL689	Non-carcinogen	FALSE	VUB-5-AT-24h-R-2-1	10000	micromolar	Medium	carcinogenomics_VUB-5-ET-24h-R-2-1.CEL
VUB-5-FD-24h-R-2-1	Primary rat hepatocytes non TSA-treated	nifedipine	CHEMBL193	Non-carcinogen	FALSE	VUB-5-BD-24h-R-2-1	156	micromolar	DMSO	carcinogenomics_VUB-5-FD-24h-R-2-1.CEL
VUB-5-FT-24h-R-2-1	Primary rat hepatocytes TSA-treated	nifedipine	CHEMBL193	Non-carcinogen	FALSE	VUB-5-BT-24h-R-2-1	156	micromolar	DMSO	carcinogenomics_VUB-5-FT-24h-R-2-1.CEL
VUB-5-GD-24h-R-2-1	Primary rat hepatocytes non TSA-treated	benzo[a]pyrene	CHEMBL31184	Genotoxic	FALSE	VUB-5-CD-24h-R-2-1	40	micromolar	DMSO	carcinogenomics_VUB-5-GD-24h-R-2-1.CEL
VUB-5-GT-24h-R-2-1	Primary rat hepatocytes TSA-treated	benzo[a]pyrene	CHEMBL31184	Genotoxic	FALSE	VUB-5-CT-24h-R-2-1	40	micromolar	DMSO	carcinogenomics_VUB-5-GT-24h-R-2-1.CEL
VUB-5-HD-24h-R-2-1	Primary rat hepatocytes non TSA-treated	phenobarbital sodium	CHEMBL149972	Non-genotoxic	FALSE	VUB-5-AD-24h-R-2-1	660	micromolar	Medium	carcinogenomics_VUB-5-HD-24h-R-2-1.CEL
VUB-5-HT-24h-R-2-1	Primary rat hepatocytes TSA-treated	phenobarbital sodium	CHEMBL149972	Non-genotoxic	FALSE	VUB-5-AT-24h-R-2-1	600	micromolar	Medium	carcinogenomics_VUB-5-HT-24h-R-2-1.CEL
VUB-5-ID-24h-R-2-1	Primary rat hepatocytes non TSA-treated	2-nitrofluorene	CHEMBL351487	Genotoxic	FALSE	VUB-5-BD-24h-R-2-1	78	micromolar	DMSO	carcinogenomics_VUB-5-ID-24h-R-2-1.CEL
VUB-5-IT-24h-R-2-1	Primary rat hepatocytes TSA-treated	2-nitrofluorene	CHEMBL351487	Genotoxic	FALSE	VUB-5-BT-24h-R-2-1	78	micromolar	DMSO	carcinogenomics_VUB-5-IT-24h-R-2-1.CEL
VUB-5-JD-24h-R-2-1	Primary rat hepatocytes non TSA-treated	4-(N-nitrosomethylamino)-1-(3-pyridyl)butan-1-one		Genotoxic	FALSE	VUB-5-AD-24h-R-2-1	650	micromolar	Medium	carcinogenomics_VUB-5-JD-24h-R-2-1.CEL
VUB-5-JT-24h-R-2-1	Primary rat hepatocytes TSA-treated	4-(N-nitrosomethylamino)-1-(3-pyridyl)butan-1-one		Genotoxic	FALSE	VUB-5-AT-24h-R-2-1	256	micromolar	Medium	carcinogenomics_VUB-5-JT-24h-R-2-1.CEL
VUB-5-KD-24h-R-2-1	Primary rat hepatocytes non TSA-treated	piperonyl butoxide	CHEMBL1201131	Non-genotoxic	FALSE	VUB-5-BD-24h-R-2-1	13.44	micromolar	DMSO	carcinogenomics_VUB-5-KD-24h-R-2-1.CEL
VUB-5-KT-24h-R-2-1	Primary rat hepatocytes TSA-treated	piperonyl butoxide	CHEMBL1201131	Non-genotoxic	FALSE	VUB-5-BT-24h-R-2-1	11.31	micromolar	DMSO	carcinogenomics_VUB-5-KT-24h-R-2-1.CEL
VUB-5-LD-24h-R-2-1	Primary rat hepatocytes non TSA-treated	diclofenac sodium	CHEMBL1034	Non-carcinogen	FALSE	VUB-5-AD-24h-R-2-1	9.595	micromolar	Medium	carcinogenomics_VUB-5-LD-24h-R-2-1.CEL
VUB-5-LT-24h-R-2-1	Primary rat hepatocytes TSA-treated	diclofenac sodium	CHEMBL1034	Non-carcinogen	FALSE	VUB-5-AT-24h-R-2-1	7.99	micromolar	Medium	carcinogenomics_VUB-5-LT-24h-R-2-1.CEL
VUB-5-MD-24h-R-2-1	Primary rat hepatocytes non TSA-treated	D-mannitol	CHEMBL689	Non-carcinogen	FALSE	VUB-5-AD-24h-R-2-1	5000	micromolar	Medium	carcinogenomics_VUB-5-MD-24h-R-2-1.CEL
VUB-5-MT-24h-R-2-1	Primary rat hepatocytes TSA-treated	D-mannitol	CHEMBL689	Non-carcinogen	FALSE	VUB-5-AT-24h-R-2-1	5000	micromolar	Medium	carcinogenomics_VUB-5-MT-24h-R-2-1.CEL
VUB-5-ND-24h-R-2-1	Primary rat hepatocytes non TSA-treated	nifedipine	CHEMBL193	Non-carcinogen	FALSE	VUB-5-BD-24h-R-2-1	78	micromolar	DMSO	carcinogenomics_VUB-5-ND-24h-R-2-1.CEL
VUB-5-NT-24h-R-2-1	Primary rat hepatocytes TSA-treated	nifedipine	CHEMBL193	Non-carcinogen	FALSE	VUB-5-BT-24h-R-2-1	78	micromolar	DMSO	carcinogenomics_VUB-5-NT-24h-R-2-1.CEL
VUB-5-OD-24h-R-2-1	Primary rat hepatocytes non TSA-treated	benzo[a]pyrene	CHEMBL31184	Genotoxic	FALSE	VUB-5-CD-24h-R-2-1	20	micromolar	DMSO	carcinogenomics_VUB-5-OD-24h-R-2-1.CEL
VUB-5-OT-24h-R-2-1	Primary rat hepatocytes TSA-treated	benzo[a]pyrene	CHEMBL31184	Genotoxic	FALSE	VUB-5-CT-24h-R-2-1	20	micromolar	DMSO	carcinogenomics_VUB-5-OT-24h-R-2-1.CEL
VUB-5-PD-24h-R-2-1	Primary rat hepatocytes non TSA-treated	phenobarbital sodium	CHEMBL149972	Non-genotoxic	FALSE	VUB-5-AD-24h-R-2-1	330	micromolar	Medium	carcinogenomics_VUB-5-PD-24h-R-2-1.CEL
VUB-5-PT-24h-R-2-1	Primary rat hepatocytes TSA-treated	phenobarbital sodium	CHEMBL149972	Non-genotoxic	FALSE	VUB-5-AT-24h-R-2-1	300	micromolar	Medium	carcinogenomics_VUB-5-PT-24h-R-2-1.CEL
VUB-5-QD-24h-R-2-1	Primary rat hepatocytes non TSA-treated	2-nitrofluorene	CHEMBL351487	Genotoxic	FALSE	VUB-5-BD-24h-R-2-1	39	micromolar	DMSO	carcinogenomics_VUB-5-QD-24h-R-2-1.CEL
VUB-5-QT-24h-R-2-1	Primary rat hepatocytes TSA-treated	2-nitrofluorene	CHEMBL351487	Genotoxic	FALSE	VUB-5-BT-24h-R-2-1	39	micromolar	DMSO	carcinogenomics_VUB-5-QT-24h-R-2-1.CEL
VUB-5-RD-24h-R-2-1	Primary rat hepatocytes non TSA-treated	4-(N-nitrosomethylamino)-1-(3-pyridyl)butan-1-one		Genotoxic	FALSE	VUB-5-AD-24h-R-2-1	325	micromolar	Medium	carcinogenomics_VUB-5-RD-24h-R-2-1.CEL
VUB-5-RT-24h-R-2-1	Primary rat hepatocytes TSA-treated	4-(N-nitrosomethylamino)-1-(3-pyridyl)butan-1-one		Genotoxic	FALSE	VUB-5-AT-24h-R-2-1	156	micromolar	Medium	carcinogenomics_VUB-5-RT-24h-R-2-1.CEL
VUB-5-SD-24h-R-2-1	Primary rat hepatocytes non TSA-treated	piperonyl butoxide	CHEMBL1201131	Non-genotoxic	FALSE	VUB-5-BD-24h-R-2-1	6.72	micromolar	DMSO	carcinogenomics_VUB-5-SD-24h-R-2-1.CEL
VUB-5-ST-24h-R-2-1	Primary rat hepatocytes TSA-treated	piperonyl butoxide	CHEMBL1201131	Non-genotoxic	FALSE	VUB-5-BT-24h-R-2-1	5.655	micromolar	DMSO	carcinogenomics_VUB-5-ST-24h-R-2-1.CEL
VUB-6-AD-24h-R-3-1	Primary rat hepatocytes non TSA-treated	untreated		CTRL	TRUE				medium	carcinogenomics_VUB-6-AD-24h-R-3-1.CEL
VUB-6-AT-24h-R-3-1	Primary rat hepatocytes TSA-treated	untreated		CTRL	TRUE				medium	carcinogenomics_VUB-6-AT-24h-R-3-1.CEL
VUB-6-BD-24h-R-3-1	Primary rat hepatocytes non TSA-treated	dimethyl sulfoxide	CHEMBL504	DMSO	TRUE		0.5	percent	DMSO	carcinogenomics_VUB-6-BD-24h-R-3-1.CEL
VUB-6-BT-24h-R-3-1	Primary rat hepatocytes TSA-treated	dimethyl sulfoxide	CHEMBL504	DMSO	TRUE		0.5	percent	DMSO	carcinogenomics_VUB-6-BT-24h-R-3-1.CEL
VUB-6-CD-24h-R-3-1	Primary rat hepatocytes non TSA-treated	dimethyl sulfoxide	CHEMBL504	DMSO	TRUE		0.5	percent	DMSO	carcinogenomics_VUB-6-CD-24h-R-3-1.CEL
VUB-6-CT-24h-R-3-1	Primary rat hepatocytes TSA-treated	dimethyl sulfoxide	CHEMBL504	DMSO	TRUE		0.5	percent	DMSO	carcinogenomics_VUB-6-CT-24h-R-3-1.CEL
VUB-6-DD-24h-R-3-1	Primary rat hepatocytes non TSA-treated	diclofenac sodium	CHEMBL1034	Non-carcinogen	FALSE	VUB-6-AD-24h-R-3-1	19.19	micromolar	Medium	carcinogenomics_VUB-6-DD-24h-R-3-1.CEL
VUB-6-DT-24h-R-3-1	Primary rat hepatocytes TSA-treated	diclofenac sodium	CHEMBL1034	Non-carcinogen	FALSE	VUB-6-AT-24h-R-3-1	15.98	micromolar	Medium	carcinogenomics_VUB-6-DT-24h-R-3-1.CEL
VUB-6-ED-24h-R-3-1	Primary rat hepatocytes non TSA-treated	D-mannitol	CHEMBL689	Non-carcinogen	FALSE	VUB-6-AD-24h-R-3-1	10000	micromolar	Medium	carcinogenomics_VUB-6-ED-24h-R-3-1.CEL
VUB-6-ET-24h-R-3-1	Primary rat hepatocytes TSA-treated	D-mannitol	CHEMBL689	Non-carcinogen	FALSE	VUB-6-AT-24h-R-3-1	10000	micromolar	Medium	carcinogenomics_VUB-6-ET-24h-R-3-1.CEL
VUB-6-FD-24h-R-3-1	Primary rat hepatocytes non TSA-treated	nifedipine	CHEMBL193	Non-carcinogen	FALSE	VUB-6-BD-24h-R-3-1	156	micromolar	DMSO	carcinogenomics_VUB-6-FD-24h-R-3-1.CEL
VUB-6-FT-24h-R-3-1	Primary rat hepatocytes TSA-treated	nifedipine	CHEMBL193	Non-carcinogen	FALSE	VUB-6-BT-24h-R-3-1	156	micromolar	DMSO	carcinogenomics_VUB-6-FT-24h-R-3-1.CEL
VUB-6-GD-24h-R-3-1	Primary rat hepatocytes non TSA-treated	benzo[a]pyrene	CHEMBL31184	Genotoxic	FALSE	VUB-6-CD-24h-R-3-1	40	micromolar	DMSO	carcinogenomics_VUB-6-GD-24h-R-3-1.CEL
VUB-6-GT-24h-R-3-1	Primary rat hepatocytes TSA-treated	benzo[a]pyrene	CHEMBL31184	Genotoxic	FALSE	VUB-6-CT-24h-R-3-1	40	micromolar	DMSO	carcinogenomics_VUB-6-GT-24h-R-3-1.CEL
VUB-6-HD-24h-R-3-1	Primary rat hepatocytes non TSA-treated	phenobarbital sodium	CHEMBL149972	Non-genotoxic	FALSE	VUB-6-AD-24h-R-3-1	660	micromolar	Medium	carcinogenomics_VUB-6-HD-24h-R-3-1.CEL
VUB-6-HT-24h-R-3-1	Primary rat hepatocytes TSA-treated	phenobarbital sodium	CHEMBL149972	Non-genotoxic	FALSE	VUB-6-AT-24h-R-3-1	600	micromolar	Medium	carcinogenomics_VUB-6-HT-24h-R-3-1.CEL
VUB-6-ID-24h-R-3-1	Primary rat hepatocytes non TSA-treated	2-nitrofluorene	CHEMBL351487	Genotoxic	FALSE	VUB-6-BD-24h-R-3-1	78	micromolar	DMSO	carcinogenomics_VUB-6-ID-24h-R-3-1.CEL
VUB-6-IT-24h-R-3-1	Primary rat hepatocytes TSA-treated	2-nitrofluorene	CHEMBL351487	Genotoxic	FALSE	VUB-6-BT-24h-R-3-1	78	micromolar	DMSO	carcinogenomics_VUB-6-IT-24h-R-3-1.CEL
VUB-6-JD-24h-R-3-1	Primary rat hepatocytes non TSA-treated	4-(N-nitrosomethylamino)-1-(3-pyridyl)butan-1-one		Genotoxic	FALSE	VUB-6-AD-24h-R-3-1	650	micromolar	Medium	carcinogenomics_VUB-6-JD-24h-R-3-1.CEL
VUB-6-JT-24h-R-3-1	Primary rat hepatocytes TSA-treated	4-(N-nitrosomethylamino)-1-(3-pyridyl)butan-1-one		Genotoxic	FALSE	VUB-6-AT-24h-R-3-1	256	micromolar	Medium	carcinogenomics_VUB-6-JT-24h-R-3-1.CEL
VUB-6-KD-24h-R-3-1	Primary rat hepatocytes non TSA-treated	piperonyl butoxide	CHEMBL1201131	Non-genotoxic	FALSE	VUB-6-BD-24h-R-3-1	13.44	micromolar	DMSO	carcinogenomics_VUB-6-KD-24h-R-3-1.CEL
VUB-6-KT-24h-R-3-1	Primary rat hepatocytes TSA-treated	piperonyl butoxide	CHEMBL1201131	Non-genotoxic	FALSE	VUB-6-BT-24h-R-3-1	11.31	micromolar	DMSO	carcinogenomics_VUB-6-KT-24h-R-3-1.CEL
VUB-6-LD-24h-R-3-1	Primary rat hepatocytes non TSA-treated	diclofenac sodium	CHEMBL1034	Non-carcinogen	FALSE	VUB-6-AD-24h-R-3-1	9.595	micromolar	Medium	carcinogenomics_VUB-6-LD-24h-R-3-1.CEL
VUB-6-LT-24h-R-3-1	Primary rat hepatocytes TSA-treated	diclofenac sodium	CHEMBL1034	Non-carcinogen	FALSE	VUB-6-AT-24h-R-3-1	7.99	micromolar	Medium	carcinogenomics_VUB-6-LT-24h-R-3-1.CEL
VUB-6-MD-24h-R-3-1	Primary rat hepatocytes non TSA-treated	D-mannitol	CHEMBL689	Non-carcinogen	FALSE	VUB-6-AD-24h-R-3-1	5000	micromolar	Medium	carcinogenomics_VUB-6-MD-24h-R-3-1.CEL
VUB-6-MT-24h-R-3-1	Primary rat hepatocytes TSA-treated	D-mannitol	CHEMBL689	Non-carcinogen	FALSE	VUB-6-AT-24h-R-3-1	5000	micromolar	Medium	carcinogenomics_VUB-6-MT-24h-R-3-1.CEL
VUB-6-ND-24h-R-3-1	Primary rat hepatocytes non TSA-treated	nifedipine	CHEMBL193	Non-carcinogen	FALSE	VUB-6-BD-24h-R-3-1	78	micromolar	DMSO	carcinogenomics_VUB-6-ND-24h-R-3-1.CEL
VUB-6-NT-24h-R-3-1	Primary rat hepatocytes TSA-treated	nifedipine	CHEMBL193	Non-carcinogen	FALSE	VUB-6-BT-24h-R-3-1	78	micromolar	DMSO	carcinogenomics_VUB-6-NT-24h-R-3-1.CEL
VUB-6-OD-24h-R-3-1	Primary rat hepatocytes non TSA-treated	benzo[a]pyrene	CHEMBL31184	Genotoxic	FALSE	VUB-6-CD-24h-R-3-1	20	micromolar	DMSO	carcinogenomics_VUB-6-OD-24h-R-3-1.CEL
VUB-6-OT-24h-R-3-1	Primary rat hepatocytes TSA-treated	benzo[a]pyrene	CHEMBL31184	Genotoxic	FALSE	VUB-6-CT-24h-R-3-1	20	micromolar	DMSO	carcinogenomics_VUB-6-OT-24h-R-3-1.CEL
VUB-6-PD-24h-R-3-1	Primary rat hepatocytes non TSA-treated	phenobarbital sodium	CHEMBL149972	Non-genotoxic	FALSE	VUB-6-AD-24h-R-3-1	330	micromolar	Medium	carcinogenomics_VUB-6-PD-24h-R-3-1.CEL
VUB-6-PT-24h-R-3-1	Primary rat hepatocytes TSA-treated	phenobarbital sodium	CHEMBL149972	Non-genotoxic	FALSE	VUB-6-AT-24h-R-3-1	300	micromolar	Medium	carcinogenomics_VUB-6-PT-24h-R-3-1.CEL
VUB-6-QD-24h-R-3-1	Primary rat hepatocytes non TSA-treated	2-nitrofluorene	CHEMBL351487	Genotoxic	FALSE	VUB-6-BD-24h-R-3-1	39	micromolar	DMSO	carcinogenomics_VUB-6-QD-24h-R-3-1.CEL
VUB-6-QT-24h-R-3-1	Primary rat hepatocytes TSA-treated	2-nitrofluorene	CHEMBL351487	Genotoxic	FALSE	VUB-6-BT-24h-R-3-1	39	micromolar	DMSO	carcinogenomics_VUB-6-QT-24h-R-3-1.CEL
VUB-6-RD-24h-R-3-1	Primary rat hepatocytes non TSA-treated	4-(N-nitrosomethylamino)-1-(3-pyridyl)butan-1-one		Genotoxic	FALSE	VUB-6-AD-24h-R-3-1	325	micromolar	Medium	carcinogenomics_VUB-6-RD-24h-R-3-1.CEL
VUB-6-RT-24h-R-3-1	Primary rat hepatocytes TSA-treated	4-(N-nitrosomethylamino)-1-(3-pyridyl)butan-1-one		Genotoxic	FALSE	VUB-6-AT-24h-R-3-1	156	micromolar	Medium	carcinogenomics_VUB-6-RT-24h-R-3-1.CEL
VUB-6-SD-24h-R-3-1	Primary rat hepatocytes non TSA-treated	piperonyl butoxide	CHEMBL1201131	Non-genotoxic	FALSE	VUB-6-BD-24h-R-3-1	6.72	micromolar	DMSO	carcinogenomics_VUB-6-SD-24h-R-3-1.CEL
VUB-6-ST-24h-R-3-1	Primary rat hepatocytes TSA-treated	piperonyl butoxide	CHEMBL1201131	Non-genotoxic	FALSE	VUB-6-BT-24h-R-3-1	5.655	micromolar	DMSO	carcinogenomics_VUB-6-ST-24h-R-3-1.CEL
VUB-7-AD-72h-R-1-1	Primary rat hepatocytes non TSA-treated	untreated		CTRL	TRUE				medium	carcinogenomics_VUB-7-AD-72h-R-1-1.CEL
VUB-7-AD-72h-R-1-1B	Primary rat hepatocytes non TSA-treated	untreated		CTRL	TRUE				medium	carcinogenomics_VUB-7-AD-72h-R-1-1B.CEL
VUB-7-AT-72h-R-1-1	Primary rat hepatocytes TSA-treated	untreated		CTRL	TRUE				medium	carcinogenomics_VUB-7-AT-72h-R-1-1.CEL
VUB-7-AT-72h-R-1-1B	Primary rat hepatocytes TSA-treated	untreated		CTRL	TRUE				medium	carcinogenomics_VUB-7-AT-72h-R-1-1B.CEL
VUB-7-BD-72h-R-1-1	Primary rat hepatocytes non TSA-treated	dimethyl sulfoxide	CHEMBL504	DMSO	TRUE		0.5	percent	DMSO	carcinogenomics_VUB-7-BD-72h-R-1-1.CEL
VUB-7-BT-72h-R-1-1	Primary rat hepatocytes TSA-treated	dimethyl sulfoxide	CHEMBL504	DMSO	TRUE		0.5	percent	DMSO	carcinogenomics_VUB-7-BT-72h-R-1-1.CEL
VUB-7-CD-72h-R-1-1	Primary rat hepatocytes non TSA-treated	dimethyl sulfoxide	CHEMBL504	DMSO	TRUE		0.5	percent	DMSO	carcinogenomics_VUB-7-CD-72h-R-1-1.CEL
VUB-7-CT-72h-R-1-1	Primary rat hepatocytes TSA-treated	dimethyl sulfoxide	CHEMBL504	DMSO	TRUE		0.5	percent	DMSO	carcinogenomics_VUB-7-CT-72h-R-1-1.CEL
VUB-7-DD-72h-R-1-1	Primary rat hepatocytes non TSA-treated	diclofenac sodium	CHEMBL1034	Non-carcinogen	FALSE	VUB-7-AD-72h-R-1-1	19.19	micromolar	Medium	carcinogenomics_VUB-7-DD-72h-R-1-1.CEL
VUB-7-DT-72h-R-1-1	Primary rat hepatocytes TSA-treated	diclofenac sodium	CHEMBL1034	Non-carcinogen	FALSE	VUB-7-AT-72h-R-1-1	15.98	micromolar	Medium	carcinogenomics_VUB-7-DT-72h-R-1-1.CEL
VUB-7-ED-72h-R-1-1	Primary rat hepatocytes non TSA-treated	D-mannitol	CHEMBL689	Non-carcinogen	FALSE	VUB-7-AD-72h-R-1-1	10000	micromolar	Medium	carcinogenomics_VUB-7-ED-72h-R-1-1.CEL
VUB-7-ET-72h-R-1-1	Primary rat hepatocytes TSA-treated	D-mannitol	CHEMBL689	Non-carcinogen	FALSE	VUB-7-AT-72h-R-1-1	10000	micromolar	Medium	carcinogenomics_VUB-7-ET-72h-R-1-1.CEL
VUB-7-FD-72h-R-1-1	Primary rat hepatocytes non TSA-treated	nifedipine	CHEMBL193	Non-carcinogen	FALSE	VUB-7-BD-72h-R-1-1	156	micromolar	DMSO	carcinogenomics_VUB-7-FD-72h-R-1-1.CEL
VUB-7-FT-72h-R-1-1	Primary rat hepatocytes TSA-treated	nifedipine	CHEMBL193	Non-carcinogen	FALSE	VUB-7-BT-72h-R-1-1	156	micromolar	DMSO	carcinogenomics_VUB-7-FT-72h-R-1-1.CEL
VUB-7-GD-72h-R-1-1	Primary rat hepatocytes non TSA-treated	benzo[a]pyrene	CHEMBL31184	Genotoxic	FALSE	VUB-7-CD-72h-R-1-1	40	micromolar	DMSO	carcinogenomics_VUB-7-GD-72h-R-1-1.CEL
VUB-7-GT-72h-R-1-1	Primary rat hepatocytes TSA-treated	benzo[a]pyrene	CHEMBL31184	Genotoxic	FALSE	VUB-7-CT-72h-R-1-1	40	micromolar	DMSO	carcinogenomics_VUB-7-GT-72h-R-1-1.CEL
VUB-7-HD-72h-R-1-1	Primary rat hepatocytes non TSA-treated	phenobarbital sodium	CHEMBL149972	Non-genotoxic	FALSE	VUB-7-AD-72h-R-1-1	660	micromolar	Medium	carcinogenomics_VUB-7-HD-72h-R-1-1.CEL
VUB-7-HT-72h-R-1-1	Primary rat hepatocytes TSA-treated	phenobarbital sodium	CHEMBL149972	Non-genotoxic	FALSE	VUB-7-AT-72h-R-1-1	600	micromolar	Medium	carcinogenomics_VUB-7-HT-72h-R-1-1.CEL
VUB-7-ID-72h-R-1-1	Primary rat hepatocytes non TSA-treated	2-nitrofluorene	CHEMBL351487	Genotoxic	FALSE	VUB-7-BD-72h-R-1-1	78	micromolar	DMSO	carcinogenomics_VUB-7-ID-72h-R-1-1.CEL
VUB-7-IT-72h-R-1-1	Primary rat hepatocytes TSA-treated	2-nitrofluorene	CHEMBL351487	Genotoxic	FALSE	VUB-7-BT-72h-R-1-1	78	micromolar	DMSO	carcinogenomics_VUB-7-IT-72h-R-1-1.CEL
VUB-7-JD-72h-R-1-1	Primary rat hepatocytes non TSA-treated	4-(N-nitrosomethylamino)-1-(3-pyridyl)butan-1-one		Genotoxic	FALSE	VUB-7-AD-72h-R-1-1	650	micromolar	Medium	carcinogenomics_VUB-7-JD-72h-R-1-1.CEL
VUB-7-JT-72h-R-1-1	Primary rat hepatocytes TSA-treated	4-(N-nitrosomethylamino)-1-(3-pyridyl)butan-1-one		Genotoxic	FALSE	VUB-7-AT-72h-R-1-1	256	micromolar	Medium	carcinogenomics_VUB-7-JT-72h-R-1-1.CEL
VUB-7-KD-72h-R-1-1	Primary rat hepatocytes non TSA-treated	piperonyl butoxide	CHEMBL1201131	Non-genotoxic	FALSE	VUB-7-BD-72h-R-1-1	13.44	micromolar	DMSO	carcinogenomics_VUB-7-KD-72h-R-1-1.CEL
VUB-7-KT-72h-R-1-1	Primary rat hepatocytes TSA-treated	piperonyl butoxide	CHEMBL1201131	Non-genotoxic	FALSE	VUB-7-BT-72h-R-1-1	11.31	micromolar	DMSO	carcinogenomics_VUB-7-KT-72h-R-1-1.CEL
VUB-7-LD-72h-R-1-1	Primary rat hepatocytes non TSA-treated	diclofenac sodium	CHEMBL1034	Non-carcinogen	FALSE	VUB-7-AD-72h-R-1-1	9.595	micromolar	Medium	carcinogenomics_VUB-7-LD-72h-R-1-1.CEL
VUB-7-MD-72h-R-1-1	Primary rat hepatocytes non TSA-treated	D-mannitol	CHEMBL689	Non-carcinogen	FALSE	VUB-7-AD-72h-R-1-1	5000	micromolar	Medium	carcinogenomics_VUB-7-MD-72h-R-1-1.CEL
VUB-7-MT-72h-R-1-1	Primary rat hepatocytes TSA-treated	D-mannitol	CHEMBL689	Non-carcinogen	FALSE	VUB-7-AT-72h-R-1-1	5000	micromolar	Medium	carcinogenomics_VUB-7-MT-72h-R-1-1.CEL
VUB-7-ND-72h-R-1-1	Primary rat hepatocytes non TSA-treated	nifedipine	CHEMBL193	Non-carcinogen	FALSE	VUB-7-BD-72h-R-1-1	78	micromolar	DMSO	carcinogenomics_VUB-7-ND-72h-R-1-1.CEL
VUB-7-NT-72h-R-1-1	Primary rat hepatocytes TSA-treated	benzo[a]pyrene	CHEMBL31184	Genotoxic	FALSE	VUB-7-BT-72h-R-1-1	78	micromolar	DMSO	carcinogenomics_VUB-7-NT-72h-R-1-1.CEL
VUB-7-OD-72h-R-1-1	Primary rat hepatocytes non TSA-treated	benzo[a]pyrene	CHEMBL31184	Genotoxic	FALSE	VUB-7-CD-72h-R-1-1	20	micromolar	DMSO	carcinogenomics_VUB-7-OD-72h-R-1-1.CEL
VUB-7-OT-72h-R-1-1	Primary rat hepatocytes TSA-treated	benzo[a]pyrene	CHEMBL31184	Genotoxic	FALSE	VUB-7-CT-72h-R-1-1	20	micromolar	DMSO	carcinogenomics_VUB-7-OT-72h-R-1-1.CEL
VUB-7-PD-72h-R-1-1	Primary rat hepatocytes non TSA-treated	phenobarbital sodium	CHEMBL149972	Non-genotoxic	FALSE	VUB-7-AD-72h-R-1-1	330	micromolar	Medium	carcinogenomics_VUB-7-PD-72h-R-1-1.CEL
VUB-7-PT-72h-R-1-1	Primary rat hepatocytes TSA-treated	phenobarbital sodium	CHEMBL149972	Non-genotoxic	FALSE	VUB-7-AT-72h-R-1-1	300	micromolar	Medium	carcinogenomics_VUB-7-PT-72h-R-1-1.CEL
VUB-7-QD-72h-R-1-1	Primary rat hepatocytes non TSA-treated	2-nitrofluorene	CHEMBL351487	Genotoxic	FALSE	VUB-7-BD-72h-R-1-1	39	micromolar	DMSO	carcinogenomics_VUB-7-QD-72h-R-1-1.CEL
VUB-7-QT-72h-R-1-1	Primary rat hepatocytes TSA-treated	2-nitrofluorene	CHEMBL351487	Genotoxic	FALSE	VUB-7-BT-72h-R-1-1	39	micromolar	DMSO	carcinogenomics_VUB-7-QT-72h-R-1-1.CEL
VUB-7-RD-72h-R-1-1	Primary rat hepatocytes non TSA-treated	4-(N-nitrosomethylamino)-1-(3-pyridyl)butan-1-one		Genotoxic	FALSE	VUB-7-AD-72h-R-1-1	325	micromolar	Medium	carcinogenomics_VUB-7-RD-72h-R-1-1.CEL
VUB-7-RT-72h-R-1-1	Primary rat hepatocytes TSA-treated	4-(N-nitrosomethylamino)-1-(3-pyridyl)butan-1-one		Genotoxic	FALSE	VUB-7-AT-72h-R-1-1	156	micromolar	Medium	carcinogenomics_VUB-7-RT-72h-R-1-1.CEL
VUB-7-SD-72h-R-1-1	Primary rat hepatocytes non TSA-treated	piperonyl butoxide	CHEMBL1201131	Non-genotoxic	FALSE	VUB-7-BD-72h-R-1-1	6.72	micromolar	DMSO	carcinogenomics_VUB-7-SD-72h-R-1-1.CEL
VUB-7-ST-72h-R-1-1	Primary rat hepatocytes TSA-treated	piperonyl butoxide	CHEMBL1201131	Non-genotoxic	FALSE	VUB-7-BT-72h-R-1-1	5.655	micromolar	DMSO	carcinogenomics_VUB-7-ST-72h-R-1-1.CEL
VUB-8-AD-72h-R-2-1	Primary rat hepatocytes non TSA-treated	untreated		CTRL	TRUE				medium	carcinogenomics_VUB-8-AD-72h-R-2-1.CEL
VUB-8-AD-72h-R-2-1B	Primary rat hepatocytes non TSA-treated	untreated		CTRL	TRUE				medium	carcinogenomics_VUB-8-AD-72h-R-2-1B.CEL
VUB-8-AT-72h-R-2-1	Primary rat hepatocytes TSA-treated	untreated		CTRL	TRUE				medium	carcinogenomics_VUB-8-AT-72h-R-2-1.CEL
VUB-8-BD-72h-R-2-1	Primary rat hepatocytes non TSA-treated	dimethyl sulfoxide	CHEMBL504	DMSO	TRUE		0.5	percent	DMSO	carcinogenomics_VUB-8-BD-72h-R-2-1.CEL
VUB-8-BT-72h-R-2-1	Primary rat hepatocytes TSA-treated	dimethyl sulfoxide	CHEMBL504	DMSO	TRUE		0.5	percent	DMSO	carcinogenomics_VUB-8-BT-72h-R-2-1.CEL
VUB-8-CD-72h-R-2-1	Primary rat hepatocytes non TSA-treated	dimethyl sulfoxide	CHEMBL504	DMSO	TRUE		0.5	percent	DMSO	carcinogenomics_VUB-8-CD-72h-R-2-1.CEL
VUB-8-CT-72h-R-2-1	Primary rat hepatocytes TSA-treated	dimethyl sulfoxide	CHEMBL504	DMSO	TRUE		0.5	percent	DMSO	carcinogenomics_VUB-8-CT-72h-R-2-1.CEL
VUB-8-DD-72h-R-2-1	Primary rat hepatocytes non TSA-treated	diclofenac sodium	CHEMBL1034	Non-carcinogen	FALSE	VUB-8-AD-72h-R-2-1	19.19	micromolar	Medium	carcinogenomics_VUB-8-DD-72h-R-2-1.CEL
VUB-8-DT-72h-R-2-1	Primary rat hepatocytes TSA-treated	diclofenac sodium	CHEMBL1034	Non-carcinogen	FALSE	VUB-8-AT-72h-R-2-1	15.98	micromolar	Medium	carcinogenomics_VUB-8-DT-72h-R-2-1.CEL
VUB-8-ED-72h-R-2-1	Primary rat hepatocytes non TSA-treated	D-mannitol	CHEMBL689	Non-carcinogen	FALSE	VUB-8-AD-72h-R-2-1	10000	micromolar	Medium	carcinogenomics_VUB-8-ED-72h-R-2-1.CEL
VUB-8-ET-72h-R-2-1	Primary rat hepatocytes TSA-treated	D-mannitol	CHEMBL689	Non-carcinogen	FALSE	VUB-8-AT-72h-R-2-1	10000	micromolar	Medium	carcinogenomics_VUB-8-ET-72h-R-2-1.CEL
VUB-8-FD-72h-R-2-1	Primary rat hepatocytes non TSA-treated	nifedipine	CHEMBL193	Non-carcinogen	FALSE	VUB-8-BD-72h-R-2-1	156	micromolar	DMSO	carcinogenomics_VUB-8-FD-72h-R-2-1.CEL
VUB-8-FT-72h-R-2-1	Primary rat hepatocytes TSA-treated	nifedipine	CHEMBL193	Non-carcinogen	FALSE	VUB-8-BT-72h-R-2-1	156	micromolar	DMSO	carcinogenomics_VUB-8-FT-72h-R-2-1.CEL
VUB-8-GD-72h-R-2-1	Primary rat hepatocytes non TSA-treated	benzo[a]pyrene	CHEMBL31184	Genotoxic	FALSE	VUB-8-CD-72h-R-2-1	40	micromolar	DMSO	carcinogenomics_VUB-8-GD-72h-R-2-1.CEL
VUB-8-GT-72h-R-2-1	Primary rat hepatocytes TSA-treated	benzo[a]pyrene	CHEMBL31184	Genotoxic	FALSE	VUB-8-CT-72h-R-2-1	40	micromolar	DMSO	carcinogenomics_VUB-8-GT-72h-R-2-1.CEL
VUB-8-HD-72h-R-2-1	Primary rat hepatocytes non TSA-treated	phenobarbital sodium	CHEMBL149972	Non-genotoxic	FALSE	VUB-8-AD-72h-R-2-1	660	micromolar	Medium	carcinogenomics_VUB-8-HD-72h-R-2-1.CEL
VUB-8-HT-72h-R-2-1	Primary rat hepatocytes TSA-treated	phenobarbital sodium	CHEMBL149972	Non-genotoxic	FALSE	VUB-8-AT-72h-R-2-1	600	micromolar	Medium	carcinogenomics_VUB-8-HT-72h-R-2-1.CEL
VUB-8-ID-72h-R-2-1	Primary rat hepatocytes non TSA-treated	2-nitrofluorene	CHEMBL351487	Genotoxic	FALSE	VUB-8-BD-72h-R-2-1	78	micromolar	DMSO	carcinogenomics_VUB-8-ID-72h-R-2-1.CEL
VUB-8-IT-72h-R-2-1	Primary rat hepatocytes TSA-treated	2-nitrofluorene	CHEMBL351487	Genotoxic	FALSE	VUB-8-BT-72h-R-2-1	78	micromolar	DMSO	carcinogenomics_VUB-8-IT-72h-R-2-1.CEL
VUB-8-JD-72h-R-2-1	Primary rat hepatocytes non TSA-treated	4-(N-nitrosomethylamino)-1-(3-pyridyl)butan-1-one		Genotoxic	FALSE	VUB-8-AD-72h-R-2-1	650	micromolar	Medium	carcinogenomics_VUB-8-JD-72h-R-2-1.CEL
VUB-8-JT-72h-R-2-1	Primary rat hepatocytes TSA-treated	4-(N-nitrosomethylamino)-1-(3-pyridyl)butan-1-one		Genotoxic	FALSE	VUB-8-AT-72h-R-2-1	256	micromolar	Medium	carcinogenomics_VUB-8-JT-72h-R-2-1.CEL
VUB-8-KD-72h-R-2-1	Primary rat hepatocytes non TSA-treated	piperonyl butoxide	CHEMBL1201131	Non-genotoxic	FALSE	VUB-8-BD-72h-R-2-1	13.44	micromolar	DMSO	carcinogenomics_VUB-8-KD-72h-R-2-1.CEL
VUB-8-KT-72h-R-2-1	Primary rat hepatocytes TSA-treated	piperonyl butoxide	CHEMBL1201131	Non-genotoxic	FALSE	VUB-8-BT-72h-R-2-1	11.31	micromolar	DMSO	carcinogenomics_VUB-8-KT-72h-R-2-1.CEL
VUB-8-LD-72h-R-2-1	Primary rat hepatocytes non TSA-treated	diclofenac sodium	CHEMBL1034	Non-carcinogen	FALSE	VUB-8-AD-72h-R-2-1	9.595	micromolar	Medium	carcinogenomics_VUB-8-LD-72h-R-2-1.CEL
VUB-8-LT-72h-R-2-1	Primary rat hepatocytes TSA-treated	diclofenac sodium	CHEMBL1034	Non-carcinogen	FALSE	VUB-8-AT-72h-R-2-1	7.99	micromolar	Medium	carcinogenomics_VUB-8-LT-72h-R-2-1.CEL
VUB-8-MD-72h-R-2-1	Primary rat hepatocytes non TSA-treated	D-mannitol	CHEMBL689	Non-carcinogen	FALSE	VUB-8-AD-72h-R-2-1	5000	micromolar	Medium	carcinogenomics_VUB-8-MD-72h-R-2-1.CEL
VUB-8-MT-72h-R-2-1	Primary rat hepatocytes TSA-treated	D-mannitol	CHEMBL689	Non-carcinogen	FALSE	VUB-8-AT-72h-R-2-1	5000	micromolar	Medium	carcinogenomics_VUB-8-MT-72h-R-2-1.CEL
VUB-8-ND-72h-R-2-1	Primary rat hepatocytes non TSA-treated	nifedipine	CHEMBL193	Non-carcinogen	FALSE	VUB-8-BD-72h-R-2-1	78	micromolar	DMSO	carcinogenomics_VUB-8-ND-72h-R-2-1.CEL
VUB-8-NT-72h-R-2-1	Primary rat hepatocytes TSA-treated	nifedipine	CHEMBL193	Non-carcinogen	FALSE	VUB-8-BT-72h-R-2-1	78	micromolar	DMSO	carcinogenomics_VUB-8-NT-72h-R-2-1.CEL
VUB-8-OD-72h-R-2-1	Primary rat hepatocytes non TSA-treated	benzo[a]pyrene	CHEMBL31184	Genotoxic	FALSE	VUB-8-CD-72h-R-2-1	20	micromolar	DMSO	carcinogenomics_VUB-8-OD-72h-R-2-1.CEL
VUB-8-OT-72h-R-2-1	Primary rat hepatocytes TSA-treated	benzo[a]pyrene	CHEMBL31184	Genotoxic	FALSE	VUB-8-CT-72h-R-2-1	20	micromolar	DMSO	carcinogenomics_VUB-8-OT-72h-R-2-1.CEL
VUB-8-PD-72h-R-2-1	Primary rat hepatocytes non TSA-treated	phenobarbital sodium	CHEMBL149972	Non-genotoxic	FALSE	VUB-8-AD-72h-R-2-1	330	micromolar	Medium	carcinogenomics_VUB-8-PD-72h-R-2-1.CEL
VUB-8-PT-72h-R-2-1	Primary rat hepatocytes TSA-treated	phenobarbital sodium	CHEMBL149972	Non-genotoxic	FALSE	VUB-8-AT-72h-R-2-1	300	micromolar	Medium	carcinogenomics_VUB-8-PT-72h-R-2-1.CEL
VUB-8-QD-72h-R-2-1	Primary rat hepatocytes non TSA-treated	2-nitrofluorene	CHEMBL351487	Genotoxic	FALSE	VUB-8-BD-72h-R-2-1	39	micromolar	DMSO	carcinogenomics_VUB-8-QD-72h-R-2-1.CEL
VUB-8-QT-72h-R-2-1	Primary rat hepatocytes TSA-treated	2-nitrofluorene	CHEMBL351487	Genotoxic	FALSE	VUB-8-BT-72h-R-2-1	39	micromolar	DMSO	carcinogenomics_VUB-8-QT-72h-R-2-1.CEL
VUB-8-RD-72h-R-2-1	Primary rat hepatocytes non TSA-treated	4-(N-nitrosomethylamino)-1-(3-pyridyl)butan-1-one		Genotoxic	FALSE	VUB-8-AD-72h-R-2-1	325	micromolar	Medium	carcinogenomics_VUB-8-RD-72h-R-2-1.CEL
VUB-8-RT-72h-R-2-1	Primary rat hepatocytes TSA-treated	4-(N-nitrosomethylamino)-1-(3-pyridyl)butan-1-one		Genotoxic	FALSE	VUB-8-AT-72h-R-2-1	156	micromolar	Medium	carcinogenomics_VUB-8-RT-72h-R-2-1.CEL
VUB-8-SD-72h-R-2-1	Primary rat hepatocytes non TSA-treated	piperonyl butoxide	CHEMBL1201131	Non-genotoxic	FALSE	VUB-8-BD-72h-R-2-1	6.72	micromolar	DMSO	carcinogenomics_VUB-8-SD-72h-R-2-1.CEL
VUB-8-ST-72h-R-2-1	Primary rat hepatocytes TSA-treated	piperonyl butoxide	CHEMBL1201131	Non-genotoxic	FALSE	VUB-8-BT-72h-R-2-1	5.655	micromolar	DMSO	carcinogenomics_VUB-8-ST-72h-R-2-1.CEL
VUB-9-AD-72h-R-3-1	Primary rat hepatocytes non TSA-treated	untreated		CTRL	TRUE				medium	carcinogenomics_VUB-9-AD-72h-R-3-1.CEL
VUB-9-AD-72h-R-3-1B	Primary rat hepatocytes non TSA-treated	untreated		CTRL	TRUE				medium	carcinogenomics_VUB-9-AD-72h-R-3-1B.CEL
VUB-9-AT-72h-R-3-1	Primary rat hepatocytes TSA-treated	untreated		CTRL	TRUE				medium	carcinogenomics_VUB-9-AT-72h-R-3-1.CEL
VUB-9-BD-72h-R-3-1	Primary rat hepatocytes non TSA-treated	dimethyl sulfoxide	CHEMBL504	DMSO	TRUE		0.5	percent	DMSO	carcinogenomics_VUB-9-BD-72h-R-3-1.CEL
VUB-9-BT-72h-R-3-1	Primary rat hepatocytes TSA-treated	dimethyl sulfoxide	CHEMBL504	DMSO	TRUE		0.5	percent	DMSO	carcinogenomics_VUB-9-BT-72h-R-3-1.CEL
VUB-9-CD-72h-R-3-1	Primary rat hepatocytes non TSA-treated	dimethyl sulfoxide	CHEMBL504	DMSO	TRUE		0.5	percent	DMSO	carcinogenomics_VUB-9-CD-72h-R-3-1.CEL
VUB-9-CT-72h-R-3-1	Primary rat hepatocytes TSA-treated	dimethyl sulfoxide	CHEMBL504	DMSO	TRUE		0.5	percent	DMSO	carcinogenomics_VUB-9-CT-72h-R-3-1.CEL
VUB-9-DD-72h-R-3-1	Primary rat hepatocytes non TSA-treated	diclofenac sodium	CHEMBL1034	Non-carcinogen	FALSE	VUB-9-AD-72h-R-3-1	19.19	micromolar	Medium	carcinogenomics_VUB-9-DD-72h-R-3-1.CEL
VUB-9-DT-72h-R-3-1	Primary rat hepatocytes TSA-treated	diclofenac sodium	CHEMBL1034	Non-carcinogen	FALSE	VUB-9-AT-72h-R-3-1	15.98	micromolar	Medium	carcinogenomics_VUB-9-DT-72h-R-3-1.CEL
VUB-9-ED-72h-R-3-1	Primary rat hepatocytes non TSA-treated	D-mannitol	CHEMBL689	Non-carcinogen	FALSE	VUB-9-AD-72h-R-3-1	10000	micromolar	Medium	carcinogenomics_VUB-9-ED-72h-R-3-1.CEL
VUB-9-ED-72h-R-3-1B	Primary rat hepatocytes non TSA-treated	D-mannitol	CHEMBL689	Non-carcinogen	FALSE	VUB-9-AD-72h-R-3-1	10000	micromolar	Medium	carcinogenomics_VUB-9-ED-72h-R-3-1B.CEL
VUB-9-ET-72h-R-3-1	Primary rat hepatocytes TSA-treated	D-mannitol	CHEMBL689	Non-carcinogen	FALSE	VUB-9-AT-72h-R-3-1	10000	micromolar	Medium	carcinogenomics_VUB-9-ET-72h-R-3-1.CEL
VUB-9-FD-72h-R-3-1	Primary rat hepatocytes non TSA-treated	nifedipine	CHEMBL193	Non-carcinogen	FALSE	VUB-9-AT-72h-R-3-1	156	micromolar	DMSO	carcinogenomics_VUB-9-FD-72h-R-3-1.CEL
VUB-9-FT-72h-R-3-1	Primary rat hepatocytes TSA-treated	nifedipine	CHEMBL193	Non-carcinogen	FALSE	VUB-9-BD-72h-R-3-1	156	micromolar	DMSO	carcinogenomics_VUB-9-FT-72h-R-3-1.CEL
VUB-9-GD-72h-R-3-1	Primary rat hepatocytes non TSA-treated	benzo[a]pyrene	CHEMBL31184	Genotoxic	FALSE	VUB-9-BT-72h-R-3-1	40	micromolar	DMSO	carcinogenomics_VUB-9-GD-72h-R-3-1.CEL
VUB-9-GD-72h-R-3-1B	Primary rat hepatocytes non TSA-treated	benzo[a]pyrene	CHEMBL31184	Genotoxic	FALSE	VUB-9-BT-72h-R-3-1	40	micromolar	DMSO	carcinogenomics_VUB-9-GD-72h-R-3-1B.CEL
VUB-9-GT-72h-R-3-1	Primary rat hepatocytes TSA-treated	benzo[a]pyrene	CHEMBL31184	Genotoxic	FALSE	VUB-9-CD-72h-R-3-1	40	micromolar	DMSO	carcinogenomics_VUB-9-GT-72h-R-3-1.CEL
VUB-9-HD-72h-R-3-1	Primary rat hepatocytes non TSA-treated	phenobarbital sodium	CHEMBL149972	Non-genotoxic	FALSE	VUB-9-AD-72h-R-3-1	660	micromolar	Medium	carcinogenomics_VUB-9-HD-72h-R-3-1.CEL
VUB-9-HT-72h-R-3-1	Primary rat hepatocytes TSA-treated	phenobarbital sodium	CHEMBL149972	Non-genotoxic	FALSE	VUB-9-AT-72h-R-3-1	600	micromolar	Medium	carcinogenomics_VUB-9-HT-72h-R-3-1.CEL
VUB-9-ID-72h-R-3-1	Primary rat hepatocytes non TSA-treated	2-nitrofluorene	CHEMBL351487	Genotoxic	FALSE	VUB-9-BD-72h-R-3-1	78	micromolar	DMSO	carcinogenomics_VUB-9-ID-72h-R-3-1.CEL
VUB-9-IT-72h-R-3-1	Primary rat hepatocytes TSA-treated	2-nitrofluorene	CHEMBL351487	Genotoxic	FALSE	VUB-9-BT-72h-R-3-1	78	micromolar	DMSO	carcinogenomics_VUB-9-IT-72h-R-3-1.CEL
VUB-9-JD-72h-R-3-1	Primary rat hepatocytes non TSA-treated	4-(N-nitrosomethylamino)-1-(3-pyridyl)butan-1-one		Genotoxic	FALSE	VUB-9-AD-72h-R-3-1	650	micromolar	Medium	carcinogenomics_VUB-9-JD-72h-R-3-1.CEL
VUB-9-JT-72h-R-3-1	Primary rat hepatocytes TSA-treated	4-(N-nitrosomethylamino)-1-(3-pyridyl)butan-1-one		Genotoxic	FALSE	VUB-9-AT-72h-R-3-1	256	micromolar	Medium	carcinogenomics_VUB-9-JT-72h-R-3-1.CEL
VUB-9-KD-72h-R-3-1	Primary rat hepatocytes non TSA-treated	piperonyl butoxide	CHEMBL1201131	Non-genotoxic	FALSE	VUB-9-BD-72h-R-3-1	13.44	micromolar	DMSO	carcinogenomics_VUB-9-KD-72h-R-3-1.CEL
VUB-9-KT-72h-R-3-1	Primary rat hepatocytes TSA-treated	piperonyl butoxide	CHEMBL1201131	Non-genotoxic	FALSE	VUB-9-BT-72h-R-3-1	11.31	micromolar	DMSO	carcinogenomics_VUB-9-KT-72h-R-3-1.CEL
VUB-9-LD-72h-R-3-1	Primary rat hepatocytes non TSA-treated	diclofenac sodium	CHEMBL1034	Non-carcinogen	FALSE	VUB-9-AD-72h-R-3-1	9.595	micromolar	Medium	carcinogenomics_VUB-9-LD-72h-R-3-1.CEL
VUB-9-LT-72h-R-3-1	Primary rat hepatocytes TSA-treated	diclofenac sodium	CHEMBL1034	Non-carcinogen	FALSE	VUB-9-AT-72h-R-3-1	7.99	micromolar	Medium	carcinogenomics_VUB-9-LT-72h-R-3-1.CEL
VUB-9-MD-72h-R-3-1	Primary rat hepatocytes non TSA-treated	D-mannitol	CHEMBL689	Non-carcinogen	FALSE	VUB-9-AD-72h-R-3-1	5000	micromolar	Medium	carcinogenomics_VUB-9-MD-72h-R-3-1.CEL
VUB-9-MT-72h-R-3-1	Primary rat hepatocytes TSA-treated	D-mannitol	CHEMBL689	Non-carcinogen	FALSE	VUB-9-AT-72h-R-3-1	5000	micromolar	Medium	carcinogenomics_VUB-9-MT-72h-R-3-1.CEL
VUB-9-ND-72h-R-3-1	Primary rat hepatocytes non TSA-treated	nifedipine	CHEMBL193	Non-carcinogen	FALSE	VUB-9-BD-72h-R-3-1	78	micromolar	DMSO	carcinogenomics_VUB-9-ND-72h-R-3-1.CEL
VUB-9-NT-72h-R-3-1	Primary rat hepatocytes TSA-treated	nifedipine	CHEMBL193	Non-carcinogen	FALSE	VUB-9-BT-72h-R-3-1	78	micromolar	DMSO	carcinogenomics_VUB-9-NT-72h-R-3-1.CEL
VUB-9-OD-72h-R-3-1	Primary rat hepatocytes non TSA-treated	benzo[a]pyrene	CHEMBL31184	Genotoxic	FALSE	VUB-9-CD-72h-R-3-1	20	micromolar	DMSO	carcinogenomics_VUB-9-OD-72h-R-3-1.CEL
VUB-9-OT-72h-R-3-1	Primary rat hepatocytes TSA-treated	benzo[a]pyrene	CHEMBL31184	Genotoxic	FALSE	VUB-9-CT-72h-R-3-1	20	micromolar	DMSO	carcinogenomics_VUB-9-OT-72h-R-3-1.CEL
VUB-9-PD-72h-R-3-1	Primary rat hepatocytes non TSA-treated	phenobarbital sodium	CHEMBL149972	Non-genotoxic	FALSE	VUB-9-AD-72h-R-3-1	330	micromolar	Medium	carcinogenomics_VUB-9-PD-72h-R-3-1.CEL
VUB-9-PT-72h-R-3-1	Primary rat hepatocytes TSA-treated	phenobarbital sodium	CHEMBL149972	Non-genotoxic	FALSE	VUB-9-AT-72h-R-3-1	300	micromolar	Medium	carcinogenomics_VUB-9-PT-72h-R-3-1.CEL
VUB-9-QD-72h-R-3-1	Primary rat hepatocytes non TSA-treated	2-nitrofluorene	CHEMBL351487	Genotoxic	FALSE	VUB-9-BD-72h-R-3-1	39	micromolar	DMSO	carcinogenomics_VUB-9-QD-72h-R-3-1.CEL
VUB-9-QT-72h-R-3-1	Primary rat hepatocytes TSA-treated	2-nitrofluorene	CHEMBL351487	Genotoxic	FALSE	VUB-9-BT-72h-R-3-1	39	micromolar	DMSO	carcinogenomics_VUB-9-QT-72h-R-3-1.CEL
VUB-9-RD-72h-R-3-1	Primary rat hepatocytes non TSA-treated	4-(N-nitrosomethylamino)-1-(3-pyridyl)butan-1-one		Genotoxic	FALSE	VUB-9-AD-72h-R-3-1	325	micromolar	Medium	carcinogenomics_VUB-9-RD-72h-R-3-1.CEL
VUB-9-RT-72h-R-3-1	Primary rat hepatocytes TSA-treated	4-(N-nitrosomethylamino)-1-(3-pyridyl)butan-1-one		Genotoxic	FALSE	VUB-9-AT-72h-R-3-1	156	micromolar	Medium	carcinogenomics_VUB-9-RT-72h-R-3-1.CEL
VUB-9-SD-72h-R-3-1	Primary rat hepatocytes non TSA-treated	piperonyl butoxide	CHEMBL1201131	Non-genotoxic	FALSE	VUB-9-BD-72h-R-3-1	6.72	micromolar	DMSO	carcinogenomics_VUB-9-SD-72h-R-3-1.CEL
VUB-9-ST-72h-R-3-1	Primary rat hepatocytes TSA-treated	piperonyl butoxide	CHEMBL1201131	Non-genotoxic	FALSE	VUB-9-BT-72h-R-3-1	5.655	micromolar	DMSO	carcinogenomics_VUB-9-ST-72h-R-3-1.CEL
VUB-T1-AFB10-24h-RNA-1-1	Primary rat hepatocytes TSA-treated	aflatoxin B1	CHEMBL1697694	Genotoxic	FALSE	VUB-T1-DMSO-24h	1	micromolar	DMSO	carcinogenomics_VUB-T1-AFB10-24h-RNA-1-1.CEL
VUB-T1-AFB10-72h-RNA-1-1	Primary rat hepatocytes TSA-treated	aflatoxin B1	CHEMBL1697694	Genotoxic	FALSE	VUB-T1-DMSO-72h	1	micromolar	DMSO	carcinogenomics_VUB-T1-AFB10-72h-RNA-1-1.CEL
VUB-T1-CND10-24h-RNA-1-1	Primary rat hepatocytes TSA-treated	clonidine	CHEMBL134	Non-carcinogen	FALSE	VUB-T1-DMSO-24h	182	micromolar	DMSO	carcinogenomics_VUB-T1-CND10-24h-RNA-1-1.CEL
VUB-T1-CND10-72h-RNA-1-1	Primary rat hepatocytes TSA-treated	clonidine	CHEMBL134	Non-carcinogen	FALSE	VUB-T1-DMSO-72h	182	micromolar	DMSO	carcinogenomics_VUB-T1-CND10-72h-RNA-1-1.CEL
VUB-T1-CYC10-24h-RNA-1-1	Primary rat hepatocytes TSA-treated	cyclophosphamide hydrate	CHEMBL1200796	Genotoxic	FALSE	VUB-T1-DMSO-24h	466	micromolar	DMSO	carcinogenomics_VUB-T1-CYC10-24h-RNA-1-1.CEL
VUB-T1-CYC10-72h-RNA-1-1	Primary rat hepatocytes TSA-treated	cyclophosphamide hydrate	CHEMBL1200796	Genotoxic	FALSE	VUB-T1-DMSO-72h	466	micromolar	DMSO	carcinogenomics_VUB-T1-CYC10-72h-RNA-1-1.CEL
VUB-T1-DMSO-24h-RNA-1-1	Primary rat hepatocytes TSA-treated	dimethyl sulfoxide	CHEMBL504	DMSO	TRUE		0.5	percent	DMSO	carcinogenomics_VUB-T1-DMSO-24h-RNA-1-1.CEL
VUB-T1-DMSO-24h-RNA-1-2	Primary rat hepatocytes TSA-treated	dimethyl sulfoxide	CHEMBL504	DMSO	TRUE		0.5	percent	DMSO	carcinogenomics_VUB-T1-DMSO-24h-RNA-1-2.CEL
VUB-T1-DMSO-24h-RNA-2-1	Primary rat hepatocytes TSA-treated	dimethyl sulfoxide	CHEMBL504	DMSO	TRUE		0.5	percent	DMSO	carcinogenomics_VUB-T1-DMSO-24h-RNA-2-1.CEL
VUB-T1-DMSO-24h-RNA-2-2	Primary rat hepatocytes TSA-treated	dimethyl sulfoxide	CHEMBL504	DMSO	TRUE		0.5	percent	DMSO	carcinogenomics_VUB-T1-DMSO-24h-RNA-2-2.CEL
VUB-T1-DMSO-72h-RNA-1-1	Primary rat hepatocytes TSA-treated	dimethyl sulfoxide	CHEMBL504	DMSO	TRUE		0.5	percent	DMSO	carcinogenomics_VUB-T1-DMSO-72h-RNA-1-1.CEL
VUB-T1-DMSO-72h-RNA-1-2	Primary rat hepatocytes TSA-treated	dimethyl sulfoxide	CHEMBL504	DMSO	TRUE		0.5	percent	DMSO	carcinogenomics_VUB-T1-DMSO-72h-RNA-1-2.CEL
VUB-T1-DMSO-72h-RNA-2-1	Primary rat hepatocytes TSA-treated	dimethyl sulfoxide	CHEMBL504	DMSO	TRUE		0.5	percent	DMSO	carcinogenomics_VUB-T1-DMSO-72h-RNA-2-1.CEL
VUB-T1-DMSO-72h-RNA-2-2	Primary rat hepatocytes TSA-treated	dimethyl sulfoxide	CHEMBL504	DMSO	TRUE		0.5	percent	DMSO	carcinogenomics_VUB-T1-DMSO-72h-RNA-2-2.CEL
VUB-T1-TBT10-24h-RNA-1-1	Primary rat hepatocytes TSA-treated	tolbutamide	CHEMBL782	Non-carcinogen	FALSE	VUB-T1-DMSO-24h	1000	micromolar	DMSO	carcinogenomics_VUB-T1-TBT10-24h-RNA-1-1.CEL
VUB-T1-TBT10-72h-RNA-1-1	Primary rat hepatocytes TSA-treated	tolbutamide	CHEMBL782	Non-carcinogen	FALSE	VUB-T1-DMSO-72h	1000	micromolar	DMSO	carcinogenomics_VUB-T1-TBT10-72h-RNA-1-1.CEL
VUB-T1-TPA10-24h-RNA-1-1	Primary rat hepatocytes TSA-treated	phorbol 13-acetate 12-myristate	CHEMBL279115	Non-genotoxic	FALSE	VUB-T1-DMSO-24h	5.2	micromolar	DMSO	carcinogenomics_VUB-T1-TPA10-24h-RNA-1-1.CEL
VUB-T1-TPA10-72h-RNA-1-1	Primary rat hepatocytes TSA-treated	phorbol 13-acetate 12-myristate	CHEMBL279115	Non-genotoxic	FALSE	VUB-T1-DMSO-72h	5.2	micromolar	DMSO	carcinogenomics_VUB-T1-TPA10-72h-RNA-1-1.CEL
VUB-T1-WYE10-24h-RNA-1-1	Primary rat hepatocytes TSA-treated	pirinixic acid	CHEMBL295416	Non-genotoxic	FALSE	VUB-T1-DMSO-24h	205	micromolar	DMSO	carcinogenomics_VUB-T1-WYE10-24h-RNA-1-1.CEL
VUB-T1-WYE10-72h-RNA-1-1	Primary rat hepatocytes TSA-treated	pirinixic acid	CHEMBL295416	Non-genotoxic	FALSE	VUB-T1-DMSO-72h	205	micromolar	DMSO	carcinogenomics_VUB-T1-WYE10-72h-RNA-1-1.CEL
VUB-T2-AFB10-24h-RNA-2-1	Primary rat hepatocytes TSA-treated	aflatoxin B1	CHEMBL1697694	Genotoxic	FALSE	VUB-T1-DMSO-24h	1	micromolar	DMSO	carcinogenomics_VUB-T2-AFB10-24h-RNA-2-1.CEL
VUB-T2-AFB10-72h-RNA-2-1	Primary rat hepatocytes TSA-treated	aflatoxin B1	CHEMBL1697694	Genotoxic	FALSE	VUB-T1-DMSO-72h	1	micromolar	DMSO	carcinogenomics_VUB-T2-AFB10-72h-RNA-2-1.CEL
VUB-T2-CND10-24h-RNA-2-1	Primary rat hepatocytes TSA-treated	clonidine	CHEMBL134	Non-carcinogen	FALSE	VUB-T1-DMSO-24h	182	micromolar	DMSO	carcinogenomics_VUB-T2-CND10-24h-RNA-2-1.CEL
VUB-T2-CND10-72h-RNA-2-1	Primary rat hepatocytes TSA-treated	clonidine	CHEMBL134	Non-carcinogen	FALSE	VUB-T1-DMSO-72h	182	micromolar	DMSO	carcinogenomics_VUB-T2-CND10-72h-RNA-2-1.CEL
VUB-T2-CYC10-24h-RNA-2-1	Primary rat hepatocytes TSA-treated	cyclophosphamide hydrate	CHEMBL1200796	Genotoxic	FALSE	VUB-T1-DMSO-24h	466	micromolar	DMSO	carcinogenomics_VUB-T2-CYC10-24h-RNA-2-1.CEL
VUB-T2-CYC10-72h-RNA-2-1	Primary rat hepatocytes TSA-treated	cyclophosphamide hydrate	CHEMBL1200796	Genotoxic	FALSE	VUB-T1-DMSO-72h	466	micromolar	DMSO	carcinogenomics_VUB-T2-CYC10-72h-RNA-2-1.CEL
VUB-T2-TBT10-24h-RNA-2-1	Primary rat hepatocytes TSA-treated	tolbutamide	CHEMBL782	Non-carcinogen	FALSE	VUB-T1-DMSO-24h	1000	micromolar	DMSO	carcinogenomics_VUB-T2-TBT10-24h-RNA-2-1.CEL
VUB-T2-TBT10-72h-RNA-2-1	Primary rat hepatocytes TSA-treated	tolbutamide	CHEMBL782	Non-carcinogen	FALSE	VUB-T1-DMSO-72h	1000	micromolar	DMSO	carcinogenomics_VUB-T2-TBT10-72h-RNA-2-1.CEL
VUB-T2-TPA10-24h-RNA-2-1	Primary rat hepatocytes TSA-treated	phorbol 13-acetate 12-myristate	CHEMBL279115	Non-genotoxic	FALSE	VUB-T1-DMSO-24h	5.2	micromolar	DMSO	carcinogenomics_VUB-T2-TPA10-24h-RNA-2-1.CEL
VUB-T2-TPA10-72h-RNA-2-1	Primary rat hepatocytes TSA-treated	phorbol 13-acetate 12-myristate	CHEMBL279115	Non-genotoxic	FALSE	VUB-T1-DMSO-72h	5.2	micromolar	DMSO	carcinogenomics_VUB-T2-TPA10-72h-RNA-2-1.CEL
VUB-T2-WYE10-24h-RNA-2-1	Primary rat hepatocytes TSA-treated	pirinixic acid	CHEMBL295416	Non-genotoxic	FALSE	VUB-T1-DMSO-24h	205	micromolar	DMSO	carcinogenomics_VUB-T2-WYE10-24h-RNA-2-1.CEL
VUB-T2-WYE10-72h-RNA-2-1	Primary rat hepatocytes TSA-treated	pirinixic acid	CHEMBL295416	Non-genotoxic	FALSE	VUB-T1-DMSO-72h	205	micromolar	DMSO	carcinogenomics_VUB-T2-WYE10-72h-RNA-2-1.CEL
VUB-T3-AFB10-24h-RNA-3-1	Primary rat hepatocytes TSA-treated	aflatoxin B1	CHEMBL1697694	Genotoxic	FALSE	VUB-T3-DMSO-24h	1	micromolar	DMSO	carcinogenomics_VUB-T3-AFB10-24h-RNA-3-1.CEL
VUB-T3-AFB10-72h-RNA-3-1	Primary rat hepatocytes TSA-treated	aflatoxin B1	CHEMBL1697694	Genotoxic	FALSE	VUB-T3-DMSO-72h	1	micromolar	DMSO	carcinogenomics_VUB-T3-AFB10-72h-RNA-3-1.CEL
VUB-T3-CND10-24h-RNA-3-1	Primary rat hepatocytes TSA-treated	clonidine	CHEMBL134	Non-carcinogen	FALSE	VUB-T3-DMSO-24h	182	micromolar	DMSO	carcinogenomics_VUB-T3-CND10-24h-RNA-3-1.CEL
VUB-T3-CND10-72h-RNA-3-1	Primary rat hepatocytes TSA-treated	clonidine	CHEMBL134	Non-carcinogen	FALSE	VUB-T3-DMSO-72h	182	micromolar	DMSO	carcinogenomics_VUB-T3-CND10-72h-RNA-3-1.CEL
VUB-T3-CYC10-24h-RNA-3-1	Primary rat hepatocytes TSA-treated	cyclophosphamide hydrate	CHEMBL1200796	Genotoxic	FALSE	VUB-T3-DMSO-24h	466	micromolar	DMSO	carcinogenomics_VUB-T3-CYC10-24h-RNA-3-1.CEL
VUB-T3-CYC10-72h-RNA-3-1	Primary rat hepatocytes TSA-treated	cyclophosphamide hydrate	CHEMBL1200796	Genotoxic	FALSE	VUB-T3-DMSO-72h	466	micromolar	DMSO	carcinogenomics_VUB-T3-CYC10-72h-RNA-3-1.CEL
VUB-T3-DMSO-24h-RNA-3-1	Primary rat hepatocytes TSA-treated	dimethyl sulfoxide	CHEMBL504	DMSO	TRUE		0.5	percent	DMSO	carcinogenomics_VUB-T3-DMSO-24h-RNA-3-1.CEL
VUB-T3-DMSO-24h-RNA-3-2	Primary rat hepatocytes TSA-treated	dimethyl sulfoxide	CHEMBL504	DMSO	TRUE		0.5	percent	DMSO	carcinogenomics_VUB-T3-DMSO-24h-RNA-3-2.CEL
VUB-T3-DMSO-72h-RNA-3-1	Primary rat hepatocytes TSA-treated	dimethyl sulfoxide	CHEMBL504	DMSO	TRUE		0.5	percent	DMSO	carcinogenomics_VUB-T3-DMSO-72h-RNA-3-1.CEL
VUB-T3-DMSO-72h-RNA-3-2	Primary rat hepatocytes TSA-treated	dimethyl sulfoxide	CHEMBL504	DMSO	TRUE		0.5	percent	DMSO	carcinogenomics_VUB-T3-DMSO-72h-RNA-3-2.CEL
VUB-T3-TBT10-24h-RNA-3-1	Primary rat hepatocytes TSA-treated	tolbutamide	CHEMBL782	Non-carcinogen	FALSE	VUB-T3-DMSO-24h	1000	micromolar	DMSO	carcinogenomics_VUB-T3-TBT10-24h-RNA-3-1.CEL
VUB-T3-TBT10-72h-RNA-3-1	Primary rat hepatocytes TSA-treated	tolbutamide	CHEMBL782	Non-carcinogen	FALSE	VUB-T3-DMSO-72h	1000	micromolar	DMSO	carcinogenomics_VUB-T3-TBT10-72h-RNA-3-1.CEL
VUB-T3-TPA10-24h-RNA-3-1	Primary rat hepatocytes TSA-treated	phorbol 13-acetate 12-myristate	CHEMBL279115	Non-genotoxic	FALSE	VUB-T3-DMSO-24h	5.2	micromolar	DMSO	carcinogenomics_VUB-T3-TPA10-24h-RNA-3-1.CEL
VUB-T3-TPA10-72h-RNA-3-1	Primary rat hepatocytes TSA-treated	phorbol 13-acetate 12-myristate	CHEMBL279115	Non-genotoxic	FALSE	VUB-T3-DMSO-72h	5.2	micromolar	DMSO	carcinogenomics_VUB-T3-TPA10-72h-RNA-3-1.CEL
VUB-T3-WYE10-24h-RNA-3-1	Primary rat hepatocytes TSA-treated	pirinixic acid	CHEMBL295416	Non-genotoxic	FALSE	VUB-T3-DMSO-24h	205	micromolar	DMSO	carcinogenomics_VUB-T3-WYE10-24h-RNA-3-1.CEL
VUB-T3-WYE10-72h-RNA-3-1	Primary rat hepatocytes TSA-treated	pirinixic acid	CHEMBL295416	Non-genotoxic	FALSE	VUB-T3-DMSO-72h	205	micromolar	DMSO	carcinogenomics_VUB-T3-WYE10-72h-RNA-3-1.CEL
VUB-T4-AFB10-24h-RNA-1-1	Primary rat hepatocytes non TSA-treated	aflatoxin B1	CHEMBL1697694	Genotoxic	FALSE	VUB-T4-DMSO-24h	19	micromolar	DMSO	carcinogenomics_VUB-T4-AFB10-24h-RNA-1-1.CEL
VUB-T4-AFB10-72h-RNA-1-1	Primary rat hepatocytes non TSA-treated	aflatoxin B1	CHEMBL1697694	Genotoxic	FALSE	VUB-T4-DMSO-72h	19	micromolar	DMSO	carcinogenomics_VUB-T4-AFB10-72h-RNA-1-1.CEL
VUB-T4-CND10-24h-RNA-1-1	Primary rat hepatocytes non TSA-treated	clonidine	CHEMBL134	Non-carcinogen	FALSE	VUB-T4-DMSO-24h	277	micromolar	DMSO	carcinogenomics_VUB-T4-CND10-24h-RNA-1-1.CEL
VUB-T4-CND10-72h-RNA-1-1	Primary rat hepatocytes non TSA-treated	clonidine	CHEMBL134	Non-carcinogen	FALSE	VUB-T4-DMSO-72h	277	micromolar	DMSO	carcinogenomics_VUB-T4-CND10-72h-RNA-1-1.CEL
VUB-T4-CYC10-24h-RNA-1-1	Primary rat hepatocytes non TSA-treated	cyclophosphamide hydrate	CHEMBL1200796	Genotoxic	FALSE	VUB-T4-DMSO-24h	673	micromolar	DMSO	carcinogenomics_VUB-T4-CYC10-24h-RNA-1-1.CEL
VUB-T4-CYC10-72h-RNA-1-1	Primary rat hepatocytes non TSA-treated	cyclophosphamide hydrate	CHEMBL1200796	Genotoxic	FALSE	VUB-T4-DMSO-72h	673	micromolar	DMSO	carcinogenomics_VUB-T4-CYC10-72h-RNA-1-1.CEL
VUB-T4-DMSO-24h-RNA-1-1	Primary rat hepatocytes non TSA-treated	dimethyl sulfoxide	CHEMBL504	DMSO	TRUE		0.5	percent	DMSO	carcinogenomics_VUB-T4-DMSO-24h-RNA-1-1.CEL
VUB-T4-DMSO-24h-RNA-1-2	Primary rat hepatocytes non TSA-treated	dimethyl sulfoxide	CHEMBL504	DMSO	TRUE		0.5	percent	DMSO	carcinogenomics_VUB-T4-DMSO-24h-RNA-1-2.CEL
VUB-T4-DMSO-72h-RNA-1-1	Primary rat hepatocytes non TSA-treated	dimethyl sulfoxide	CHEMBL504	DMSO	TRUE		0.5	percent	DMSO	carcinogenomics_VUB-T4-DMSO-72h-RNA-1-1.CEL
VUB-T4-DMSO-72h-RNA-1-2	Primary rat hepatocytes non TSA-treated	dimethyl sulfoxide	CHEMBL504	DMSO	TRUE		0.5	percent	DMSO	carcinogenomics_VUB-T4-DMSO-72h-RNA-1-2.CEL
VUB-T4-TBT10-24h-RNA-1-1	Primary rat hepatocytes non TSA-treated	tolbutamide	CHEMBL782	Non-carcinogen	FALSE	VUB-T4-DMSO-24h	1000	micromolar	DMSO	carcinogenomics_VUB-T4-TBT10-24h-RNA-1-1.CEL
VUB-T4-TBT10-72h-RNA-1-1	Primary rat hepatocytes non TSA-treated	tolbutamide	CHEMBL782	Non-carcinogen	FALSE	VUB-T4-DMSO-72h	1000	micromolar	DMSO	carcinogenomics_VUB-T4-TBT10-72h-RNA-1-1.CEL
VUB-T4-TPA10-24h-RNA-1-1	Primary rat hepatocytes non TSA-treated	phorbol 13-acetate 12-myristate	CHEMBL279115	Non-genotoxic	FALSE	VUB-T4-DMSO-24h	6.6	micromolar	DMSO	carcinogenomics_VUB-T4-TPA10-24h-RNA-1-1.CEL
VUB-T4-TPA10-72h-RNA-1-1	Primary rat hepatocytes non TSA-treated	phorbol 13-acetate 12-myristate	CHEMBL279115	Non-genotoxic	FALSE	VUB-T4-DMSO-72h	6.6	micromolar	DMSO	carcinogenomics_VUB-T4-TPA10-72h-RNA-1-1.CEL
VUB-T4-WYE10-24h-RNA-1-1	Primary rat hepatocytes non TSA-treated	pirinixic acid	CHEMBL295416	Non-genotoxic	FALSE	VUB-T4-DMSO-24h	250	micromolar	DMSO	carcinogenomics_VUB-T4-WYE10-24h-RNA-1-1.CEL
VUB-T4-WYE10-72h-RNA-1-1	Primary rat hepatocytes non TSA-treated	pirinixic acid	CHEMBL295416	Non-genotoxic	FALSE	VUB-T4-DMSO-72h	250	micromolar	DMSO	carcinogenomics_VUB-T4-WYE10-72h-RNA-1-1.CEL
VUB-T5-AFB10-24h-RNA-2-1	Primary rat hepatocytes non TSA-treated	aflatoxin B1	CHEMBL1697694	Genotoxic	FALSE	VUB-T5-DMSO-24h	19	micromolar	DMSO	carcinogenomics_VUB-T5-AFB10-24h-RNA-2-1.CEL
VUB-T5-AFB10-72h-RNA-2-1	Primary rat hepatocytes non TSA-treated	aflatoxin B1	CHEMBL1697694	Genotoxic	FALSE	VUB-T5-DMSO-72h	19	micromolar	DMSO	carcinogenomics_VUB-T5-AFB10-72h-RNA-2-1.CEL
VUB-T5-CND10-24h-RNA-2-1	Primary rat hepatocytes non TSA-treated	clonidine	CHEMBL134	Non-carcinogen	FALSE	VUB-T5-DMSO-24h	277	micromolar	DMSO	carcinogenomics_VUB-T5-CND10-24h-RNA-2-1.CEL
VUB-T5-CND10-72h-RNA-2-1	Primary rat hepatocytes non TSA-treated	clonidine	CHEMBL134	Non-carcinogen	FALSE	VUB-T5-DMSO-72h	277	micromolar	DMSO	carcinogenomics_VUB-T5-CND10-72h-RNA-2-1.CEL
VUB-T5-CYC10-24h-RNA-2-1	Primary rat hepatocytes non TSA-treated	cyclophosphamide hydrate	CHEMBL1200796	Genotoxic	FALSE	VUB-T5-DMSO-24h	673	micromolar	DMSO	carcinogenomics_VUB-T5-CYC10-24h-RNA-2-1.CEL
VUB-T5-CYC10-72h-RNA-2-1	Primary rat hepatocytes non TSA-treated	cyclophosphamide hydrate	CHEMBL1200796	Genotoxic	FALSE	VUB-T5-DMSO-72h	673	micromolar	DMSO	carcinogenomics_VUB-T5-CYC10-72h-RNA-2-1.CEL
VUB-T5-DMSO-24h-RNA-2-1	Primary rat hepatocytes non TSA-treated	dimethyl sulfoxide	CHEMBL504	DMSO	TRUE		0.5	percent	DMSO	carcinogenomics_VUB-T5-DMSO-24h-RNA-2-1.CEL
VUB-T5-DMSO-24h-RNA-2-2	Primary rat hepatocytes non TSA-treated	dimethyl sulfoxide	CHEMBL504	DMSO	TRUE		0.5	percent	DMSO	carcinogenomics_VUB-T5-DMSO-24h-RNA-2-2.CEL
VUB-T5-DMSO-72h-RNA-2-1	Primary rat hepatocytes non TSA-treated	dimethyl sulfoxide	CHEMBL504	DMSO	TRUE		0.5	percent	DMSO	carcinogenomics_VUB-T5-DMSO-72h-RNA-2-1.CEL
VUB-T5-DMSO-72h-RNA-2-2	Primary rat hepatocytes non TSA-treated	dimethyl sulfoxide	CHEMBL504	DMSO	TRUE		0.5	percent	DMSO	carcinogenomics_VUB-T5-DMSO-72h-RNA-2-2.CEL
VUB-T5-TBT10-24h-RNA-2-1	Primary rat hepatocytes non TSA-treated	tolbutamide	CHEMBL782	Non-carcinogen	FALSE	VUB-T5-DMSO-24h	1000	micromolar	DMSO	carcinogenomics_VUB-T5-TBT10-24h-RNA-2-1.CEL
VUB-T5-TBT10-72h-RNA-2-1	Primary rat hepatocytes non TSA-treated	tolbutamide	CHEMBL782	Non-carcinogen	FALSE	VUB-T5-DMSO-72h	1000	micromolar	DMSO	carcinogenomics_VUB-T5-TBT10-72h-RNA-2-1.CEL
VUB-T5-TPA10-24h-RNA-2-1	Primary rat hepatocytes non TSA-treated	phorbol 13-acetate 12-myristate	CHEMBL279115	Non-genotoxic	FALSE	VUB-T5-DMSO-24h	6.6	micromolar	DMSO	carcinogenomics_VUB-T5-TPA10-24h-RNA-2-1.CEL
VUB-T5-TPA10-72h-RNA-2-1	Primary rat hepatocytes non TSA-treated	phorbol 13-acetate 12-myristate	CHEMBL279115	Non-genotoxic	FALSE	VUB-T5-DMSO-72h	6.6	micromolar	DMSO	carcinogenomics_VUB-T5-TPA10-72h-RNA-2-1.CEL
VUB-T5-WYE10-24h-RNA-2-1	Primary rat hepatocytes non TSA-treated	pirinixic acid	CHEMBL295416	Non-genotoxic	FALSE	VUB-T5-DMSO-24h	250	micromolar	DMSO	carcinogenomics_VUB-T5-WYE10-24h-RNA-2-1.CEL
VUB-T5-WYE10-72h-RNA-2-1	Primary rat hepatocytes non TSA-treated	pirinixic acid	CHEMBL295416	Non-genotoxic	FALSE	VUB-T5-DMSO-72h	250	micromolar	DMSO	carcinogenomics_VUB-T5-WYE10-72h-RNA-2-1.CEL
VUB-T6-AFB10-24h-RNA-3-1	Primary rat hepatocytes non TSA-treated	aflatoxin B1	CHEMBL1697694	Genotoxic	FALSE	VUB-T6-DMSO-24h	19	micromolar	DMSO	carcinogenomics_VUB-T6-AFB10-24h-RNA-3-1.CEL
VUB-T6-AFB10-72h-RNA-3-1	Primary rat hepatocytes non TSA-treated	aflatoxin B1	CHEMBL1697694	Genotoxic	FALSE	VUB-T6-DMSO-72h	19	micromolar	DMSO	carcinogenomics_VUB-T6-AFB10-72h-RNA-3-1.CEL
VUB-T6-CND10-24h-RNA-3-1	Primary rat hepatocytes non TSA-treated	clonidine	CHEMBL134	Non-carcinogen	FALSE	VUB-T6-DMSO-24h	277	micromolar	DMSO	carcinogenomics_VUB-T6-CND10-24h-RNA-3-1.CEL
VUB-T6-CND10-72h-RNA-3-1	Primary rat hepatocytes non TSA-treated	clonidine	CHEMBL134	Non-carcinogen	FALSE	VUB-T6-DMSO-72h	277	micromolar	DMSO	carcinogenomics_VUB-T6-CND10-72h-RNA-3-1.CEL
VUB-T6-CYC10-24h-RNA-3-1	Primary rat hepatocytes non TSA-treated	cyclophosphamide hydrate	CHEMBL1200796	Genotoxic	FALSE	VUB-T6-DMSO-24h	673	micromolar	DMSO	carcinogenomics_VUB-T6-CYC10-24h-RNA-3-1.CEL
VUB-T6-CYC10-72h-RNA-3-1	Primary rat hepatocytes non TSA-treated	cyclophosphamide hydrate	CHEMBL1200796	Genotoxic	FALSE	VUB-T6-DMSO-72h	673	micromolar	DMSO	carcinogenomics_VUB-T6-CYC10-72h-RNA-3-1.CEL
VUB-T6-DMSO-24h-RNA-3-1	Primary rat hepatocytes non TSA-treated	dimethyl sulfoxide	CHEMBL504	DMSO	TRUE		0.5	percent	DMSO	carcinogenomics_VUB-T6-DMSO-24h-RNA-3-1.CEL
VUB-T6-DMSO-24h-RNA-3-2	Primary rat hepatocytes non TSA-treated	dimethyl sulfoxide	CHEMBL504	DMSO	TRUE		0.5	percent	DMSO	carcinogenomics_VUB-T6-DMSO-24h-RNA-3-2.CEL
VUB-T6-DMSO-72h-RNA-3-1	Primary rat hepatocytes non TSA-treated	dimethyl sulfoxide	CHEMBL504	DMSO	TRUE		0.5	percent	DMSO	carcinogenomics_VUB-T6-DMSO-72h-RNA-3-1.CEL
VUB-T6-DMSO-72h-RNA-3-2	Primary rat hepatocytes non TSA-treated	dimethyl sulfoxide	CHEMBL504	DMSO	TRUE		0.5	percent	DMSO	carcinogenomics_VUB-T6-DMSO-72h-RNA-3-2.CEL
VUB-T6-TBT10-24h-RNA-3-1	Primary rat hepatocytes non TSA-treated	tolbutamide	CHEMBL782	Non-carcinogen	FALSE	VUB-T6-DMSO-24h	1000	micromolar	DMSO	carcinogenomics_VUB-T6-TBT10-24h-RNA-3-1.CEL
VUB-T6-TBT10-72h-RNA-3-1	Primary rat hepatocytes non TSA-treated	tolbutamide	CHEMBL782	Non-carcinogen	FALSE	VUB-T6-DMSO-72h	1000	micromolar	DMSO	carcinogenomics_VUB-T6-TBT10-72h-RNA-3-1.CEL
VUB-T6-TPA10-24h-RNA-3-1	Primary rat hepatocytes non TSA-treated	phorbol 13-acetate 12-myristate	CHEMBL279115	Non-genotoxic	FALSE	VUB-T6-DMSO-24h	6.6	micromolar	DMSO	carcinogenomics_VUB-T6-TPA10-24h-RNA-3-1.CEL
VUB-T6-TPA10-72h-RNA-3-1	Primary rat hepatocytes non TSA-treated	phorbol 13-acetate 12-myristate	CHEMBL279115	Non-genotoxic	FALSE	VUB-T6-DMSO-72h	6.6	micromolar	DMSO	carcinogenomics_VUB-T6-TPA10-72h-RNA-3-1.CEL
VUB-T6-WYE10-24h-RNA-3-1	Primary rat hepatocytes non TSA-treated	pirinixic acid	CHEMBL295416	Non-genotoxic	FALSE	VUB-T6-DMSO-24h	250	micromolar	DMSO	carcinogenomics_VUB-T6-WYE10-24h-RNA-3-1.CEL
VUB-T6-WYE10-72h-RNA-3-1	Primary rat hepatocytes non TSA-treated	pirinixic acid	CHEMBL295416	Non-genotoxic	FALSE	VUB-T6-DMSO-72h	250	micromolar	DMSO	carcinogenomics_VUB-T6-WYE10-72h-RNA-3-1.CEL
