Characteristics.Subject.ID.	Characteristics.Strain.	Factor.Value.Compound.	Comment.chEMBL.ID.	Genotoxicity	Carcinogenicity	Characteristics.Control.	Characteristics.Sample.Match.	Factor.Value.Dose.	Characteristics.DoseUnit.	Time	TimeUnit	Replicate	Characteristics.Vehicle.	array_file	control_file	final_array_name
GSM3387490_2NF_high_Ctrl_rep1		2-Nitrofluorene	CHEMBL351487	GTX	C	TRUE		43.13	uM	24	h	1	Solvent	GSM3387490_2NF_high_Ctrl_rep1.CEL		NRW_CHEMBL351487_43.13uM_24h_1
GSM3387491_2NF_high_Ctrl_rep2		2-Nitrofluorene	CHEMBL351487	GTX	C	TRUE		43.13	uM	24	h	2	Solvent	GSM3387491_2NF_high_Ctrl_rep2.CEL		NRW_CHEMBL351487_43.13uM_24h_2
GSM3387492_2NF_high_Ctrl_rep3		2-Nitrofluorene	CHEMBL351487	GTX	C	TRUE		43.13	uM	24	h	3	Solvent	GSM3387492_2NF_high_Ctrl_rep3.CEL		NRW_CHEMBL351487_43.13uM_24h_3
GSM3387493_2NF_high_Expr_rep1		2-Nitrofluorene	CHEMBL351487	GTX	C	FALSE	GSM3387493_2NF_high_Expr_rep1	43.13	uM	24	h	1	Solvent	GSM3387493_2NF_high_Expr_rep1.CEL	GSM3387490_2NF_high_Ctrl_rep1.CEL	NRW_CHEMBL351487_43.13uM_24h_1
GSM3387494_2NF_high_Expr_rep2		2-Nitrofluorene	CHEMBL351487	GTX	C	FALSE	GSM3387494_2NF_high_Expr_rep2	43.13	uM	24	h	2	Solvent	GSM3387494_2NF_high_Expr_rep2.CEL	GSM3387491_2NF_high_Ctrl_rep2.CEL	NRW_CHEMBL351487_43.13uM_24h_2
GSM3387495_2NF_high_Expr_rep3		2-Nitrofluorene	CHEMBL351487	GTX	C	FALSE	GSM3387495_2NF_high_Expr_rep3	43.13	uM	24	h	3	Solvent	GSM3387495_2NF_high_Expr_rep3.CEL	GSM3387492_2NF_high_Ctrl_rep3.CEL	NRW_CHEMBL351487_43.13uM_24h_3
GSM3387496_2NF_middle_Ctrl_rep1		2-Nitrofluorene	CHEMBL351487	GTX	C	TRUE		14.38	uM	24	h	1	Solvent	GSM3387496_2NF_middle_Ctrl_rep1.CEL		NRW_CHEMBL351487_14.38uM_24h_1
GSM3387497_2NF_middle_Ctrl_rep2		2-Nitrofluorene	CHEMBL351487	GTX	C	TRUE		14.38	uM	24	h	2	Solvent	GSM3387497_2NF_middle_Ctrl_rep2.CEL		NRW_CHEMBL351487_14.38uM_24h_2
GSM3387498_2NF_middle_Ctrl_rep3		2-Nitrofluorene	CHEMBL351487	GTX	C	TRUE		14.38	uM	24	h	3	Solvent	GSM3387498_2NF_middle_Ctrl_rep3.CEL		NRW_CHEMBL351487_14.38uM_24h_3
GSM3387499_2NF_middle_Expr_rep1		2-Nitrofluorene	CHEMBL351487	GTX	C	FALSE	GSM3387499_2NF_middle_Expr_rep1	14.38	uM	24	h	1	Solvent	GSM3387499_2NF_middle_Expr_rep1.CEL	GSM3387496_2NF_middle_Ctrl_rep1.CEL	NRW_CHEMBL351487_14.38uM_24h_1
GSM3387500_2NF_middle_Expr_rep2		2-Nitrofluorene	CHEMBL351487	GTX	C	FALSE	GSM3387500_2NF_middle_Expr_rep2	14.38	uM	24	h	2	Solvent	GSM3387500_2NF_middle_Expr_rep2.CEL	GSM3387497_2NF_middle_Ctrl_rep2.CEL	NRW_CHEMBL351487_14.38uM_24h_2
GSM3387501_2NF_middle_Expr_rep3		2-Nitrofluorene	CHEMBL351487	GTX	C	FALSE	GSM3387501_2NF_middle_Expr_rep3	14.38	uM	24	h	3	Solvent	GSM3387501_2NF_middle_Expr_rep3.CEL	GSM3387498_2NF_middle_Ctrl_rep3.CEL	NRW_CHEMBL351487_14.38uM_24h_3
GSM3387508_DMN_high_Ctrl_rep1		Dimethylnitrosamine	CHEMBL117311	GTX	C	TRUE		1000	uM	24	h	1	Solvent	GSM3387508_DMN_high_Ctrl_rep1.CEL		NRW_CHEMBL117311_1000uM_24h_1
GSM3387509_DMN_high_Ctrl_rep2		Dimethylnitrosamine	CHEMBL117311	GTX	C	TRUE		1000	uM	24	h	2	Solvent	GSM3387509_DMN_high_Ctrl_rep2.CEL		NRW_CHEMBL117311_1000uM_24h_2
GSM3387510_DMN_high_Ctrl_rep3		Dimethylnitrosamine	CHEMBL117311	GTX	C	TRUE		1000	uM	24	h	3	Solvent	GSM3387510_DMN_high_Ctrl_rep3.CEL		NRW_CHEMBL117311_1000uM_24h_3
GSM3387511_DMN_high_Expr_rep1		Dimethylnitrosamine	CHEMBL117311	GTX	C	FALSE	GSM3387511_DMN_high_Expr_rep1	1000	uM	24	h	1	Solvent	GSM3387511_DMN_high_Expr_rep1.CEL	GSM3387508_DMN_high_Ctrl_rep1.CEL	NRW_CHEMBL117311_1000uM_24h_1
GSM3387512_DMN_high_Expr_rep2		Dimethylnitrosamine	CHEMBL117311	GTX	C	FALSE	GSM3387512_DMN_high_Expr_rep2	1000	uM	24	h	2	Solvent	GSM3387512_DMN_high_Expr_rep2.CEL	GSM3387509_DMN_high_Ctrl_rep2.CEL	NRW_CHEMBL117311_1000uM_24h_2
GSM3387513_DMN_high_Expr_rep3		Dimethylnitrosamine	CHEMBL117311	GTX	C	FALSE	GSM3387513_DMN_high_Expr_rep3	1000	uM	24	h	3	Solvent	GSM3387513_DMN_high_Expr_rep3.CEL	GSM3387510_DMN_high_Ctrl_rep3.CEL	NRW_CHEMBL117311_1000uM_24h_3
GSM3387514_DMN_middle_Ctrl_rep1		Dimethylnitrosamine	CHEMBL117311	GTX	C	TRUE		333	uM	24	h	1	Solvent	GSM3387514_DMN_middle_Ctrl_rep1.CEL		NRW_CHEMBL117311_333uM_24h_1
GSM3387515_DMN_middle_Ctrl_rep2		Dimethylnitrosamine	CHEMBL117311	GTX	C	TRUE		333	uM	24	h	2	Solvent	GSM3387515_DMN_middle_Ctrl_rep2.CEL		NRW_CHEMBL117311_333uM_24h_2
GSM3387516_DMN_middle_Ctrl_rep3		Dimethylnitrosamine	CHEMBL117311	GTX	C	TRUE		333	uM	24	h	3	Solvent	GSM3387516_DMN_middle_Ctrl_rep3.CEL		NRW_CHEMBL117311_333uM_24h_3
GSM3387517_DMN_middle_Expr_rep1		Dimethylnitrosamine	CHEMBL117311	GTX	C	FALSE	GSM3387517_DMN_middle_Expr_rep1	333	uM	24	h	1	Solvent	GSM3387517_DMN_middle_Expr_rep1.CEL	GSM3387514_DMN_middle_Ctrl_rep1.CEL	NRW_CHEMBL117311_333uM_24h_1
GSM3387518_DMN_middle_Expr_rep2		Dimethylnitrosamine	CHEMBL117311	GTX	C	FALSE	GSM3387518_DMN_middle_Expr_rep2	333	uM	24	h	2	Solvent	GSM3387518_DMN_middle_Expr_rep2.CEL	GSM3387515_DMN_middle_Ctrl_rep2.CEL	NRW_CHEMBL117311_333uM_24h_2
GSM3387519_DMN_middle_Expr_rep3		Dimethylnitrosamine	CHEMBL117311	GTX	C	FALSE	GSM3387519_DMN_middle_Expr_rep3	333	uM	24	h	3	Solvent	GSM3387519_DMN_middle_Expr_rep3.CEL	GSM3387516_DMN_middle_Ctrl_rep3.CEL	NRW_CHEMBL117311_333uM_24h_3
GSM3387526_AfB1_high_Ctrl_rep1		Aflatoxin B1	CHEMBL1697694	GTX	C	TRUE		0.0028	uM	24	h	1	Solvent	GSM3387526_AfB1_high_Ctrl_rep1.CEL		NRW_CHEMBL1697694_0.0028uM_24h_1
GSM3387527_AfB1_high_Ctrl_rep2		Aflatoxin B1	CHEMBL1697694	GTX	C	TRUE		0.0028	uM	24	h	2	Solvent	GSM3387527_AfB1_high_Ctrl_rep2.CEL		NRW_CHEMBL1697694_0.0028uM_24h_2
GSM3387528_AfB1_high_Ctrl_rep3		Aflatoxin B1	CHEMBL1697694	GTX	C	TRUE		0.0028	uM	24	h	3	Solvent	GSM3387528_AfB1_high_Ctrl_rep3.CEL		NRW_CHEMBL1697694_0.0028uM_24h_3
GSM3387529_AfB1_high_Expr_rep1		Aflatoxin B1	CHEMBL1697694	GTX	C	FALSE	GSM3387529_AfB1_high_Expr_rep1	0.0028	uM	24	h	1	Solvent	GSM3387529_AfB1_high_Expr_rep1.CEL	GSM3387526_AfB1_high_Ctrl_rep1.CEL	NRW_CHEMBL1697694_0.0028uM_24h_1
GSM3387530_AfB1_high_Expr_rep2		Aflatoxin B1	CHEMBL1697694	GTX	C	FALSE	GSM3387530_AfB1_high_Expr_rep2	0.0028	uM	24	h	2	Solvent	GSM3387530_AfB1_high_Expr_rep2.CEL	GSM3387527_AfB1_high_Ctrl_rep2.CEL	NRW_CHEMBL1697694_0.0028uM_24h_2
GSM3387531_AfB1_high_Expr_rep3		Aflatoxin B1	CHEMBL1697694	GTX	C	FALSE	GSM3387531_AfB1_high_Expr_rep3	0.0028	uM	24	h	3	Solvent	GSM3387531_AfB1_high_Expr_rep3.CEL	GSM3387528_AfB1_high_Ctrl_rep3.CEL	NRW_CHEMBL1697694_0.0028uM_24h_3
GSM3387532_AfB1_middle_Ctrl_rep1		Aflatoxin B1	CHEMBL1697694	GTX	C	TRUE		0.00093	uM	24	h	1	Solvent	GSM3387532_AfB1_middle_Ctrl_rep1.CEL		NRW_CHEMBL1697694_0.00093uM_24h_1
GSM3387533_AfB1_middle_Ctrl_rep2		Aflatoxin B1	CHEMBL1697694	GTX	C	TRUE		0.00093	uM	24	h	2	Solvent	GSM3387533_AfB1_middle_Ctrl_rep2.CEL		NRW_CHEMBL1697694_0.00093uM_24h_2
GSM3387534_AfB1_middle_Ctrl_rep3		Aflatoxin B1	CHEMBL1697694	GTX	C	TRUE		0.00093	uM	24	h	3	Solvent	GSM3387534_AfB1_middle_Ctrl_rep3.CEL		NRW_CHEMBL1697694_0.00093uM_24h_3
GSM3387535_AfB1_middle_Expr_rep1		Aflatoxin B1	CHEMBL1697694	GTX	C	FALSE	GSM3387535_AfB1_middle_Expr_rep1	0.00093	uM	24	h	1	Solvent	GSM3387535_AfB1_middle_Expr_rep1.CEL	GSM3387532_AfB1_middle_Ctrl_rep1.CEL	NRW_CHEMBL1697694_0.00093uM_24h_1
GSM3387536_AfB1_middle_Expr_rep2		Aflatoxin B1	CHEMBL1697694	GTX	C	FALSE	GSM3387536_AfB1_middle_Expr_rep2	0.00093	uM	24	h	2	Solvent	GSM3387536_AfB1_middle_Expr_rep2.CEL	GSM3387533_AfB1_middle_Ctrl_rep2.CEL	NRW_CHEMBL1697694_0.00093uM_24h_2
GSM3387537_AfB1_middle_Expr_rep3		Aflatoxin B1	CHEMBL1697694	GTX	C	FALSE	GSM3387537_AfB1_middle_Expr_rep3	0.00093	uM	24	h	3	Solvent	GSM3387537_AfB1_middle_Expr_rep3.CEL	GSM3387534_AfB1_middle_Ctrl_rep3.CEL	NRW_CHEMBL1697694_0.00093uM_24h_3
GSM3387544_NNM_high_Ctrl_rep1		N-Nitrososmorpholine	CHEMBL165908	GTX	C	TRUE		152.33	uM	24	h	1	Solvent	GSM3387544_NNM_high_Ctrl_rep1.CEL		NRW_CHEMBL165908_152.33uM_24h_1
GSM3387545_NNM_high_Ctrl_rep2		N-Nitrososmorpholine	CHEMBL165908	GTX	C	TRUE		152.33	uM	24	h	2	Solvent	GSM3387545_NNM_high_Ctrl_rep2.CEL		NRW_CHEMBL165908_152.33uM_24h_2
GSM3387546_NNM_high_Ctrl_rep3		N-Nitrososmorpholine	CHEMBL165908	GTX	C	TRUE		152.33	uM	24	h	3	Solvent	GSM3387546_NNM_high_Ctrl_rep3.CEL		NRW_CHEMBL165908_152.33uM_24h_3
GSM3387547_NNM_high_Expr_rep1		N-Nitrososmorpholine	CHEMBL165908	GTX	C	FALSE	GSM3387547_NNM_high_Expr_rep1	152.33	uM	24	h	1	Solvent	GSM3387547_NNM_high_Expr_rep1.CEL	GSM3387544_NNM_high_Ctrl_rep1.CEL	NRW_CHEMBL165908_152.33uM_24h_1
GSM3387548_NNM_high_Expr_rep2		N-Nitrososmorpholine	CHEMBL165908	GTX	C	FALSE	GSM3387548_NNM_high_Expr_rep2	152.33	uM	24	h	2	Solvent	GSM3387548_NNM_high_Expr_rep2.CEL	GSM3387545_NNM_high_Ctrl_rep2.CEL	NRW_CHEMBL165908_152.33uM_24h_2
GSM3387549_NNM_high_Expr_rep3		N-Nitrososmorpholine	CHEMBL165908	GTX	C	FALSE	GSM3387549_NNM_high_Expr_rep3	152.33	uM	24	h	3	Solvent	GSM3387549_NNM_high_Expr_rep3.CEL	GSM3387546_NNM_high_Ctrl_rep3.CEL	NRW_CHEMBL165908_152.33uM_24h_3
GSM3387550_NNM_middle_Ctrl_rep1		N-Nitrososmorpholine	CHEMBL165908	GTX	C	TRUE		50.78	uM	24	h	1	Solvent	GSM3387550_NNM_middle_Ctrl_rep1.CEL		NRW_CHEMBL165908_50.78uM_24h_1
GSM3387551_NNM_middle_Ctrl_rep2		N-Nitrososmorpholine	CHEMBL165908	GTX	C	TRUE		50.78	uM	24	h	2	Solvent	GSM3387551_NNM_middle_Ctrl_rep2.CEL		NRW_CHEMBL165908_50.78uM_24h_2
GSM3387552_NNM_middle_Ctrl_rep3		N-Nitrososmorpholine	CHEMBL165908	GTX	C	TRUE		50.78	uM	24	h	3	Solvent	GSM3387552_NNM_middle_Ctrl_rep3.CEL		NRW_CHEMBL165908_50.78uM_24h_3
GSM3387553_NNM_middle_Expr_rep1		N-Nitrososmorpholine	CHEMBL165908	GTX	C	FALSE	GSM3387553_NNM_middle_Expr_rep1	50.78	uM	24	h	1	Solvent	GSM3387553_NNM_middle_Expr_rep1.CEL	GSM3387550_NNM_middle_Ctrl_rep1.CEL	NRW_CHEMBL165908_50.78uM_24h_1
GSM3387554_NNM_middle_Expr_rep2		N-Nitrososmorpholine	CHEMBL165908	GTX	C	FALSE	GSM3387554_NNM_middle_Expr_rep2	50.78	uM	24	h	2	Solvent	GSM3387554_NNM_middle_Expr_rep2.CEL	GSM3387551_NNM_middle_Ctrl_rep2.CEL	NRW_CHEMBL165908_50.78uM_24h_2
GSM3387555_NNM_middle_Expr_rep3		N-Nitrososmorpholine	CHEMBL165908	GTX	C	FALSE	GSM3387555_NNM_middle_Expr_rep3	50.78	uM	24	h	3	Solvent	GSM3387555_NNM_middle_Expr_rep3.CEL	GSM3387552_NNM_middle_Ctrl_rep3.CEL	NRW_CHEMBL165908_50.78uM_24h_3
GSM3387562_CIDB_high_Ctrl_rep1		C.I Direct Black	CHEMBL3182776	GTX	C	TRUE		17.28	uM	24	h	1	Solvent	GSM3387562_CIDB_high_Ctrl_rep1.CEL		NRW_CHEMBL3182776_17.28uM_24h_1
GSM3387563_CIDB_high_Ctrl_rep2		C.I Direct Black	CHEMBL3182776	GTX	C	TRUE		17.28	uM	24	h	2	Solvent	GSM3387563_CIDB_high_Ctrl_rep2.CEL		NRW_CHEMBL3182776_17.28uM_24h_2
GSM3387564_CIDB_high_Ctrl_rep3		C.I Direct Black	CHEMBL3182776	GTX	C	TRUE		17.28	uM	24	h	3	Solvent	GSM3387564_CIDB_high_Ctrl_rep3.CEL		NRW_CHEMBL3182776_17.28uM_24h_3
GSM3387565_CIDB_high_Expr_rep1		C.I Direct Black	CHEMBL3182776	GTX	C	FALSE	GSM3387565_CIDB_high_Expr_rep1	17.28	uM	24	h	1	Solvent	GSM3387565_CIDB_high_Expr_rep1.CEL	GSM3387562_CIDB_high_Ctrl_rep1.CEL	NRW_CHEMBL3182776_17.28uM_24h_1
GSM3387566_CIDB_high_Expr_rep2		C.I Direct Black	CHEMBL3182776	GTX	C	FALSE	GSM3387566_CIDB_high_Expr_rep2	17.28	uM	24	h	2	Solvent	GSM3387566_CIDB_high_Expr_rep2.CEL	GSM3387563_CIDB_high_Ctrl_rep2.CEL	NRW_CHEMBL3182776_17.28uM_24h_2
GSM3387567_CIDB_high_Expr_rep3		C.I Direct Black	CHEMBL3182776	GTX	C	FALSE	GSM3387567_CIDB_high_Expr_rep3	17.28	uM	24	h	3	Solvent	GSM3387567_CIDB_high_Expr_rep3.CEL	GSM3387564_CIDB_high_Ctrl_rep3.CEL	NRW_CHEMBL3182776_17.28uM_24h_3
GSM3387568_CIDB_middle_Ctrl_rep1		C.I Direct Black	CHEMBL3182776	GTX	C	TRUE		5.76	uM	24	h	1	Solvent	GSM3387568_CIDB_middle_Ctrl_rep1.CEL		NRW_CHEMBL3182776_5.76uM_24h_1
GSM3387569_CIDB_middle_Ctrl_rep2		C.I Direct Black	CHEMBL3182776	GTX	C	TRUE		5.76	uM	24	h	2	Solvent	GSM3387569_CIDB_middle_Ctrl_rep2.CEL		NRW_CHEMBL3182776_5.76uM_24h_2
GSM3387570_CIDB_middle_Ctrl_rep3		C.I Direct Black	CHEMBL3182776	GTX	C	TRUE		5.76	uM	24	h	3	Solvent	GSM3387570_CIDB_middle_Ctrl_rep3.CEL		NRW_CHEMBL3182776_5.76uM_24h_3
GSM3387571_CIDB_middle_Expr_rep1		C.I Direct Black	CHEMBL3182776	GTX	C	FALSE	GSM3387571_CIDB_middle_Expr_rep1	5.76	uM	24	h	1	Solvent	GSM3387571_CIDB_middle_Expr_rep1.CEL	GSM3387568_CIDB_middle_Ctrl_rep1.CEL	NRW_CHEMBL3182776_5.76uM_24h_1
GSM3387572_CIDB_middle_Expr_rep2		C.I Direct Black	CHEMBL3182776	GTX	C	FALSE	GSM3387572_CIDB_middle_Expr_rep2	5.76	uM	24	h	2	Solvent	GSM3387572_CIDB_middle_Expr_rep2.CEL	GSM3387569_CIDB_middle_Ctrl_rep2.CEL	NRW_CHEMBL3182776_5.76uM_24h_2
GSM3387573_CIDB_middle_Expr_rep3		C.I Direct Black	CHEMBL3182776	GTX	C	FALSE	GSM3387573_CIDB_middle_Expr_rep3	5.76	uM	24	h	3	Solvent	GSM3387573_CIDB_middle_Expr_rep3.CEL	GSM3387570_CIDB_middle_Ctrl_rep3.CEL	NRW_CHEMBL3182776_5.76uM_24h_3
GSM3387580_MPy_high_Ctrl_rep1		Methapyrilene HCl	CHEMBL1255739	NGTX	C	TRUE		44.39	uM	24	h	1	Solvent	GSM3387580_MPy_high_Ctrl_rep1.CEL		NRW_CHEMBL1255739_44.39uM_24h_1
GSM3387581_MPy_high_Ctrl_rep2		Methapyrilene HCl	CHEMBL1255739	NGTX	C	TRUE		44.39	uM	24	h	2	Solvent	GSM3387581_MPy_high_Ctrl_rep2.CEL		NRW_CHEMBL1255739_44.39uM_24h_2
GSM3387582_MPy_high_Ctrl_rep3		Methapyrilene HCl	CHEMBL1255739	NGTX	C	TRUE		44.39	uM	24	h	3	Solvent	GSM3387582_MPy_high_Ctrl_rep3.CEL		NRW_CHEMBL1255739_44.39uM_24h_3
GSM3387583_MPy_high_Expr_rep1		Methapyrilene HCl	CHEMBL1255739	NGTX	C	FALSE	GSM3387583_MPy_high_Expr_rep1	44.39	uM	24	h	1	Solvent	GSM3387583_MPy_high_Expr_rep1.CEL	GSM3387580_MPy_high_Ctrl_rep1.CEL	NRW_CHEMBL1255739_44.39uM_24h_1
GSM3387584_MPy_high_Expr_rep2		Methapyrilene HCl	CHEMBL1255739	NGTX	C	FALSE	GSM3387584_MPy_high_Expr_rep2	44.39	uM	24	h	2	Solvent	GSM3387584_MPy_high_Expr_rep2.CEL	GSM3387581_MPy_high_Ctrl_rep2.CEL	NRW_CHEMBL1255739_44.39uM_24h_2
GSM3387585_MPy_high_Expr_rep3		Methapyrilene HCl	CHEMBL1255739	NGTX	C	FALSE	GSM3387585_MPy_high_Expr_rep3	44.39	uM	24	h	3	Solvent	GSM3387585_MPy_high_Expr_rep3.CEL	GSM3387582_MPy_high_Ctrl_rep3.CEL	NRW_CHEMBL1255739_44.39uM_24h_3
GSM3387586_MPy_middle_Ctrl_rep1		Methapyrilene HCl	CHEMBL1255739	NGTX	C	TRUE		14.78	uM	24	h	1	Solvent	GSM3387586_MPy_middle_Ctrl_rep1.CEL		NRW_CHEMBL1255739_14.78uM_24h_1
GSM3387587_MPy_middle_Ctrl_rep2		Methapyrilene HCl	CHEMBL1255739	NGTX	C	TRUE		14.78	uM	24	h	2	Solvent	GSM3387587_MPy_middle_Ctrl_rep2.CEL		NRW_CHEMBL1255739_14.78uM_24h_2
GSM3387588_MPy_middle_Ctrl_rep3		Methapyrilene HCl	CHEMBL1255739	NGTX	C	TRUE		14.78	uM	24	h	3	Solvent	GSM3387588_MPy_middle_Ctrl_rep3.CEL		NRW_CHEMBL1255739_14.78uM_24h_3
GSM3387589_MPy_middle_Expr_rep1		Methapyrilene HCl	CHEMBL1255739	NGTX	C	FALSE	GSM3387589_MPy_middle_Expr_rep1	14.78	uM	24	h	1	Solvent	GSM3387589_MPy_middle_Expr_rep1.CEL	GSM3387586_MPy_middle_Ctrl_rep1.CEL	NRW_CHEMBL1255739_14.78uM_24h_1
GSM3387590_MPy_middle_Expr_rep2		Methapyrilene HCl	CHEMBL1255739	NGTX	C	FALSE	GSM3387590_MPy_middle_Expr_rep2	14.78	uM	24	h	2	Solvent	GSM3387590_MPy_middle_Expr_rep2.CEL	GSM3387587_MPy_middle_Ctrl_rep2.CEL	NRW_CHEMBL1255739_14.78uM_24h_2
GSM3387591_MPy_middle_Expr_rep3		Methapyrilene HCl	CHEMBL1255739	NGTX	C	FALSE	GSM3387591_MPy_middle_Expr_rep3	14.78	uM	24	h	3	Solvent	GSM3387591_MPy_middle_Expr_rep3.CEL	GSM3387588_MPy_middle_Ctrl_rep3.CEL	NRW_CHEMBL1255739_14.78uM_24h_3
GSM3387598_TAA_high_Ctrl_rep1		Thioacetamid	CHEMBL38737	GTX	C	TRUE		78.67	uM	24	h	1	Solvent	GSM3387598_TAA_high_Ctrl_rep1.CEL		NRW_CHEMBL38737_78.67uM_24h_1
GSM3387599_TAA_high_Ctrl_rep2		Thioacetamid	CHEMBL38737	GTX	C	TRUE		78.67	uM	24	h	2	Solvent	GSM3387599_TAA_high_Ctrl_rep2.CEL		NRW_CHEMBL38737_78.67uM_24h_2
GSM3387600_TAA_high_Ctrl_rep3		Thioacetamid	CHEMBL38737	GTX	C	TRUE		78.67	uM	24	h	3	Solvent	GSM3387600_TAA_high_Ctrl_rep3.CEL		NRW_CHEMBL38737_78.67uM_24h_3
GSM3387601_TAA_high_Expr_rep1		Thioacetamid	CHEMBL38737	GTX	C	FALSE	GSM3387601_TAA_high_Expr_rep1	78.67	uM	24	h	1	Solvent	GSM3387601_TAA_high_Expr_rep1.CEL	GSM3387598_TAA_high_Ctrl_rep1.CEL	NRW_CHEMBL38737_78.67uM_24h_1
GSM3387602_TAA_high_Expr_rep2		Thioacetamid	CHEMBL38737	GTX	C	FALSE	GSM3387602_TAA_high_Expr_rep2	78.67	uM	24	h	2	Solvent	GSM3387602_TAA_high_Expr_rep2.CEL	GSM3387599_TAA_high_Ctrl_rep2.CEL	NRW_CHEMBL38737_78.67uM_24h_2
GSM3387603_TAA_high_Expr_rep3		Thioacetamid	CHEMBL38737	GTX	C	FALSE	GSM3387603_TAA_high_Expr_rep3	78.67	uM	24	h	3	Solvent	GSM3387603_TAA_high_Expr_rep3.CEL	GSM3387600_TAA_high_Ctrl_rep3.CEL	NRW_CHEMBL38737_78.67uM_24h_3
GSM3387604_TAA_middle_Ctrl_rep1		Thioacetamid	CHEMBL38737	GTX	C	TRUE		26.22	uM	24	h	1	Solvent	GSM3387604_TAA_middle_Ctrl_rep1.CEL		NRW_CHEMBL38737_26.22uM_24h_1
GSM3387605_TAA_middle_Ctrl_rep2		Thioacetamid	CHEMBL38737	GTX	C	TRUE		26.22	uM	24	h	2	Solvent	GSM3387605_TAA_middle_Ctrl_rep2.CEL		NRW_CHEMBL38737_26.22uM_24h_2
GSM3387606_TAA_middle_Ctrl_rep3		Thioacetamid	CHEMBL38737	GTX	C	TRUE		26.22	uM	24	h	3	Solvent	GSM3387606_TAA_middle_Ctrl_rep3.CEL		NRW_CHEMBL38737_26.22uM_24h_3
GSM3387607_TAA_middle_Expr_rep1		Thioacetamid	CHEMBL38737	GTX	C	FALSE	GSM3387607_TAA_middle_Expr_rep1	26.22	uM	24	h	1	Solvent	GSM3387607_TAA_middle_Expr_rep1.CEL	GSM3387604_TAA_middle_Ctrl_rep1.CEL	NRW_CHEMBL38737_26.22uM_24h_1
GSM3387608_TAA_middle_Expr_rep2		Thioacetamid	CHEMBL38737	GTX	C	FALSE	GSM3387608_TAA_middle_Expr_rep2	26.22	uM	24	h	2	Solvent	GSM3387608_TAA_middle_Expr_rep2.CEL	GSM3387605_TAA_middle_Ctrl_rep2.CEL	NRW_CHEMBL38737_26.22uM_24h_2
GSM3387609_TAA_middle_Expr_rep3		Thioacetamid	CHEMBL38737	GTX	C	FALSE	GSM3387609_TAA_middle_Expr_rep3	26.22	uM	24	h	3	Solvent	GSM3387609_TAA_middle_Expr_rep3.CEL	GSM3387606_TAA_middle_Ctrl_rep3.CEL	NRW_CHEMBL38737_26.22uM_24h_3
GSM3387616_DES_high_Ctrl_rep1		Diethylstilbestrol	CHEMBL411	NGTX	C	TRUE		12.15	uM	24	h	1	Solvent	GSM3387616_DES_high_Ctrl_rep1.CEL		NRW_CHEMBL411_12.15uM_24h_1
GSM3387617_DES_high_Ctrl_rep2		Diethylstilbestrol	CHEMBL411	NGTX	C	TRUE		12.15	uM	24	h	2	Solvent	GSM3387617_DES_high_Ctrl_rep2.CEL		NRW_CHEMBL411_12.15uM_24h_2
GSM3387618_DES_high_Ctrl_rep3		Diethylstilbestrol	CHEMBL411	NGTX	C	TRUE		12.15	uM	24	h	3	Solvent	GSM3387618_DES_high_Ctrl_rep3.CEL		NRW_CHEMBL411_12.15uM_24h_3
GSM3387619_DES_high_Expr_rep1		Diethylstilbestrol	CHEMBL411	NGTX	C	FALSE	GSM3387619_DES_high_Expr_rep1	12.15	uM	24	h	1	Solvent	GSM3387619_DES_high_Expr_rep1.CEL	GSM3387616_DES_high_Ctrl_rep1.CEL	NRW_CHEMBL411_12.15uM_24h_1
GSM3387620_DES_high_Expr_rep2		Diethylstilbestrol	CHEMBL411	NGTX	C	FALSE	GSM3387620_DES_high_Expr_rep2	12.15	uM	24	h	2	Solvent	GSM3387620_DES_high_Expr_rep2.CEL	GSM3387617_DES_high_Ctrl_rep2.CEL	NRW_CHEMBL411_12.15uM_24h_2
GSM3387621_DES_high_Expr_rep3		Diethylstilbestrol	CHEMBL411	NGTX	C	FALSE	GSM3387621_DES_high_Expr_rep3	12.15	uM	24	h	3	Solvent	GSM3387621_DES_high_Expr_rep3.CEL	GSM3387618_DES_high_Ctrl_rep3.CEL	NRW_CHEMBL411_12.15uM_24h_3
GSM3387622_DES_middle_Ctrl_rep1		Diethylstilbestrol	CHEMBL411	NGTX	C	TRUE		4.05	uM	24	h	1	Solvent	GSM3387622_DES_middle_Ctrl_rep1.CEL		NRW_CHEMBL411_4.05uM_24h_1
GSM3387623_DES_middle_Ctrl_rep2		Diethylstilbestrol	CHEMBL411	NGTX	C	TRUE		4.05	uM	24	h	2	Solvent	GSM3387623_DES_middle_Ctrl_rep2.CEL		NRW_CHEMBL411_4.05uM_24h_2
GSM3387624_DES_middle_Ctrl_rep3		Diethylstilbestrol	CHEMBL411	NGTX	C	TRUE		4.05	uM	24	h	3	Solvent	GSM3387624_DES_middle_Ctrl_rep3.CEL		NRW_CHEMBL411_4.05uM_24h_3
GSM3387625_DES_middle_Expr_rep1		Diethylstilbestrol	CHEMBL411	NGTX	C	FALSE	GSM3387625_DES_middle_Expr_rep1	4.05	uM	24	h	1	Solvent	GSM3387625_DES_middle_Expr_rep1.CEL	GSM3387622_DES_middle_Ctrl_rep1.CEL	NRW_CHEMBL411_4.05uM_24h_1
GSM3387626_DES_middle_Expr_rep2		Diethylstilbestrol	CHEMBL411	NGTX	C	FALSE	GSM3387626_DES_middle_Expr_rep2	4.05	uM	24	h	2	Solvent	GSM3387626_DES_middle_Expr_rep2.CEL	GSM3387623_DES_middle_Ctrl_rep2.CEL	NRW_CHEMBL411_4.05uM_24h_2
GSM3387627_DES_middle_Expr_rep3		Diethylstilbestrol	CHEMBL411	NGTX	C	FALSE	GSM3387627_DES_middle_Expr_rep3	4.05	uM	24	h	3	Solvent	GSM3387627_DES_middle_Expr_rep3.CEL	GSM3387624_DES_middle_Ctrl_rep3.CEL	NRW_CHEMBL411_4.05uM_24h_3
GSM3387634_Wy_high_Ctrl_rep1		Wy-14643	CHEMBL295416	NGTX	C	TRUE		540.43	uM	24	h	1	Solvent	GSM3387634_Wy_high_Ctrl_rep1.CEL		NRW_CHEMBL295416_540.43uM_24h_1
GSM3387635_Wy_high_Ctrl_rep2		Wy-14643	CHEMBL295416	NGTX	C	TRUE		540.43	uM	24	h	2	Solvent	GSM3387635_Wy_high_Ctrl_rep2.CEL		NRW_CHEMBL295416_540.43uM_24h_2
GSM3387636_Wy_high_Ctrl_rep3		Wy-14643	CHEMBL295416	NGTX	C	TRUE		540.43	uM	24	h	3	Solvent	GSM3387636_Wy_high_Ctrl_rep3.CEL		NRW_CHEMBL295416_540.43uM_24h_3
GSM3387637_Wy_high_Expr_rep1		Wy-14643	CHEMBL295416	NGTX	C	FALSE	GSM3387637_Wy_high_Expr_rep1	540.43	uM	24	h	1	Solvent	GSM3387637_Wy_high_Expr_rep1.CEL	GSM3387634_Wy_high_Ctrl_rep1.CEL	NRW_CHEMBL295416_540.43uM_24h_1
GSM3387638_Wy_high_Expr_rep2		Wy-14643	CHEMBL295416	NGTX	C	FALSE	GSM3387638_Wy_high_Expr_rep2	540.43	uM	24	h	2	Solvent	GSM3387638_Wy_high_Expr_rep2.CEL	GSM3387635_Wy_high_Ctrl_rep2.CEL	NRW_CHEMBL295416_540.43uM_24h_2
GSM3387639_Wy_high_Expr_rep3		Wy-14643	CHEMBL295416	NGTX	C	FALSE	GSM3387639_Wy_high_Expr_rep3	540.43	uM	24	h	3	Solvent	GSM3387639_Wy_high_Expr_rep3.CEL	GSM3387636_Wy_high_Ctrl_rep3.CEL	NRW_CHEMBL295416_540.43uM_24h_3
GSM3387640_Wy_middle_Ctrl_rep1		Wy-14643	CHEMBL295416	NGTX	C	TRUE		180.14	uM	24	h	1	Solvent	GSM3387640_Wy_middle_Ctrl_rep1.CEL		NRW_CHEMBL295416_180.14uM_24h_1
GSM3387641_Wy_middle_Ctrl_rep2		Wy-14643	CHEMBL295416	NGTX	C	TRUE		180.14	uM	24	h	2	Solvent	GSM3387641_Wy_middle_Ctrl_rep2.CEL		NRW_CHEMBL295416_180.14uM_24h_2
GSM3387642_Wy_middle_Ctrl_rep3		Wy-14643	CHEMBL295416	NGTX	C	TRUE		180.14	uM	24	h	3	Solvent	GSM3387642_Wy_middle_Ctrl_rep3.CEL		NRW_CHEMBL295416_180.14uM_24h_3
GSM3387643_Wy_middle_Expr_rep1		Wy-14643	CHEMBL295416	NGTX	C	FALSE	GSM3387643_Wy_middle_Expr_rep1	180.14	uM	24	h	1	Solvent	GSM3387643_Wy_middle_Expr_rep1.CEL	GSM3387640_Wy_middle_Ctrl_rep1.CEL	NRW_CHEMBL295416_180.14uM_24h_1
GSM3387644_Wy_middle_Expr_rep2		Wy-14643	CHEMBL295416	NGTX	C	FALSE	GSM3387644_Wy_middle_Expr_rep2	180.14	uM	24	h	2	Solvent	GSM3387644_Wy_middle_Expr_rep2.CEL	GSM3387641_Wy_middle_Ctrl_rep2.CEL	NRW_CHEMBL295416_180.14uM_24h_2
GSM3387645_Wy_middle_Expr_rep3		Wy-14643	CHEMBL295416	NGTX	C	FALSE	GSM3387645_Wy_middle_Expr_rep3	180.14	uM	24	h	3	Solvent	GSM3387645_Wy_middle_Expr_rep3.CEL	GSM3387642_Wy_middle_Ctrl_rep3.CEL	NRW_CHEMBL295416_180.14uM_24h_3
GSM3387652_PBO_high_Ctrl_rep1		Piperonylbutoxide	CHEMBL1201131	NGTX	C	TRUE		31.69	uM	24	h	1	Solvent	GSM3387652_PBO_high_Ctrl_rep1.CEL		NRW_CHEMBL1201131_31.69uM_24h_1
GSM3387653_PBO_high_Ctrl_rep2		Piperonylbutoxide	CHEMBL1201131	NGTX	C	TRUE		31.69	uM	24	h	2	Solvent	GSM3387653_PBO_high_Ctrl_rep2.CEL		NRW_CHEMBL1201131_31.69uM_24h_2
GSM3387654_PBO_high_Ctrl_rep3		Piperonylbutoxide	CHEMBL1201131	NGTX	C	TRUE		31.69	uM	24	h	3	Solvent	GSM3387654_PBO_high_Ctrl_rep3.CEL		NRW_CHEMBL1201131_31.69uM_24h_3
GSM3387655_PBO_high_Expr_rep1		Piperonylbutoxide	CHEMBL1201131	NGTX	C	FALSE	GSM3387655_PBO_high_Expr_rep1	31.69	uM	24	h	1	Solvent	GSM3387655_PBO_high_Expr_rep1.CEL	GSM3387652_PBO_high_Ctrl_rep1.CEL	NRW_CHEMBL1201131_31.69uM_24h_1
GSM3387656_PBO_high_Expr_rep2		Piperonylbutoxide	CHEMBL1201131	NGTX	C	FALSE	GSM3387656_PBO_high_Expr_rep2	31.69	uM	24	h	2	Solvent	GSM3387656_PBO_high_Expr_rep2.CEL	GSM3387653_PBO_high_Ctrl_rep2.CEL	NRW_CHEMBL1201131_31.69uM_24h_2
GSM3387657_PBO_high_Expr_rep3		Piperonylbutoxide	CHEMBL1201131	NGTX	C	FALSE	GSM3387657_PBO_high_Expr_rep3	31.69	uM	24	h	3	Solvent	GSM3387657_PBO_high_Expr_rep3.CEL	GSM3387654_PBO_high_Ctrl_rep3.CEL	NRW_CHEMBL1201131_31.69uM_24h_3
GSM3387658_PBO_middle_Ctrl_rep1		Piperonylbutoxide	CHEMBL1201131	NGTX	C	TRUE		10.56	uM	24	h	1	Solvent	GSM3387658_PBO_middle_Ctrl_rep1.CEL		NRW_CHEMBL1201131_10.56uM_24h_1
GSM3387659_PBO_middle_Ctrl_rep2		Piperonylbutoxide	CHEMBL1201131	NGTX	C	TRUE		10.56	uM	24	h	2	Solvent	GSM3387659_PBO_middle_Ctrl_rep2.CEL		NRW_CHEMBL1201131_10.56uM_24h_2
GSM3387660_PBO_middle_Ctrl_rep3		Piperonylbutoxide	CHEMBL1201131	NGTX	C	TRUE		10.56	uM	24	h	3	Solvent	GSM3387660_PBO_middle_Ctrl_rep3.CEL		NRW_CHEMBL1201131_10.56uM_24h_3
GSM3387661_PBO_middle_Expr_rep1		Piperonylbutoxide	CHEMBL1201131	NGTX	C	FALSE	GSM3387661_PBO_middle_Expr_rep1	10.56	uM	24	h	1	Solvent	GSM3387661_PBO_middle_Expr_rep1.CEL	GSM3387658_PBO_middle_Ctrl_rep1.CEL	NRW_CHEMBL1201131_10.56uM_24h_1
GSM3387662_PBO_middle_Expr_rep2		Piperonylbutoxide	CHEMBL1201131	NGTX	C	FALSE	GSM3387662_PBO_middle_Expr_rep2	10.56	uM	24	h	2	Solvent	GSM3387662_PBO_middle_Expr_rep2.CEL	GSM3387659_PBO_middle_Ctrl_rep2.CEL	NRW_CHEMBL1201131_10.56uM_24h_2
GSM3387663_PBO_middle_Expr_rep3		Piperonylbutoxide	CHEMBL1201131	NGTX	C	FALSE	GSM3387663_PBO_middle_Expr_rep3	10.56	uM	24	h	3	Solvent	GSM3387663_PBO_middle_Expr_rep3.CEL	GSM3387660_PBO_middle_Ctrl_rep3.CEL	NRW_CHEMBL1201131_10.56uM_24h_3
GSM3387670_CFX_high_Ctrl_rep1		Cefuroxime	CHEMBL1436	NGTX	C	TRUE		679.09	uM	24	h	1	Solvent	GSM3387670_CFX_high_Ctrl_rep1.CEL		NRW_CHEMBL1436_679.09uM_24h_1
GSM3387671_CFX_high_Ctrl_rep2		Cefuroxime	CHEMBL1436	NGTX	C	TRUE		679.09	uM	24	h	2	Solvent	GSM3387671_CFX_high_Ctrl_rep2.CEL		NRW_CHEMBL1436_679.09uM_24h_2
GSM3387672_CFX_high_Ctrl_rep3		Cefuroxime	CHEMBL1436	NGTX	C	TRUE		679.09	uM	24	h	3	Solvent	GSM3387672_CFX_high_Ctrl_rep3.CEL		NRW_CHEMBL1436_679.09uM_24h_3
GSM3387673_CFX_high_Expr_rep1		Cefuroxime	CHEMBL1436	NGTX	C	FALSE	GSM3387673_CFX_high_Expr_rep1	679.09	uM	24	h	1	Solvent	GSM3387673_CFX_high_Expr_rep1.CEL	GSM3387670_CFX_high_Ctrl_rep1.CEL	NRW_CHEMBL1436_679.09uM_24h_1
GSM3387674_CFX_high_Expr_rep2		Cefuroxime	CHEMBL1436	NGTX	C	FALSE	GSM3387674_CFX_high_Expr_rep2	679.09	uM	24	h	2	Solvent	GSM3387674_CFX_high_Expr_rep2.CEL	GSM3387671_CFX_high_Ctrl_rep2.CEL	NRW_CHEMBL1436_679.09uM_24h_2
GSM3387675_CFX_high_Expr_rep3		Cefuroxime	CHEMBL1436	NGTX	C	FALSE	GSM3387675_CFX_high_Expr_rep3	679.09	uM	24	h	3	Solvent	GSM3387675_CFX_high_Expr_rep3.CEL	GSM3387672_CFX_high_Ctrl_rep3.CEL	NRW_CHEMBL1436_679.09uM_24h_3
GSM3387676_CFX_middle_Ctrl_rep1		Cefuroxime	CHEMBL1436	NGTX	C	TRUE		226.36	uM	24	h	1	Solvent	GSM3387676_CFX_middle_Ctrl_rep1.CEL		NRW_CHEMBL1436_226.36uM_24h_1
GSM3387677_CFX_middle_Ctrl_rep2		Cefuroxime	CHEMBL1436	NGTX	C	TRUE		226.36	uM	24	h	2	Solvent	GSM3387677_CFX_middle_Ctrl_rep2.CEL		NRW_CHEMBL1436_226.36uM_24h_2
GSM3387678_CFX_middle_Ctrl_rep3		Cefuroxime	CHEMBL1436	NGTX	C	TRUE		226.36	uM	24	h	3	Solvent	GSM3387678_CFX_middle_Ctrl_rep3.CEL		NRW_CHEMBL1436_226.36uM_24h_3
GSM3387679_CFX_middle_Expr_rep1		Cefuroxime	CHEMBL1436	NGTX	C	FALSE	GSM3387679_CFX_middle_Expr_rep1	226.36	uM	24	h	1	Solvent	GSM3387679_CFX_middle_Expr_rep1.CEL	GSM3387676_CFX_middle_Ctrl_rep1.CEL	NRW_CHEMBL1436_226.36uM_24h_1
GSM3387680_CFX_middle_Expr_rep2		Cefuroxime	CHEMBL1436	NGTX	C	FALSE	GSM3387680_CFX_middle_Expr_rep2	226.36	uM	24	h	2	Solvent	GSM3387680_CFX_middle_Expr_rep2.CEL	GSM3387677_CFX_middle_Ctrl_rep2.CEL	NRW_CHEMBL1436_226.36uM_24h_2
GSM3387681_CFX_middle_Expr_rep3		Cefuroxime	CHEMBL1436	NGTX	C	FALSE	GSM3387681_CFX_middle_Expr_rep3	226.36	uM	24	h	3	Solvent	GSM3387681_CFX_middle_Expr_rep3.CEL	GSM3387678_CFX_middle_Ctrl_rep3.CEL	NRW_CHEMBL1436_226.36uM_24h_3
GSM3387688_Nif_high_Ctrl_rep1		Nifedipine	CHEMBL193	NGTX	NC	TRUE		600	uM	24	h	1	Solvent	GSM3387688_Nif_high_Ctrl_rep1.CEL		NRW_CHEMBL193_600uM_24h_1
GSM3387689_Nif_high_Ctrl_rep2		Nifedipine	CHEMBL193	NGTX	NC	TRUE		600	uM	24	h	2	Solvent	GSM3387689_Nif_high_Ctrl_rep2.CEL		NRW_CHEMBL193_600uM_24h_2
GSM3387690_Nif_high_Ctrl_rep3		Nifedipine	CHEMBL193	NGTX	NC	TRUE		600	uM	24	h	3	Solvent	GSM3387690_Nif_high_Ctrl_rep3.CEL		NRW_CHEMBL193_600uM_24h_3
GSM3387691_Nif_high_Expr_rep1		Nifedipine	CHEMBL193	NGTX	NC	FALSE	GSM3387691_Nif_high_Expr_rep1	600	uM	24	h	1	Solvent	GSM3387691_Nif_high_Expr_rep1.CEL	GSM3387688_Nif_high_Ctrl_rep1.CEL	NRW_CHEMBL193_600uM_24h_1
GSM3387692_Nif_high_Expr_rep2		Nifedipine	CHEMBL193	NGTX	NC	FALSE	GSM3387692_Nif_high_Expr_rep2	600	uM	24	h	2	Solvent	GSM3387692_Nif_high_Expr_rep2.CEL	GSM3387689_Nif_high_Ctrl_rep2.CEL	NRW_CHEMBL193_600uM_24h_2
GSM3387693_Nif_high_Expr_rep3		Nifedipine	CHEMBL193	NGTX	NC	FALSE	GSM3387693_Nif_high_Expr_rep3	600	uM	24	h	3	Solvent	GSM3387693_Nif_high_Expr_rep3.CEL	GSM3387690_Nif_high_Ctrl_rep3.CEL	NRW_CHEMBL193_600uM_24h_3
GSM3387694_Nif_middle_Ctrl_rep1		Nifedipine	CHEMBL193	NGTX	NC	TRUE		200	uM	24	h	1	Solvent	GSM3387694_Nif_middle_Ctrl_rep1.CEL		NRW_CHEMBL193_200uM_24h_1
GSM3387695_Nif_middle_Ctrl_rep2		Nifedipine	CHEMBL193	NGTX	NC	TRUE		200	uM	24	h	2	Solvent	GSM3387695_Nif_middle_Ctrl_rep2.CEL		NRW_CHEMBL193_200uM_24h_2
GSM3387696_Nif_middle_Ctrl_rep3		Nifedipine	CHEMBL193	NGTX	NC	TRUE		200	uM	24	h	3	Solvent	GSM3387696_Nif_middle_Ctrl_rep3.CEL		NRW_CHEMBL193_200uM_24h_3
GSM3387697_Nif_middle_Expr_rep1		Nifedipine	CHEMBL193	NGTX	NC	FALSE	GSM3387697_Nif_middle_Expr_rep1	200	uM	24	h	1	Solvent	GSM3387697_Nif_middle_Expr_rep1.CEL	GSM3387694_Nif_middle_Ctrl_rep1.CEL	NRW_CHEMBL193_200uM_24h_1
GSM3387698_Nif_middle_Expr_rep2		Nifedipine	CHEMBL193	NGTX	NC	FALSE	GSM3387698_Nif_middle_Expr_rep2	200	uM	24	h	2	Solvent	GSM3387698_Nif_middle_Expr_rep2.CEL	GSM3387695_Nif_middle_Ctrl_rep2.CEL	NRW_CHEMBL193_200uM_24h_2
GSM3387699_Nif_middle_Expr_rep3		Nifedipine	CHEMBL193	NGTX	NC	FALSE	GSM3387699_Nif_middle_Expr_rep3	200	uM	24	h	3	Solvent	GSM3387699_Nif_middle_Expr_rep3.CEL	GSM3387696_Nif_middle_Ctrl_rep3.CEL	NRW_CHEMBL193_200uM_24h_3
GSM3387706_Prop_high_Ctrl_rep1		Propranolol	CHEMBL27	NGTX	NC	TRUE		42.86	uM	24	h	1	Solvent	GSM3387706_Prop_high_Ctrl_rep1.CEL		NRW_CHEMBL27_42.86uM_24h_1
GSM3387707_Prop_high_Ctrl_rep2		Propranolol	CHEMBL27	NGTX	NC	TRUE		42.86	uM	24	h	2	Solvent	GSM3387707_Prop_high_Ctrl_rep2.CEL		NRW_CHEMBL27_42.86uM_24h_2
GSM3387708_Prop_high_Ctrl_rep3		Propranolol	CHEMBL27	NGTX	NC	TRUE		42.86	uM	24	h	3	Solvent	GSM3387708_Prop_high_Ctrl_rep3.CEL		NRW_CHEMBL27_42.86uM_24h_3
GSM3387709_Prop_high_Expr_rep1		Propranolol	CHEMBL27	NGTX	NC	FALSE	GSM3387709_Prop_high_Expr_rep1	42.86	uM	24	h	1	Solvent	GSM3387709_Prop_high_Expr_rep1.CEL	GSM3387706_Prop_high_Ctrl_rep1.CEL	NRW_CHEMBL27_42.86uM_24h_1
GSM3387710_Prop_high_Expr_rep2		Propranolol	CHEMBL27	NGTX	NC	FALSE	GSM3387710_Prop_high_Expr_rep2	42.86	uM	24	h	2	Solvent	GSM3387710_Prop_high_Expr_rep2.CEL	GSM3387707_Prop_high_Ctrl_rep2.CEL	NRW_CHEMBL27_42.86uM_24h_2
GSM3387711_Prop_high_Expr_rep3		Propranolol	CHEMBL27	NGTX	NC	FALSE	GSM3387711_Prop_high_Expr_rep3	42.86	uM	24	h	3	Solvent	GSM3387711_Prop_high_Expr_rep3.CEL	GSM3387708_Prop_high_Ctrl_rep3.CEL	NRW_CHEMBL27_42.86uM_24h_3
GSM3387712_Prop_middle_Ctrl_rep1		Propranolol	CHEMBL27	NGTX	NC	TRUE		14.29	uM	24	h	1	Solvent	GSM3387712_Prop_middle_Ctrl_rep1.CEL		NRW_CHEMBL27_14.29uM_24h_1
GSM3387713_Prop_middle_Ctrl_rep2		Propranolol	CHEMBL27	NGTX	NC	TRUE		14.29	uM	24	h	2	Solvent	GSM3387713_Prop_middle_Ctrl_rep2.CEL		NRW_CHEMBL27_14.29uM_24h_2
GSM3387714_Prop_middle_Ctrl_rep3		Propranolol	CHEMBL27	NGTX	NC	TRUE		14.29	uM	24	h	3	Solvent	GSM3387714_Prop_middle_Ctrl_rep3.CEL		NRW_CHEMBL27_14.29uM_24h_3
GSM3387715_Prop_middle_Expr_rep1		Propranolol	CHEMBL27	NGTX	NC	FALSE	GSM3387715_Prop_middle_Expr_rep1	14.29	uM	24	h	1	Solvent	GSM3387715_Prop_middle_Expr_rep1.CEL	GSM3387712_Prop_middle_Ctrl_rep1.CEL	NRW_CHEMBL27_14.29uM_24h_1
GSM3387716_Prop_middle_Expr_rep2		Propranolol	CHEMBL27	NGTX	NC	FALSE	GSM3387716_Prop_middle_Expr_rep2	14.29	uM	24	h	2	Solvent	GSM3387716_Prop_middle_Expr_rep2.CEL	GSM3387713_Prop_middle_Ctrl_rep2.CEL	NRW_CHEMBL27_14.29uM_24h_2
GSM3387717_Prop_middle_Expr_rep3		Propranolol	CHEMBL27	NGTX	NC	FALSE	GSM3387717_Prop_middle_Expr_rep3	14.29	uM	24	h	3	Solvent	GSM3387717_Prop_middle_Expr_rep3.CEL	GSM3387714_Prop_middle_Ctrl_rep3.CEL	NRW_CHEMBL27_14.29uM_24h_3
GSM3387741_NNK_high_Ctrl_rep1		4-(Methylnitrosamino)-1-(3-pyridyl)-1-butanone	CHEMBL2311069	GTX	C	TRUE		1000	uM	24	h	1	Solvent	GSM3387741_NNK_high_Ctrl_rep1.CEL		NRW_CHEMBL2311069_1000uM_24h_1
GSM3387742_NNK_high_Ctrl_rep2		4-(Methylnitrosamino)-1-(3-pyridyl)-1-butanone	CHEMBL2311069	GTX	C	TRUE		1000	uM	24	h	2	Solvent	GSM3387742_NNK_high_Ctrl_rep2.CEL		NRW_CHEMBL2311069_1000uM_24h_2
GSM3387743_NNK_high_Ctrl_rep3		4-(Methylnitrosamino)-1-(3-pyridyl)-1-butanone	CHEMBL2311069	GTX	C	TRUE		1000	uM	24	h	3	Solvent	GSM3387743_NNK_high_Ctrl_rep3.CEL		NRW_CHEMBL2311069_1000uM_24h_3
GSM3387744_NNK_high_Expr_rep1		4-(Methylnitrosamino)-1-(3-pyridyl)-1-butanone	CHEMBL2311069	GTX	C	FALSE	GSM3387744_NNK_high_Expr_rep1	1000	uM	24	h	1	Solvent	GSM3387744_NNK_high_Expr_rep1.CEL	GSM3387741_NNK_high_Ctrl_rep1.CEL	NRW_CHEMBL2311069_1000uM_24h_1
GSM3387745_NNK_high_Expr_rep2		4-(Methylnitrosamino)-1-(3-pyridyl)-1-butanone	CHEMBL2311069	GTX	C	FALSE	GSM3387745_NNK_high_Expr_rep2	1000	uM	24	h	2	Solvent	GSM3387745_NNK_high_Expr_rep2.CEL	GSM3387742_NNK_high_Ctrl_rep2.CEL	NRW_CHEMBL2311069_1000uM_24h_2
GSM3387746_NNK_high_Expr_rep3		4-(Methylnitrosamino)-1-(3-pyridyl)-1-butanone	CHEMBL2311069	GTX	C	FALSE	GSM3387746_NNK_high_Expr_rep3	1000	uM	24	h	3	Solvent	GSM3387746_NNK_high_Expr_rep3.CEL	GSM3387743_NNK_high_Ctrl_rep3.CEL	NRW_CHEMBL2311069_1000uM_24h_3
GSM3387747_NNK_middle_Ctrl_rep1		4-(Methylnitrosamino)-1-(3-pyridyl)-1-butanone	CHEMBL2311069	GTX	C	TRUE		333	uM	24	h	1	Solvent	GSM3387747_NNK_middle_Ctrl_rep1.CEL		NRW_CHEMBL2311069_333uM_24h_1
GSM3387748_NNK_middle_Ctrl_rep2		4-(Methylnitrosamino)-1-(3-pyridyl)-1-butanone	CHEMBL2311069	GTX	C	TRUE		333	uM	24	h	2	Solvent	GSM3387748_NNK_middle_Ctrl_rep2.CEL		NRW_CHEMBL2311069_333uM_24h_2
GSM3387749_NNK_middle_Ctrl_rep3		4-(Methylnitrosamino)-1-(3-pyridyl)-1-butanone	CHEMBL2311069	GTX	C	TRUE		333	uM	24	h	3	Solvent	GSM3387749_NNK_middle_Ctrl_rep3.CEL		NRW_CHEMBL2311069_333uM_24h_3
GSM3387750_NNK_middle_Expr_rep1		4-(Methylnitrosamino)-1-(3-pyridyl)-1-butanone	CHEMBL2311069	GTX	C	FALSE	GSM3387750_NNK_middle_Expr_rep1	333	uM	24	h	1	Solvent	GSM3387750_NNK_middle_Expr_rep1.CEL	GSM3387747_NNK_middle_Ctrl_rep1.CEL	NRW_CHEMBL2311069_333uM_24h_1
GSM3387751_NNK_middle_Expr_rep2		4-(Methylnitrosamino)-1-(3-pyridyl)-1-butanone	CHEMBL2311069	GTX	C	FALSE	GSM3387751_NNK_middle_Expr_rep2	333	uM	24	h	2	Solvent	GSM3387751_NNK_middle_Expr_rep2.CEL	GSM3387748_NNK_middle_Ctrl_rep2.CEL	NRW_CHEMBL2311069_333uM_24h_2
GSM3387752_NNK_middle_Expr_rep3		4-(Methylnitrosamino)-1-(3-pyridyl)-1-butanone	CHEMBL2311069	GTX	C	FALSE	GSM3387752_NNK_middle_Expr_rep3	333	uM	24	h	3	Solvent	GSM3387752_NNK_middle_Expr_rep3.CEL	GSM3387749_NNK_middle_Ctrl_rep3.CEL	NRW_CHEMBL2311069_333uM_24h_3
GSM3387759_2AAF_high_Ctrl_rep1		2-Acetylaminofluorene	CHEMBL311469	GTX	C	TRUE		0.99	uM	24	h	1	Solvent	GSM3387759_2AAF_high_Ctrl_rep1.CEL		NRW_CHEMBL311469_0.99uM_24h_1
GSM3387760_2AAF_high_Ctrl_rep2		2-Acetylaminofluorene	CHEMBL311469	GTX	C	TRUE		0.99	uM	24	h	2	Solvent	GSM3387760_2AAF_high_Ctrl_rep2.CEL		NRW_CHEMBL311469_0.99uM_24h_2
GSM3387761_2AAF_high_Ctrl_rep3		2-Acetylaminofluorene	CHEMBL311469	GTX	C	TRUE		0.99	uM	24	h	3	Solvent	GSM3387761_2AAF_high_Ctrl_rep3.CEL		NRW_CHEMBL311469_0.99uM_24h_3
GSM3387762_2AAF_high_Expr_rep1		2-Acetylaminofluorene	CHEMBL311469	GTX	C	FALSE	GSM3387762_2AAF_high_Expr_rep1	0.99	uM	24	h	1	Solvent	GSM3387762_2AAF_high_Expr_rep1.CEL	GSM3387759_2AAF_high_Ctrl_rep1.CEL	NRW_CHEMBL311469_0.99uM_24h_1
GSM3387763_2AAF_high_Expr_rep2		2-Acetylaminofluorene	CHEMBL311469	GTX	C	FALSE	GSM3387763_2AAF_high_Expr_rep2	0.99	uM	24	h	2	Solvent	GSM3387763_2AAF_high_Expr_rep2.CEL	GSM3387760_2AAF_high_Ctrl_rep2.CEL	NRW_CHEMBL311469_0.99uM_24h_2
GSM3387764_2AAF_high_Expr_rep3		2-Acetylaminofluorene	CHEMBL311469	GTX	C	FALSE	GSM3387764_2AAF_high_Expr_rep3	0.99	uM	24	h	3	Solvent	GSM3387764_2AAF_high_Expr_rep3.CEL	GSM3387761_2AAF_high_Ctrl_rep3.CEL	NRW_CHEMBL311469_0.99uM_24h_3
GSM3387765_2AAF_middle_Ctrl_rep1		2-Acetylaminofluorene	CHEMBL311469	GTX	C	TRUE		0.33	uM	24	h	1	Solvent	GSM3387765_2AAF_middle_Ctrl_rep1.CEL		NRW_CHEMBL311469_0.33uM_24h_1
GSM3387766_2AAF_middle_Ctrl_rep2		2-Acetylaminofluorene	CHEMBL311469	GTX	C	TRUE		0.33	uM	24	h	2	Solvent	GSM3387766_2AAF_middle_Ctrl_rep2.CEL		NRW_CHEMBL311469_0.33uM_24h_2
GSM3387767_2AAF_middle_Ctrl_rep3		2-Acetylaminofluorene	CHEMBL311469	GTX	C	TRUE		0.33	uM	24	h	3	Solvent	GSM3387767_2AAF_middle_Ctrl_rep3.CEL		NRW_CHEMBL311469_0.33uM_24h_3
GSM3387768_2AAF_middle_Expr_rep1		2-Acetylaminofluorene	CHEMBL311469	GTX	C	FALSE	GSM3387768_2AAF_middle_Expr_rep1	0.33	uM	24	h	1	Solvent	GSM3387768_2AAF_middle_Expr_rep1.CEL	GSM3387765_2AAF_middle_Ctrl_rep1.CEL	NRW_CHEMBL311469_0.33uM_24h_1
GSM3387769_2AAF_middle_Expr_rep2		2-Acetylaminofluorene	CHEMBL311469	GTX	C	FALSE	GSM3387769_2AAF_middle_Expr_rep2	0.33	uM	24	h	2	Solvent	GSM3387769_2AAF_middle_Expr_rep2.CEL	GSM3387766_2AAF_middle_Ctrl_rep2.CEL	NRW_CHEMBL311469_0.33uM_24h_2
GSM3387770_2AAF_middle_Expr_rep3		2-Acetylaminofluorene	CHEMBL311469	GTX	C	FALSE	GSM3387770_2AAF_middle_Expr_rep3	0.33	uM	24	h	3	Solvent	GSM3387770_2AAF_middle_Expr_rep3.CEL	GSM3387767_2AAF_middle_Ctrl_rep3.CEL	NRW_CHEMBL311469_0.33uM_24h_3
GSM3387777_NPip_high_Ctrl_rep1		N-Nitrosopiperidine	CHEMBL165244	GTX	C	TRUE		1000	uM	24	h	1	Solvent	GSM3387777_NPip_high_Ctrl_rep1.CEL		NRW_CHEMBL165244_1000uM_24h_1
GSM3387778_NPip_high_Ctrl_rep2		N-Nitrosopiperidine	CHEMBL165244	GTX	C	TRUE		1000	uM	24	h	2	Solvent	GSM3387778_NPip_high_Ctrl_rep2.CEL		NRW_CHEMBL165244_1000uM_24h_2
GSM3387779_NPip_high_Ctrl_rep3		N-Nitrosopiperidine	CHEMBL165244	GTX	C	TRUE		1000	uM	24	h	3	Solvent	GSM3387779_NPip_high_Ctrl_rep3.CEL		NRW_CHEMBL165244_1000uM_24h_3
GSM3387780_NPip_high_Expr_rep1		N-Nitrosopiperidine	CHEMBL165244	GTX	C	FALSE	GSM3387780_NPip_high_Expr_rep1	1000	uM	24	h	1	Solvent	GSM3387780_NPip_high_Expr_rep1.CEL	GSM3387777_NPip_high_Ctrl_rep1.CEL	NRW_CHEMBL165244_1000uM_24h_1
GSM3387781_NPip_high_Expr_rep2		N-Nitrosopiperidine	CHEMBL165244	GTX	C	FALSE	GSM3387781_NPip_high_Expr_rep2	1000	uM	24	h	2	Solvent	GSM3387781_NPip_high_Expr_rep2.CEL	GSM3387778_NPip_high_Ctrl_rep2.CEL	NRW_CHEMBL165244_1000uM_24h_2
GSM3387782_NPip_high_Expr_rep3		N-Nitrosopiperidine	CHEMBL165244	GTX	C	FALSE	GSM3387782_NPip_high_Expr_rep3	1000	uM	24	h	3	Solvent	GSM3387782_NPip_high_Expr_rep3.CEL	GSM3387779_NPip_high_Ctrl_rep3.CEL	NRW_CHEMBL165244_1000uM_24h_3
GSM3387783_NPip_middle_Ctrl_rep1		N-Nitrosopiperidine	CHEMBL165244	GTX	C	TRUE		333	uM	24	h	1	Solvent	GSM3387783_NPip_middle_Ctrl_rep1.CEL		NRW_CHEMBL165244_333uM_24h_1
GSM3387784_NPip_middle_Ctrl_rep2		N-Nitrosopiperidine	CHEMBL165244	GTX	C	TRUE		333	uM	24	h	2	Solvent	GSM3387784_NPip_middle_Ctrl_rep2.CEL		NRW_CHEMBL165244_333uM_24h_2
GSM3387785_NPip_middle_Ctrl_rep3		N-Nitrosopiperidine	CHEMBL165244	GTX	C	TRUE		333	uM	24	h	3	Solvent	GSM3387785_NPip_middle_Ctrl_rep3.CEL		NRW_CHEMBL165244_333uM_24h_3
GSM3387786_NPip_middle_Expr_rep1		N-Nitrosopiperidine	CHEMBL165244	GTX	C	FALSE	GSM3387786_NPip_middle_Expr_rep1	333	uM	24	h	1	Solvent	GSM3387786_NPip_middle_Expr_rep1.CEL	GSM3387783_NPip_middle_Ctrl_rep1.CEL	NRW_CHEMBL165244_333uM_24h_1
GSM3387787_NPip_middle_Expr_rep2		N-Nitrosopiperidine	CHEMBL165244	GTX	C	FALSE	GSM3387787_NPip_middle_Expr_rep2	333	uM	24	h	2	Solvent	GSM3387787_NPip_middle_Expr_rep2.CEL	GSM3387784_NPip_middle_Ctrl_rep2.CEL	NRW_CHEMBL165244_333uM_24h_2
GSM3387788_NPip_middle_Expr_rep3		N-Nitrosopiperidine	CHEMBL165244	GTX	C	FALSE	GSM3387788_NPip_middle_Expr_rep3	333	uM	24	h	3	Solvent	GSM3387788_NPip_middle_Expr_rep3.CEL	GSM3387785_NPip_middle_Ctrl_rep3.CEL	NRW_CHEMBL165244_333uM_24h_3
GSM3387795_MDA_high_Ctrl_rep1		Methylendianiline	CHEMBL85728	GTX	C	TRUE		9.81	uM	24	h	1	Solvent	GSM3387795_MDA_high_Ctrl_rep1.CEL		NRW_CHEMBL85728_9.81uM_24h_1
GSM3387796_MDA_high_Ctrl_rep2		Methylendianiline	CHEMBL85728	GTX	C	TRUE		9.81	uM	24	h	2	Solvent	GSM3387796_MDA_high_Ctrl_rep2.CEL		NRW_CHEMBL85728_9.81uM_24h_2
GSM3387797_MDA_high_Ctrl_rep3		Methylendianiline	CHEMBL85728	GTX	C	TRUE		9.81	uM	24	h	3	Solvent	GSM3387797_MDA_high_Ctrl_rep3.CEL		NRW_CHEMBL85728_9.81uM_24h_3
GSM3387798_MDA_high_Expr_rep1		Methylendianiline	CHEMBL85728	GTX	C	FALSE	GSM3387798_MDA_high_Expr_rep1	9.81	uM	24	h	1	Solvent	GSM3387798_MDA_high_Expr_rep1.CEL	GSM3387795_MDA_high_Ctrl_rep1.CEL	NRW_CHEMBL85728_9.81uM_24h_1
GSM3387799_MDA_high_Expr_rep2		Methylendianiline	CHEMBL85728	GTX	C	FALSE	GSM3387799_MDA_high_Expr_rep2	9.81	uM	24	h	2	Solvent	GSM3387799_MDA_high_Expr_rep2.CEL	GSM3387796_MDA_high_Ctrl_rep2.CEL	NRW_CHEMBL85728_9.81uM_24h_2
GSM3387800_MDA_high_Expr_rep3		Methylendianiline	CHEMBL85728	GTX	C	FALSE	GSM3387800_MDA_high_Expr_rep3	9.81	uM	24	h	3	Solvent	GSM3387800_MDA_high_Expr_rep3.CEL	GSM3387797_MDA_high_Ctrl_rep3.CEL	NRW_CHEMBL85728_9.81uM_24h_3
GSM3387801_MDA_middle_Ctrl_rep1		Methylendianiline	CHEMBL85728	GTX	C	TRUE		3.27	uM	24	h	1	Solvent	GSM3387801_MDA_middle_Ctrl_rep1.CEL		NRW_CHEMBL85728_3.27uM_24h_1
GSM3387802_MDA_middle_Ctrl_rep2		Methylendianiline	CHEMBL85728	GTX	C	TRUE		3.27	uM	24	h	2	Solvent	GSM3387802_MDA_middle_Ctrl_rep2.CEL		NRW_CHEMBL85728_3.27uM_24h_2
GSM3387803_MDA_middle_Ctrl_rep3		Methylendianiline	CHEMBL85728	GTX	C	TRUE		3.27	uM	24	h	3	Solvent	GSM3387803_MDA_middle_Ctrl_rep3.CEL		NRW_CHEMBL85728_3.27uM_24h_3
GSM3387804_MDA_middle_Expr_rep1		Methylendianiline	CHEMBL85728	GTX	C	FALSE	GSM3387804_MDA_middle_Expr_rep1	3.27	uM	24	h	1	Solvent	GSM3387804_MDA_middle_Expr_rep1.CEL	GSM3387801_MDA_middle_Ctrl_rep1.CEL	NRW_CHEMBL85728_3.27uM_24h_1
GSM3387805_MDA_middle_Expr_rep2		Methylendianiline	CHEMBL85728	GTX	C	FALSE	GSM3387805_MDA_middle_Expr_rep2	3.27	uM	24	h	2	Solvent	GSM3387805_MDA_middle_Expr_rep2.CEL	GSM3387802_MDA_middle_Ctrl_rep2.CEL	NRW_CHEMBL85728_3.27uM_24h_2
GSM3387806_MDA_middle_Expr_rep3		Methylendianiline	CHEMBL85728	GTX	C	FALSE	GSM3387806_MDA_middle_Expr_rep3	3.27	uM	24	h	3	Solvent	GSM3387806_MDA_middle_Expr_rep3.CEL	GSM3387803_MDA_middle_Ctrl_rep3.CEL	NRW_CHEMBL85728_3.27uM_24h_3
GSM3387813_Mcarb_high_Ctrl_rep1		Methylcarbamate	CHEMBL1085707	NGTX	C	TRUE		1000	uM	24	h	1	Solvent	GSM3387813_Mcarb_high_Ctrl_rep1.CEL		NRW_CHEMBL1085707_1000uM_24h_1
GSM3387814_Mcarb_high_Ctrl_rep2		Methylcarbamate	CHEMBL1085707	NGTX	C	TRUE		1000	uM	24	h	2	Solvent	GSM3387814_Mcarb_high_Ctrl_rep2.CEL		NRW_CHEMBL1085707_1000uM_24h_2
GSM3387815_Mcarb_high_Ctrl_rep3		Methylcarbamate	CHEMBL1085707	NGTX	C	TRUE		1000	uM	24	h	3	Solvent	GSM3387815_Mcarb_high_Ctrl_rep3.CEL		NRW_CHEMBL1085707_1000uM_24h_3
GSM3387816_Mcarb_high_Expr_rep1		Methylcarbamate	CHEMBL1085707	NGTX	C	FALSE	GSM3387816_Mcarb_high_Expr_rep1	1000	uM	24	h	1	Solvent	GSM3387816_Mcarb_high_Expr_rep1.CEL	GSM3387813_Mcarb_high_Ctrl_rep1.CEL	NRW_CHEMBL1085707_1000uM_24h_1
GSM3387817_Mcarb_high_Expr_rep2		Methylcarbamate	CHEMBL1085707	NGTX	C	FALSE	GSM3387817_Mcarb_high_Expr_rep2	1000	uM	24	h	2	Solvent	GSM3387817_Mcarb_high_Expr_rep2.CEL	GSM3387814_Mcarb_high_Ctrl_rep2.CEL	NRW_CHEMBL1085707_1000uM_24h_2
GSM3387818_Mcarb_high_Expr_rep3		Methylcarbamate	CHEMBL1085707	NGTX	C	FALSE	GSM3387818_Mcarb_high_Expr_rep3	1000	uM	24	h	3	Solvent	GSM3387818_Mcarb_high_Expr_rep3.CEL	GSM3387815_Mcarb_high_Ctrl_rep3.CEL	NRW_CHEMBL1085707_1000uM_24h_3
GSM3387819_Mcarb_middle_Ctrl_rep1		Methylcarbamate	CHEMBL1085707	NGTX	C	TRUE		333.3	uM	24	h	1	Solvent	GSM3387819_Mcarb_middle_Ctrl_rep1.CEL		NRW_CHEMBL1085707_333.3uM_24h_1
GSM3387820_Mcarb_middle_Ctrl_rep2		Methylcarbamate	CHEMBL1085707	NGTX	C	TRUE		333.3	uM	24	h	2	Solvent	GSM3387820_Mcarb_middle_Ctrl_rep2.CEL		NRW_CHEMBL1085707_333.3uM_24h_2
GSM3387821_Mcarb_middle_Ctrl_rep3		Methylcarbamate	CHEMBL1085707	NGTX	C	TRUE		333.3	uM	24	h	3	Solvent	GSM3387821_Mcarb_middle_Ctrl_rep3.CEL		NRW_CHEMBL1085707_333.3uM_24h_3
GSM3387822_Mcarb_middle_Expr_rep1		Methylcarbamate	CHEMBL1085707	NGTX	C	FALSE	GSM3387822_Mcarb_middle_Expr_rep1	333.3	uM	24	h	1	Solvent	GSM3387822_Mcarb_middle_Expr_rep1.CEL	GSM3387819_Mcarb_middle_Ctrl_rep1.CEL	NRW_CHEMBL1085707_333.3uM_24h_1
GSM3387823_Mcarb_middle_Expr_rep2		Methylcarbamate	CHEMBL1085707	NGTX	C	FALSE	GSM3387823_Mcarb_middle_Expr_rep2	333.3	uM	24	h	2	Solvent	GSM3387823_Mcarb_middle_Expr_rep2.CEL	GSM3387820_Mcarb_middle_Ctrl_rep2.CEL	NRW_CHEMBL1085707_333.3uM_24h_2
GSM3387824_Mcarb_middle_Expr_rep3		Methylcarbamate	CHEMBL1085707	NGTX	C	FALSE	GSM3387824_Mcarb_middle_Expr_rep3	333.3	uM	24	h	3	Solvent	GSM3387824_Mcarb_middle_Expr_rep3.CEL	GSM3387821_Mcarb_middle_Ctrl_rep3.CEL	NRW_CHEMBL1085707_333.3uM_24h_3
GSM3387831_AA_high_Ctrl_rep1		Acetamide	CHEMBL16081	NGTX	C	TRUE		1000	uM	24	h	1	Solvent	GSM3387831_AA_high_Ctrl_rep1.CEL		NRW_CHEMBL16081_1000uM_24h_1
GSM3387832_AA_high_Ctrl_rep2		Acetamide	CHEMBL16081	NGTX	C	TRUE		1000	uM	24	h	2	Solvent	GSM3387832_AA_high_Ctrl_rep2.CEL		NRW_CHEMBL16081_1000uM_24h_2
GSM3387833_AA_high_Ctrl_rep3		Acetamide	CHEMBL16081	NGTX	C	TRUE		1000	uM	24	h	3	Solvent	GSM3387833_AA_high_Ctrl_rep3.CEL		NRW_CHEMBL16081_1000uM_24h_3
GSM3387834_AA_high_Expr_rep1		Acetamide	CHEMBL16081	NGTX	C	FALSE	GSM3387834_AA_high_Expr_rep1	1000	uM	24	h	1	Solvent	GSM3387834_AA_high_Expr_rep1.CEL	GSM3387831_AA_high_Ctrl_rep1.CEL	NRW_CHEMBL16081_1000uM_24h_1
GSM3387835_AA_high_Expr_rep2		Acetamide	CHEMBL16081	NGTX	C	FALSE	GSM3387835_AA_high_Expr_rep2	1000	uM	24	h	2	Solvent	GSM3387835_AA_high_Expr_rep2.CEL	GSM3387832_AA_high_Ctrl_rep2.CEL	NRW_CHEMBL16081_1000uM_24h_2
GSM3387836_AA_high_Expr_rep3		Acetamide	CHEMBL16081	NGTX	C	FALSE	GSM3387836_AA_high_Expr_rep3	1000	uM	24	h	3	Solvent	GSM3387836_AA_high_Expr_rep3.CEL	GSM3387833_AA_high_Ctrl_rep3.CEL	NRW_CHEMBL16081_1000uM_24h_3
GSM3387837_AA_middle_Ctrl_rep1		Acetamide	CHEMBL16081	NGTX	C	TRUE		333.3	uM	24	h	1	Solvent	GSM3387837_AA_middle_Ctrl_rep1.CEL		NRW_CHEMBL16081_333.3uM_24h_1
GSM3387838_AA_middle_Ctrl_rep2		Acetamide	CHEMBL16081	NGTX	C	TRUE		333.3	uM	24	h	2	Solvent	GSM3387838_AA_middle_Ctrl_rep2.CEL		NRW_CHEMBL16081_333.3uM_24h_2
GSM3387839_AA_middle_Ctrl_rep3		Acetamide	CHEMBL16081	NGTX	C	TRUE		333.3	uM	24	h	3	Solvent	GSM3387839_AA_middle_Ctrl_rep3.CEL		NRW_CHEMBL16081_333.3uM_24h_3
GSM3387840_AA_middle_Expr_rep1		Acetamide	CHEMBL16081	NGTX	C	FALSE	GSM3387840_AA_middle_Expr_rep1	333.3	uM	24	h	1	Solvent	GSM3387840_AA_middle_Expr_rep1.CEL	GSM3387837_AA_middle_Ctrl_rep1.CEL	NRW_CHEMBL16081_333.3uM_24h_1
GSM3387841_AA_middle_Expr_rep2		Acetamide	CHEMBL16081	NGTX	C	FALSE	GSM3387841_AA_middle_Expr_rep2	333.3	uM	24	h	2	Solvent	GSM3387841_AA_middle_Expr_rep2.CEL	GSM3387838_AA_middle_Ctrl_rep2.CEL	NRW_CHEMBL16081_333.3uM_24h_2
GSM3387842_AA_middle_Expr_rep3		Acetamide	CHEMBL16081	NGTX	C	FALSE	GSM3387842_AA_middle_Expr_rep3	333.3	uM	24	h	3	Solvent	GSM3387842_AA_middle_Expr_rep3.CEL	GSM3387839_AA_middle_Ctrl_rep3.CEL	NRW_CHEMBL16081_333.3uM_24h_3
GSM3387849_DEHA_middle_Ctrl_rep1		Dehydroepiandrosterone	CHEMBL90593	NGTX	C	TRUE		88.9	uM	24	h	1	Solvent	GSM3387849_DEHA_middle_Ctrl_rep1.CEL		NRW_CHEMBL90593_88.9uM_24h_1
GSM3387850_DEHA_middle_Ctrl_rep2		Dehydroepiandrosterone	CHEMBL90593	NGTX	C	TRUE		88.9	uM	24	h	2	Solvent	GSM3387850_DEHA_middle_Ctrl_rep2.CEL		NRW_CHEMBL90593_88.9uM_24h_2
GSM3387851_DEHA_middle_Ctrl_rep3		Dehydroepiandrosterone	CHEMBL90593	NGTX	C	TRUE		88.9	uM	24	h	3	Solvent	GSM3387851_DEHA_middle_Ctrl_rep3.CEL		NRW_CHEMBL90593_88.9uM_24h_3
GSM3387852_DEHA_middle_Expr_rep1		Dehydroepiandrosterone	CHEMBL90593	NGTX	C	FALSE	GSM3387852_DEHA_middle_Expr_rep1	88.9	uM	24	h	1	Solvent	GSM3387852_DEHA_middle_Expr_rep1.CEL	GSM3387849_DEHA_middle_Ctrl_rep1.CEL	NRW_CHEMBL90593_88.9uM_24h_1
GSM3387853_DEHA_middle_Expr_rep2		Dehydroepiandrosterone	CHEMBL90593	NGTX	C	FALSE	GSM3387853_DEHA_middle_Expr_rep2	88.9	uM	24	h	2	Solvent	GSM3387853_DEHA_middle_Expr_rep2.CEL	GSM3387850_DEHA_middle_Ctrl_rep2.CEL	NRW_CHEMBL90593_88.9uM_24h_2
GSM3387854_DEHA_middle_Expr_rep3		Dehydroepiandrosterone	CHEMBL90593	NGTX	C	FALSE	GSM3387854_DEHA_middle_Expr_rep3	88.9	uM	24	h	3	Solvent	GSM3387854_DEHA_middle_Expr_rep3.CEL	GSM3387851_DEHA_middle_Ctrl_rep3.CEL	NRW_CHEMBL90593_88.9uM_24h_3
GSM3387861_ETH_high_Ctrl_rep1		Ethionine	CHEMBL203187	NGTX	C	TRUE		100	uM	24	h	1	Solvent	GSM3387861_ETH_high_Ctrl_rep1.CEL		NRW_CHEMBL203187_100uM_24h_1
GSM3387862_ETH_high_Ctrl_rep2		Ethionine	CHEMBL203187	NGTX	C	TRUE		100	uM	24	h	2	Solvent	GSM3387862_ETH_high_Ctrl_rep2.CEL		NRW_CHEMBL203187_100uM_24h_2
GSM3387863_ETH_high_Ctrl_rep3		Ethionine	CHEMBL203187	NGTX	C	TRUE		100	uM	24	h	3	Solvent	GSM3387863_ETH_high_Ctrl_rep3.CEL		NRW_CHEMBL203187_100uM_24h_3
GSM3387864_ETH_high_Expr_rep1		Ethionine	CHEMBL203187	NGTX	C	FALSE	GSM3387864_ETH_high_Expr_rep1	100	uM	24	h	1	Solvent	GSM3387864_ETH_high_Expr_rep1.CEL	GSM3387861_ETH_high_Ctrl_rep1.CEL	NRW_CHEMBL203187_100uM_24h_1
GSM3387865_ETH_high_Expr_rep2		Ethionine	CHEMBL203187	NGTX	C	FALSE	GSM3387865_ETH_high_Expr_rep2	100	uM	24	h	2	Solvent	GSM3387865_ETH_high_Expr_rep2.CEL	GSM3387862_ETH_high_Ctrl_rep2.CEL	NRW_CHEMBL203187_100uM_24h_2
GSM3387866_ETH_high_Expr_rep3		Ethionine	CHEMBL203187	NGTX	C	FALSE	GSM3387866_ETH_high_Expr_rep3	100	uM	24	h	3	Solvent	GSM3387866_ETH_high_Expr_rep3.CEL	GSM3387863_ETH_high_Ctrl_rep3.CEL	NRW_CHEMBL203187_100uM_24h_3
GSM3387867_ETH_middle_Ctrl_rep1		Ethionine	CHEMBL203187	NGTX	C	TRUE		33.3	uM	24	h	1	Solvent	GSM3387867_ETH_middle_Ctrl_rep1.CEL		NRW_CHEMBL203187_33.3uM_24h_1
GSM3387868_ETH_middle_Ctrl_rep2		Ethionine	CHEMBL203187	NGTX	C	TRUE		33.3	uM	24	h	2	Solvent	GSM3387868_ETH_middle_Ctrl_rep2.CEL		NRW_CHEMBL203187_33.3uM_24h_2
GSM3387869_ETH_middle_Ctrl_rep3		Ethionine	CHEMBL203187	NGTX	C	TRUE		33.3	uM	24	h	3	Solvent	GSM3387869_ETH_middle_Ctrl_rep3.CEL		NRW_CHEMBL203187_33.3uM_24h_3
GSM3387870_ETH_middle_Expr_rep1		Ethionine	CHEMBL203187	NGTX	C	FALSE	GSM3387870_ETH_middle_Expr_rep1	33.3	uM	24	h	1	Solvent	GSM3387870_ETH_middle_Expr_rep1.CEL	GSM3387867_ETH_middle_Ctrl_rep1.CEL	NRW_CHEMBL203187_33.3uM_24h_1
GSM3387871_ETH_middle_Expr_rep2		Ethionine	CHEMBL203187	NGTX	C	FALSE	GSM3387871_ETH_middle_Expr_rep2	33.3	uM	24	h	2	Solvent	GSM3387871_ETH_middle_Expr_rep2.CEL	GSM3387868_ETH_middle_Ctrl_rep2.CEL	NRW_CHEMBL203187_33.3uM_24h_2
GSM3387872_ETH_middle_Expr_rep3		Ethionine	CHEMBL203187	NGTX	C	FALSE	GSM3387872_ETH_middle_Expr_rep3	33.3	uM	24	h	3	Solvent	GSM3387872_ETH_middle_Expr_rep3.CEL	GSM3387869_ETH_middle_Ctrl_rep3.CEL	NRW_CHEMBL203187_33.3uM_24h_3
GSM3387879_Aap_high_Ctrl_rep1		Acetaminophen	CHEMBL112	GTX	C	TRUE		1000	uM	24	h	1	Solvent	GSM3387879_Aap_high_Ctrl_rep1.CEL		NRW_CHEMBL112_1000uM_24h_1
GSM3387880_Aap_high_Ctrl_rep2		Acetaminophen	CHEMBL112	GTX	C	TRUE		1000	uM	24	h	2	Solvent	GSM3387880_Aap_high_Ctrl_rep2.CEL		NRW_CHEMBL112_1000uM_24h_2
GSM3387881_Aap_high_Ctrl_rep3		Acetaminophen	CHEMBL112	GTX	C	TRUE		1000	uM	24	h	3	Solvent	GSM3387881_Aap_high_Ctrl_rep3.CEL		NRW_CHEMBL112_1000uM_24h_3
GSM3387882_Aap_high_Expr_rep1		Acetaminophen	CHEMBL112	GTX	C	FALSE	GSM3387882_Aap_high_Expr_rep1	1000	uM	24	h	1	Solvent	GSM3387882_Aap_high_Expr_rep1.CEL	GSM3387879_Aap_high_Ctrl_rep1.CEL	NRW_CHEMBL112_1000uM_24h_1
GSM3387883_Aap_high_Expr_rep2		Acetaminophen	CHEMBL112	GTX	C	FALSE	GSM3387883_Aap_high_Expr_rep2	1000	uM	24	h	2	Solvent	GSM3387883_Aap_high_Expr_rep2.CEL	GSM3387880_Aap_high_Ctrl_rep2.CEL	NRW_CHEMBL112_1000uM_24h_2
GSM3387884_Aap_high_Expr_rep3		Acetaminophen	CHEMBL112	GTX	C	FALSE	GSM3387884_Aap_high_Expr_rep3	1000	uM	24	h	3	Solvent	GSM3387884_Aap_high_Expr_rep3.CEL	GSM3387881_Aap_high_Ctrl_rep3.CEL	NRW_CHEMBL112_1000uM_24h_3
GSM3387885_Aap_middle_Ctrl_rep1		Acetaminophen	CHEMBL112	GTX	C	TRUE		333	uM	24	h	1	Solvent	GSM3387885_Aap_middle_Ctrl_rep1.CEL		NRW_CHEMBL112_333uM_24h_1
GSM3387886_Aap_middle_Ctrl_rep2		Acetaminophen	CHEMBL112	GTX	C	TRUE		333	uM	24	h	2	Solvent	GSM3387886_Aap_middle_Ctrl_rep2.CEL		NRW_CHEMBL112_333uM_24h_2
GSM3387887_Aap_middle_Ctrl_rep3		Acetaminophen	CHEMBL112	GTX	C	TRUE		333	uM	24	h	3	Solvent	GSM3387887_Aap_middle_Ctrl_rep3.CEL		NRW_CHEMBL112_333uM_24h_3
GSM3387888_Aap_middle_Expr_rep1		Acetaminophen	CHEMBL112	GTX	C	FALSE	GSM3387888_Aap_middle_Expr_rep1	333	uM	24	h	1	Solvent	GSM3387888_Aap_middle_Expr_rep1.CEL	GSM3387885_Aap_middle_Ctrl_rep1.CEL	NRW_CHEMBL112_333uM_24h_1
GSM3387889_Aap_middle_Expr_rep2		Acetaminophen	CHEMBL112	GTX	C	FALSE	GSM3387889_Aap_middle_Expr_rep2	333	uM	24	h	2	Solvent	GSM3387889_Aap_middle_Expr_rep2.CEL	GSM3387886_Aap_middle_Ctrl_rep2.CEL	NRW_CHEMBL112_333uM_24h_2
GSM3387890_Aap_middle_Expr_rep3		Acetaminophen	CHEMBL112	GTX	C	FALSE	GSM3387890_Aap_middle_Expr_rep3	333	uM	24	h	3	Solvent	GSM3387890_Aap_middle_Expr_rep3.CEL	GSM3387887_Aap_middle_Ctrl_rep3.CEL	NRW_CHEMBL112_333uM_24h_3
GSM3387897_CPA_high_Ctrl_rep1		Cyproterone acetate	CHEMBL139835	NGTX	C	TRUE		100	uM	24	h	1	Solvent	GSM3387897_CPA_high_Ctrl_rep1.CEL		NRW_CHEMBL139835_100uM_24h_1
GSM3387898_CPA_high_Ctrl_rep2		Cyproterone acetate	CHEMBL139835	NGTX	C	TRUE		100	uM	24	h	2	Solvent	GSM3387898_CPA_high_Ctrl_rep2.CEL		NRW_CHEMBL139835_100uM_24h_2
GSM3387899_CPA_high_Ctrl_rep3		Cyproterone acetate	CHEMBL139835	NGTX	C	TRUE		100	uM	24	h	3	Solvent	GSM3387899_CPA_high_Ctrl_rep3.CEL		NRW_CHEMBL139835_100uM_24h_3
GSM3387900_CPA_high_Expr_rep1		Cyproterone acetate	CHEMBL139835	NGTX	C	FALSE	GSM3387900_CPA_high_Expr_rep1	100	uM	24	h	1	Solvent	GSM3387900_CPA_high_Expr_rep1.CEL	GSM3387897_CPA_high_Ctrl_rep1.CEL	NRW_CHEMBL139835_100uM_24h_1
GSM3387901_CPA_high_Expr_rep2		Cyproterone acetate	CHEMBL139835	NGTX	C	FALSE	GSM3387901_CPA_high_Expr_rep2	100	uM	24	h	2	Solvent	GSM3387901_CPA_high_Expr_rep2.CEL	GSM3387898_CPA_high_Ctrl_rep2.CEL	NRW_CHEMBL139835_100uM_24h_2
GSM3387902_CPA_high_Expr_rep3		Cyproterone acetate	CHEMBL139835	NGTX	C	FALSE	GSM3387902_CPA_high_Expr_rep3	100	uM	24	h	3	Solvent	GSM3387902_CPA_high_Expr_rep3.CEL	GSM3387899_CPA_high_Ctrl_rep3.CEL	NRW_CHEMBL139835_100uM_24h_3
GSM3387903_CPA_middle_Ctrl_rep1		Cyproterone acetate	CHEMBL139835	NGTX	C	TRUE		33	uM	24	h	1	Solvent	GSM3387903_CPA_middle_Ctrl_rep1.CEL		NRW_CHEMBL139835_33uM_24h_1
GSM3387904_CPA_middle_Ctrl_rep2		Cyproterone acetate	CHEMBL139835	NGTX	C	TRUE		33	uM	24	h	2	Solvent	GSM3387904_CPA_middle_Ctrl_rep2.CEL		NRW_CHEMBL139835_33uM_24h_2
GSM3387905_CPA_middle_Ctrl_rep3		Cyproterone acetate	CHEMBL139835	NGTX	C	TRUE		33	uM	24	h	3	Solvent	GSM3387905_CPA_middle_Ctrl_rep3.CEL		NRW_CHEMBL139835_33uM_24h_3
GSM3387906_CPA_middle_Expr_rep1		Cyproterone acetate	CHEMBL139835	NGTX	C	FALSE	GSM3387906_CPA_middle_Expr_rep1	33	uM	24	h	1	Solvent	GSM3387906_CPA_middle_Expr_rep1.CEL	GSM3387903_CPA_middle_Ctrl_rep1.CEL	NRW_CHEMBL139835_33uM_24h_1
GSM3387907_CPA_middle_Expr_rep2		Cyproterone acetate	CHEMBL139835	NGTX	C	FALSE	GSM3387907_CPA_middle_Expr_rep2	33	uM	24	h	2	Solvent	GSM3387907_CPA_middle_Expr_rep2.CEL	GSM3387904_CPA_middle_Ctrl_rep2.CEL	NRW_CHEMBL139835_33uM_24h_2
GSM3387908_CPA_middle_Expr_rep3		Cyproterone acetate	CHEMBL139835	NGTX	C	FALSE	GSM3387908_CPA_middle_Expr_rep3	33	uM	24	h	3	Solvent	GSM3387908_CPA_middle_Expr_rep3.CEL	GSM3387905_CPA_middle_Ctrl_rep3.CEL	NRW_CHEMBL139835_33uM_24h_3
GSM3387915_Clon_high_Ctrl_rep1		Clonidine	CHEMBL134	NGTX	NC	TRUE		909	uM	24	h	1	Solvent	GSM3387915_Clon_high_Ctrl_rep1.CEL		NRW_CHEMBL134_909uM_24h_1
GSM3387916_Clon_high_Ctrl_rep2		Clonidine	CHEMBL134	NGTX	NC	TRUE		909	uM	24	h	2	Solvent	GSM3387916_Clon_high_Ctrl_rep2.CEL		NRW_CHEMBL134_909uM_24h_2
GSM3387917_Clon_high_Ctrl_rep3		Clonidine	CHEMBL134	NGTX	NC	TRUE		909	uM	24	h	3	Solvent	GSM3387917_Clon_high_Ctrl_rep3.CEL		NRW_CHEMBL134_909uM_24h_3
GSM3387918_Clon_high_Expr_rep1		Clonidine	CHEMBL134	NGTX	NC	FALSE	GSM3387918_Clon_high_Expr_rep1	909	uM	24	h	1	Solvent	GSM3387918_Clon_high_Expr_rep1.CEL	GSM3387915_Clon_high_Ctrl_rep1.CEL	NRW_CHEMBL134_909uM_24h_1
GSM3387919_Clon_high_Expr_rep2		Clonidine	CHEMBL134	NGTX	NC	FALSE	GSM3387919_Clon_high_Expr_rep2	909	uM	24	h	2	Solvent	GSM3387919_Clon_high_Expr_rep2.CEL	GSM3387916_Clon_high_Ctrl_rep2.CEL	NRW_CHEMBL134_909uM_24h_2
GSM3387920_Clon_high_Expr_rep3		Clonidine	CHEMBL134	NGTX	NC	FALSE	GSM3387920_Clon_high_Expr_rep3	909	uM	24	h	3	Solvent	GSM3387920_Clon_high_Expr_rep3.CEL	GSM3387917_Clon_high_Ctrl_rep3.CEL	NRW_CHEMBL134_909uM_24h_3
GSM3387921_Clon_middle_Ctrl_rep1		Clonidine	CHEMBL134	NGTX	NC	TRUE		303	uM	24	h	1	Solvent	GSM3387921_Clon_middle_Ctrl_rep1.CEL		NRW_CHEMBL134_303uM_24h_1
GSM3387922_Clon_middle_Ctrl_rep2		Clonidine	CHEMBL134	NGTX	NC	TRUE		303	uM	24	h	2	Solvent	GSM3387922_Clon_middle_Ctrl_rep2.CEL		NRW_CHEMBL134_303uM_24h_2
GSM3387923_Clon_middle_Ctrl_rep3		Clonidine	CHEMBL134	NGTX	NC	TRUE		303	uM	24	h	3	Solvent	GSM3387923_Clon_middle_Ctrl_rep3.CEL		NRW_CHEMBL134_303uM_24h_3
GSM3387924_Clon_middle_Expr_rep1		Clonidine	CHEMBL134	NGTX	NC	FALSE	GSM3387924_Clon_middle_Expr_rep1	303	uM	24	h	1	Solvent	GSM3387924_Clon_middle_Expr_rep1.CEL	GSM3387921_Clon_middle_Ctrl_rep1.CEL	NRW_CHEMBL134_303uM_24h_1
GSM3387925_Clon_middle_Expr_rep2		Clonidine	CHEMBL134	NGTX	NC	FALSE	GSM3387925_Clon_middle_Expr_rep2	303	uM	24	h	2	Solvent	GSM3387925_Clon_middle_Expr_rep2.CEL	GSM3387922_Clon_middle_Ctrl_rep2.CEL	NRW_CHEMBL134_303uM_24h_2
GSM3387926_Clon_middle_Expr_rep3		Clonidine	CHEMBL134	NGTX	NC	FALSE	GSM3387926_Clon_middle_Expr_rep3	303	uM	24	h	3	Solvent	GSM3387926_Clon_middle_Expr_rep3.CEL	GSM3387923_Clon_middle_Ctrl_rep3.CEL	NRW_CHEMBL134_303uM_24h_3
GSM3387933_Praz_high_Ctrl_rep1		Prazosin	CHEMBL2	NGTX	NC	TRUE		0.0077	uM	24	h	1	Solvent	GSM3387933_Praz_high_Ctrl_rep1.CEL		NRW_CHEMBL2_0.0077uM_24h_1
GSM3387934_Praz_high_Ctrl_rep2		Prazosin	CHEMBL2	NGTX	NC	TRUE		0.0077	uM	24	h	2	Solvent	GSM3387934_Praz_high_Ctrl_rep2.CEL		NRW_CHEMBL2_0.0077uM_24h_2
GSM3387935_Praz_high_Expr_rep1		Prazosin	CHEMBL2	NGTX	NC	FALSE	GSM3387935_Praz_high_Expr_rep1	0.0077	uM	24	h	1	Solvent	GSM3387935_Praz_high_Expr_rep1.CEL	GSM3387933_Praz_high_Ctrl_rep1.CEL	NRW_CHEMBL2_0.0077uM_24h_1
GSM3387936_Praz_high_Expr_rep2		Prazosin	CHEMBL2	NGTX	NC	FALSE	GSM3387936_Praz_high_Expr_rep2	0.0077	uM	24	h	2	Solvent	GSM3387936_Praz_high_Expr_rep2.CEL	GSM3387934_Praz_high_Ctrl_rep2.CEL	NRW_CHEMBL2_0.0077uM_24h_2
GSM3387937_Praz_high_Expr_rep3		Prazosin	CHEMBL2	NGTX	NC	FALSE	GSM3387937_Praz_high_Expr_rep3	0.0077	uM	24	h	3	Solvent	GSM3387937_Praz_high_Expr_rep3.CEL	GSM3387933_Praz_high_Ctrl_rep1.CEL	NRW_CHEMBL2_0.0077uM_24h_3
GSM3387938_Praz_middle_Ctrl_rep1		Prazosin	CHEMBL2	NGTX	NC	TRUE		0.00257	uM	24	h	1	Solvent	GSM3387938_Praz_middle_Ctrl_rep1.CEL		NRW_CHEMBL2_0.00257uM_24h_1
GSM3387939_Praz_middle_Ctrl_rep2		Prazosin	CHEMBL2	NGTX	NC	TRUE		0.00257	uM	24	h	2	Solvent	GSM3387939_Praz_middle_Ctrl_rep2.CEL		NRW_CHEMBL2_0.00257uM_24h_2
GSM3387940_Praz_middle_Ctrl_rep3		Prazosin	CHEMBL2	NGTX	NC	TRUE		0.00257	uM	24	h	3	Solvent	GSM3387940_Praz_middle_Ctrl_rep3.CEL		NRW_CHEMBL2_0.00257uM_24h_3
GSM3387941_Praz_middle_Expr_rep1		Prazosin	CHEMBL2	NGTX	NC	FALSE	GSM3387941_Praz_middle_Expr_rep1	0.00257	uM	24	h	1	Solvent	GSM3387941_Praz_middle_Expr_rep1.CEL	GSM3387938_Praz_middle_Ctrl_rep1.CEL	NRW_CHEMBL2_0.00257uM_24h_1
GSM3387942_Praz_middle_Expr_rep2		Prazosin	CHEMBL2	NGTX	NC	FALSE	GSM3387942_Praz_middle_Expr_rep2	0.00257	uM	24	h	2	Solvent	GSM3387942_Praz_middle_Expr_rep2.CEL	GSM3387939_Praz_middle_Ctrl_rep2.CEL	NRW_CHEMBL2_0.00257uM_24h_2
GSM3387943_Praz_middle_Expr_rep3		Prazosin	CHEMBL2	NGTX	NC	FALSE	GSM3387943_Praz_middle_Expr_rep3	0.00257	uM	24	h	3	Solvent	GSM3387943_Praz_middle_Expr_rep3.CEL	GSM3387940_Praz_middle_Ctrl_rep3.CEL	NRW_CHEMBL2_0.00257uM_24h_3
GSM3387950_Ibup_high_Ctrl_rep1		Ibuprofen	CHEMBL521	GTX	NC	TRUE		920	uM	24	h	1	Solvent	GSM3387950_Ibup_high_Ctrl_rep1.CEL		NRW_CHEMBL521_920uM_24h_1
GSM3387951_Ibup_high_Ctrl_rep2		Ibuprofen	CHEMBL521	GTX	NC	TRUE		920	uM	24	h	2	Solvent	GSM3387951_Ibup_high_Ctrl_rep2.CEL		NRW_CHEMBL521_920uM_24h_2
GSM3387952_Ibup_high_Ctrl_rep3		Ibuprofen	CHEMBL521	GTX	NC	TRUE		920	uM	24	h	3	Solvent	GSM3387952_Ibup_high_Ctrl_rep3.CEL		NRW_CHEMBL521_920uM_24h_3
GSM3387953_Ibup_high_Expr_rep1		Ibuprofen	CHEMBL521	GTX	NC	FALSE	GSM3387953_Ibup_high_Expr_rep1	920	uM	24	h	1	Solvent	GSM3387953_Ibup_high_Expr_rep1.CEL	GSM3387950_Ibup_high_Ctrl_rep1.CEL	NRW_CHEMBL521_920uM_24h_1
GSM3387954_Ibup_high_Expr_rep2		Ibuprofen	CHEMBL521	GTX	NC	FALSE	GSM3387954_Ibup_high_Expr_rep2	920	uM	24	h	2	Solvent	GSM3387954_Ibup_high_Expr_rep2.CEL	GSM3387951_Ibup_high_Ctrl_rep2.CEL	NRW_CHEMBL521_920uM_24h_2
GSM3387955_Ibup_high_Expr_rep3		Ibuprofen	CHEMBL521	GTX	NC	FALSE	GSM3387955_Ibup_high_Expr_rep3	920	uM	24	h	3	Solvent	GSM3387955_Ibup_high_Expr_rep3.CEL	GSM3387952_Ibup_high_Ctrl_rep3.CEL	NRW_CHEMBL521_920uM_24h_3
GSM3387956_Ibup_middle_Ctrl_rep1		Ibuprofen	CHEMBL521	GTX	NC	TRUE		306.67	uM	24	h	1	Solvent	GSM3387956_Ibup_middle_Ctrl_rep1.CEL		NRW_CHEMBL521_306.67uM_24h_1
GSM3387957_Ibup_middle_Ctrl_rep2		Ibuprofen	CHEMBL521	GTX	NC	TRUE		306.67	uM	24	h	2	Solvent	GSM3387957_Ibup_middle_Ctrl_rep2.CEL		NRW_CHEMBL521_306.67uM_24h_2
GSM3387958_Ibup_middle_Ctrl_rep3		Ibuprofen	CHEMBL521	GTX	NC	TRUE		306.67	uM	24	h	3	Solvent	GSM3387958_Ibup_middle_Ctrl_rep3.CEL		NRW_CHEMBL521_306.67uM_24h_3
GSM3387959_Ibup_middle_Expr_rep1		Ibuprofen	CHEMBL521	GTX	NC	FALSE	GSM3387959_Ibup_middle_Expr_rep1	306.67	uM	24	h	1	Solvent	GSM3387959_Ibup_middle_Expr_rep1.CEL	GSM3387956_Ibup_middle_Ctrl_rep1.CEL	NRW_CHEMBL521_306.67uM_24h_1
GSM3387960_Ibup_middle_Expr_rep2		Ibuprofen	CHEMBL521	GTX	NC	FALSE	GSM3387960_Ibup_middle_Expr_rep2	306.67	uM	24	h	2	Solvent	GSM3387960_Ibup_middle_Expr_rep2.CEL	GSM3387957_Ibup_middle_Ctrl_rep2.CEL	NRW_CHEMBL521_306.67uM_24h_2
GSM3387961_Ibup_middle_Expr_rep3		Ibuprofen	CHEMBL521	GTX	NC	FALSE	GSM3387961_Ibup_middle_Expr_rep3	306.67	uM	24	h	3	Solvent	GSM3387961_Ibup_middle_Expr_rep3.CEL	GSM3387958_Ibup_middle_Ctrl_rep3.CEL	NRW_CHEMBL521_306.67uM_24h_3
GSM3387968_AlAl_high_Ctrl_rep1		Allyl alcohol	CHEMBL234926	NGTX	NC	TRUE		27.69	uM	24	h	1	Solvent	GSM3387968_AlAl_high_Ctrl_rep1.CEL		NRW_CHEMBL234926_27.69uM_24h_1
GSM3387969_AlAl_high_Ctrl_rep2		Allyl alcohol	CHEMBL234926	NGTX	NC	TRUE		27.69	uM	24	h	2	Solvent	GSM3387969_AlAl_high_Ctrl_rep2.CEL		NRW_CHEMBL234926_27.69uM_24h_2
GSM3387970_AlAl_high_Ctrl_rep3		Allyl alcohol	CHEMBL234926	NGTX	NC	TRUE		27.69	uM	24	h	3	Solvent	GSM3387970_AlAl_high_Ctrl_rep3.CEL		NRW_CHEMBL234926_27.69uM_24h_3
GSM3387971_AlAl_high_Expr_rep1		Allyl alcohol	CHEMBL234926	NGTX	NC	FALSE	GSM3387971_AlAl_high_Expr_rep1	27.69	uM	24	h	1	Solvent	GSM3387971_AlAl_high_Expr_rep1.CEL	GSM3387968_AlAl_high_Ctrl_rep1.CEL	NRW_CHEMBL234926_27.69uM_24h_1
GSM3387972_AlAl_high_Expr_rep2		Allyl alcohol	CHEMBL234926	NGTX	NC	FALSE	GSM3387972_AlAl_high_Expr_rep2	27.69	uM	24	h	2	Solvent	GSM3387972_AlAl_high_Expr_rep2.CEL	GSM3387969_AlAl_high_Ctrl_rep2.CEL	NRW_CHEMBL234926_27.69uM_24h_2
GSM3387973_AlAl_high_Expr_rep3		Allyl alcohol	CHEMBL234926	NGTX	NC	FALSE	GSM3387973_AlAl_high_Expr_rep3	27.69	uM	24	h	3	Solvent	GSM3387973_AlAl_high_Expr_rep3.CEL	GSM3387970_AlAl_high_Ctrl_rep3.CEL	NRW_CHEMBL234926_27.69uM_24h_3
GSM3387974_AlAl_middle_Ctrl_rep1		Allyl alcohol	CHEMBL234926	NGTX	NC	TRUE		9.23	uM	24	h	1	Solvent	GSM3387974_AlAl_middle_Ctrl_rep1.CEL		NRW_CHEMBL234926_9.23uM_24h_1
GSM3387975_AlAl_middle_Ctrl_rep2		Allyl alcohol	CHEMBL234926	NGTX	NC	TRUE		9.23	uM	24	h	2	Solvent	GSM3387975_AlAl_middle_Ctrl_rep2.CEL		NRW_CHEMBL234926_9.23uM_24h_2
GSM3387976_AlAl_middle_Ctrl_rep3		Allyl alcohol	CHEMBL234926	NGTX	NC	TRUE		9.23	uM	24	h	3	Solvent	GSM3387976_AlAl_middle_Ctrl_rep3.CEL		NRW_CHEMBL234926_9.23uM_24h_3
GSM3387977_AlAl_middle_Expr_rep1		Allyl alcohol	CHEMBL234926	NGTX	NC	FALSE	GSM3387977_AlAl_middle_Expr_rep1	9.23	uM	24	h	1	Solvent	GSM3387977_AlAl_middle_Expr_rep1.CEL	GSM3387974_AlAl_middle_Ctrl_rep1.CEL	NRW_CHEMBL234926_9.23uM_24h_1
GSM3387978_AlAl_middle_Expr_rep2		Allyl alcohol	CHEMBL234926	NGTX	NC	FALSE	GSM3387978_AlAl_middle_Expr_rep2	9.23	uM	24	h	2	Solvent	GSM3387978_AlAl_middle_Expr_rep2.CEL	GSM3387975_AlAl_middle_Ctrl_rep2.CEL	NRW_CHEMBL234926_9.23uM_24h_2
GSM3387979_AlAl_middle_Expr_rep3		Allyl alcohol	CHEMBL234926	NGTX	NC	FALSE	GSM3387979_AlAl_middle_Expr_rep3	9.23	uM	24	h	3	Solvent	GSM3387979_AlAl_middle_Expr_rep3.CEL	GSM3387976_AlAl_middle_Ctrl_rep3.CEL	NRW_CHEMBL234926_9.23uM_24h_3
GSM3387986_DCB_high_Ctrl_rep1		1,4-Dichlorobenzene	CHEMBL190982	NGTX	NC	TRUE		1000	uM	24	h	1	Solvent	GSM3387986_DCB_high_Ctrl_rep1.CEL		NRW_CHEMBL190982_1000uM_24h_1
GSM3387987_DCB_high_Ctrl_rep2		1,4-Dichlorobenzene	CHEMBL190982	NGTX	NC	TRUE		1000	uM	24	h	2	Solvent	GSM3387987_DCB_high_Ctrl_rep2.CEL		NRW_CHEMBL190982_1000uM_24h_2
GSM3387988_DCB_high_Ctrl_rep3		1,4-Dichlorobenzene	CHEMBL190982	NGTX	NC	TRUE		1000	uM	24	h	3	Solvent	GSM3387988_DCB_high_Ctrl_rep3.CEL		NRW_CHEMBL190982_1000uM_24h_3
GSM3387989_DCB_high_Expr_rep1		1,4-Dichlorobenzene	CHEMBL190982	NGTX	NC	FALSE	GSM3387989_DCB_high_Expr_rep1	1000	uM	24	h	1	Solvent	GSM3387989_DCB_high_Expr_rep1.CEL	GSM3387986_DCB_high_Ctrl_rep1.CEL	NRW_CHEMBL190982_1000uM_24h_1
GSM3387990_DCB_high_Expr_rep2		1,4-Dichlorobenzene	CHEMBL190982	NGTX	NC	FALSE	GSM3387990_DCB_high_Expr_rep2	1000	uM	24	h	2	Solvent	GSM3387990_DCB_high_Expr_rep2.CEL	GSM3387987_DCB_high_Ctrl_rep2.CEL	NRW_CHEMBL190982_1000uM_24h_2
GSM3387991_DCB_high_Expr_rep3		1,4-Dichlorobenzene	CHEMBL190982	NGTX	NC	FALSE	GSM3387991_DCB_high_Expr_rep3	1000	uM	24	h	3	Solvent	GSM3387991_DCB_high_Expr_rep3.CEL	GSM3387988_DCB_high_Ctrl_rep3.CEL	NRW_CHEMBL190982_1000uM_24h_3
GSM3387992_DCB_middle_Ctrl_rep1		1,4-Dichlorobenzene	CHEMBL190982	NGTX	NC	TRUE		333	uM	24	h	1	Solvent	GSM3387992_DCB_middle_Ctrl_rep1.CEL		NRW_CHEMBL190982_333uM_24h_1
GSM3387993_DCB_middle_Ctrl_rep2		1,4-Dichlorobenzene	CHEMBL190982	NGTX	NC	TRUE		333	uM	24	h	2	Solvent	GSM3387993_DCB_middle_Ctrl_rep2.CEL		NRW_CHEMBL190982_333uM_24h_2
GSM3387994_DCB_middle_Ctrl_rep3		1,4-Dichlorobenzene	CHEMBL190982	NGTX	NC	TRUE		333	uM	24	h	3	Solvent	GSM3387994_DCB_middle_Ctrl_rep3.CEL		NRW_CHEMBL190982_333uM_24h_3
GSM3387995_DCB_middle_Expr_rep1		1,4-Dichlorobenzene	CHEMBL190982	NGTX	NC	FALSE	GSM3387995_DCB_middle_Expr_rep1	333	uM	24	h	1	Solvent	GSM3387995_DCB_middle_Expr_rep1.CEL	GSM3387992_DCB_middle_Ctrl_rep1.CEL	NRW_CHEMBL190982_333uM_24h_1
GSM3387996_DCB_middle_Expr_rep2		1,4-Dichlorobenzene	CHEMBL190982	NGTX	NC	FALSE	GSM3387996_DCB_middle_Expr_rep2	333	uM	24	h	2	Solvent	GSM3387996_DCB_middle_Expr_rep2.CEL	GSM3387993_DCB_middle_Ctrl_rep2.CEL	NRW_CHEMBL190982_333uM_24h_2
GSM3387997_DCB_middle_Expr_rep3		1,4-Dichlorobenzene	CHEMBL190982	NGTX	NC	FALSE	GSM3387997_DCB_middle_Expr_rep3	333	uM	24	h	3	Solvent	GSM3387997_DCB_middle_Expr_rep3.CEL	GSM3387994_DCB_middle_Ctrl_rep3.CEL	NRW_CHEMBL190982_333uM_24h_3
GSM3388004_3MC_high_Ctrl_rep1		3-Methylcholanthrene	CHEMBL40583	NGTX	NC	TRUE		5.76	uM	24	h	1	Solvent	GSM3388004_3MC_high_Ctrl_rep1.CEL		NRW_CHEMBL40583_5.76uM_24h_1
GSM3388005_3MC_high_Ctrl_rep2		3-Methylcholanthrene	CHEMBL40583	NGTX	NC	TRUE		5.76	uM	24	h	2	Solvent	GSM3388005_3MC_high_Ctrl_rep2.CEL		NRW_CHEMBL40583_5.76uM_24h_2
GSM3388006_3MC_high_Expr_rep1		3-Methylcholanthrene	CHEMBL40583	NGTX	NC	FALSE	GSM3388006_3MC_high_Expr_rep1	5.76	uM	24	h	1	Solvent	GSM3388006_3MC_high_Expr_rep1.CEL	GSM3388004_3MC_high_Ctrl_rep1.CEL	NRW_CHEMBL40583_5.76uM_24h_1
GSM3388007_3MC_high_Expr_rep2		3-Methylcholanthrene	CHEMBL40583	NGTX	NC	FALSE	GSM3388007_3MC_high_Expr_rep2	5.76	uM	24	h	2	Solvent	GSM3388007_3MC_high_Expr_rep2.CEL	GSM3388005_3MC_high_Ctrl_rep2.CEL	NRW_CHEMBL40583_5.76uM_24h_2
GSM3388008_3MC_middle_Ctrl_rep1		3-Methylcholanthrene	CHEMBL40583	NGTX	NC	TRUE		1.92	uM	24	h	1	Solvent	GSM3388008_3MC_middle_Ctrl_rep1.CEL		NRW_CHEMBL40583_1.92uM_24h_1
GSM3388009_3MC_middle_Ctrl_rep2		3-Methylcholanthrene	CHEMBL40583	NGTX	NC	TRUE		1.92	uM	24	h	2	Solvent	GSM3388009_3MC_middle_Ctrl_rep2.CEL		NRW_CHEMBL40583_1.92uM_24h_2
GSM3388010_3MC_middle_Ctrl_rep3		3-Methylcholanthrene	CHEMBL40583	NGTX	NC	TRUE		1.92	uM	24	h	3	Solvent	GSM3388010_3MC_middle_Ctrl_rep3.CEL		NRW_CHEMBL40583_1.92uM_24h_3
GSM3388011_3MC_middle_Expr_rep1		3-Methylcholanthrene	CHEMBL40583	NGTX	NC	FALSE	GSM3388011_3MC_middle_Expr_rep1	1.92	uM	24	h	1	Solvent	GSM3388011_3MC_middle_Expr_rep1.CEL	GSM3388008_3MC_middle_Ctrl_rep1.CEL	NRW_CHEMBL40583_1.92uM_24h_1
GSM3388012_3MC_middle_Expr_rep2		3-Methylcholanthrene	CHEMBL40583	NGTX	NC	FALSE	GSM3388012_3MC_middle_Expr_rep2	1.92	uM	24	h	2	Solvent	GSM3388012_3MC_middle_Expr_rep2.CEL	GSM3388009_3MC_middle_Ctrl_rep2.CEL	NRW_CHEMBL40583_1.92uM_24h_2
GSM3388013_3MC_middle_Expr_rep3		3-Methylcholanthrene	CHEMBL40583	NGTX	NC	FALSE	GSM3388013_3MC_middle_Expr_rep3	1.92	uM	24	h	3	Solvent	GSM3388013_3MC_middle_Expr_rep3.CEL	GSM3388010_3MC_middle_Ctrl_rep3.CEL	NRW_CHEMBL40583_1.92uM_24h_3
