Characteristics_Subject_ID	Characteristics_Strain	Factor_Value_Compound	Comment_chEMBL_ID	Genotoxicity	Carcinogenicity	Characteristics_Control	Characteristics_Sample_Match	Factor_Value_Dose	Characteristics_DoseUnit	Time	TimeUnit	Replicate	Characteristics_Vehicle	array_file	control_file	final_array_name
DMSO_24h_Exp1_DL-Mouse A1	C57Bl6	dimethylsulfoxide	CHEMBL504			TRUE		0.5	perc	24	h	1	DMSO	study15_gse72081__1L_Mouse430_2_.CEL		study15_CHEMBL504_0.5perc_24h_1
ETOH_24h_Exp1_DL-Mouse A1	C57Bl6	Ethanol	CHEMBL545	NGTX	C	TRUE		0.5	perc	24	h	1	ETOH	study15_gse72081__20L_Mouse430_2_.CEL		study15_CHEMBL545_0.5perc_24h_1
DMSO_48h_Exp1_DL-Mouse A1	C57Bl6	dimethylsulfoxide	CHEMBL504			TRUE		0.5	perc	48	h	1	DMSO	study15_gse72081__25L_Mouse430_2_.CEL		study15_CHEMBL504_0.5perc_48h_1
ETOH_48h_Exp1_DL-Mouse A1	C57Bl6	Ethanol	CHEMBL545	NGTX	C	TRUE		0.5	perc	48	h	1	ETOH	study15_gse72081__44L_Mouse430_2_.CEL		study15_CHEMBL545_0.5perc_48h_1
DMSO_24h_Exp2_DL-Mouse A2	C57Bl6	dimethylsulfoxide	CHEMBL504			TRUE		0.5	perc	24	h	2	DMSO	study15_gse72081__1P_Mouse430_2_.CEL		study15_CHEMBL504_0.5perc_24h_2
ETOH_24h_Exp2_DL-Mouse A2	C57Bl6	Ethanol	CHEMBL545	NGTX	C	TRUE		0.5	perc	24	h	2	ETOH	study15_gse72081__20P_Mouse430_2_.CEL		study15_CHEMBL545_0.5perc_24h_2
DMSO_48h_Exp2_DL-Mouse A2	C57Bl6	dimethylsulfoxide	CHEMBL504			TRUE		0.5	perc	48	h	2	DMSO	study15_gse72081__25P_Mouse430_2_.CEL		study15_CHEMBL504_0.5perc_48h_2
ETOH_48h_Exp2_DL-Mouse A2	C57Bl6	Ethanol	CHEMBL545	NGTX	C	TRUE		0.5	perc	48	h	2	ETOH	study15_gse72081__44P_Mouse430_2_.CEL		study15_CHEMBL545_0.5perc_48h_2
DMSO_24h_Exp3_DL-Mouse A3	C57Bl6	dimethylsulfoxide	CHEMBL504			TRUE		0.5	perc	24	h	3	DMSO	study15_gse72081__1Q_Mouse430_2_.CEL		study15_CHEMBL504_0.5perc_24h_3
ETOH_24h_Exp3_DL-Mouse A3	C57Bl6	Ethanol	CHEMBL545	NGTX	C	TRUE		0.5	perc	24	h	3	ETOH	study15_gse72081__20Q_Mouse430_2_.CEL		study15_CHEMBL545_0.5perc_24h_3
DMSO_48h_Exp3_DL-Mouse A3	C57Bl6	dimethylsulfoxide	CHEMBL504			TRUE		0.5	perc	48	h	3	DMSO	study15_gse72081__25Q_Mouse430_2_.CEL		study15_CHEMBL504_0.5perc_48h_3
ETOH_48h_Exp3_DL-Mouse A3	C57Bl6	Ethanol	CHEMBL545	NGTX	C	TRUE		0.5	perc	48	h	3	ETOH	study15_gse72081__44Q_Mouse430_2_.CEL		study15_CHEMBL545_0.5perc_48h_3
DEHP_24h_Exp1_DL-10	C57Bl6	di(2-ethylhexyl)phthalate	CHEMBL1242017	NGTX	C	FALSE	DMSO_24h_Exp1_DL-Mouse A1	2000	uM	24	h	1	DMSO	study15_gse72081__3I_Mouse430_2_.CEL	study15_gse72081__1L_Mouse430_2_.CEL	study15_CHEMBL1242017_2000uM_24h_1
4AAF_24h_Exp1_DL-10	C57Bl6	4-Acetylaminofluorene	CHEMBL2311070	NGTX	NC	FALSE	DMSO_24h_Exp1_DL-Mouse A1	2.5	uM	24	h	1	DMSO	study15_gse72081__6I_Mouse430_2_.CEL	study15_gse72081__1L_Mouse430_2_.CEL	study15_CHEMBL2311070_2.5uM_24h_1
Cur_24h_Exp1_DL-10	C57Bl6	Curcumin	CHEMBL140	NGTX	NC	FALSE	DMSO_24h_Exp1_DL-Mouse A1	80	uM	24	h	1	DMSO	study15_gse72081__9I_Mouse430_2_.CEL	study15_gse72081__1L_Mouse430_2_.CEL	study15_CHEMBL140_80uM_24h_1
PhB_24h_Exp1_DL-10	C57Bl6	Phenobarbital	CHEMBL40	NGTX	C	FALSE	DMSO_24h_Exp1_DL-Mouse A1	2000	uM	24	h	1	DMSO	study15_gse72081__4I_Mouse430_2_.CEL	study15_gse72081__1L_Mouse430_2_.CEL	study15_CHEMBL40_2000uM_24h_1
Res_24h_Exp1_DL-10	C57Bl6	Reserpine	CHEMBL772	NGTX	C	FALSE	DMSO_24h_Exp1_DL-Mouse A1	70	uM	24	h	1	DMSO	study15_gse72081__5I_Mouse430_2_.CEL	study15_gse72081__1L_Mouse430_2_.CEL	study15_CHEMBL772_70uM_24h_1
DMBA_24h_Exp1_DL-10	C57Bl6	7,12-Dimethylbenzanthracene	CHEMBL329673	GTX	C	FALSE	DMSO_24h_Exp1_DL-Mouse A1	500	uM	24	h	1	DMSO	study15_gse72081__1I_Mouse430_2_.CEL	study15_gse72081__1L_Mouse430_2_.CEL	study15_CHEMBL329673_500uM_24h_1
Resorcinol_24h_Exp1_DL-10	C57Bl6	Resorcinol	CHEMBL24147	NGTX	NC	FALSE	ETOH_24h_Exp1_DL-Mouse A1	2000	uM	24	h	1	ETOH	study15_gse72081__15I_Mouse430_2_.CEL	study15_gse72081__20L_Mouse430_2_.CEL	study15_CHEMBL24147_2000uM_24h_1
pCres_24h_Exp1_DL-7	C57Bl6	Para-cresidine	CHEMBL398755	GTX	C	FALSE	ETOH_24h_Exp1_DL-Mouse A1	2000	uM	24	h	1	ETOH	study15_gse72081__8F_Mouse430_2_.CEL	study15_gse72081__20L_Mouse430_2_.CEL	study15_CHEMBL398755_2000uM_24h_1
Phen_24h_Exp1_DL-7	C57Bl6	Phenacetin	CHEMBL16073	NGTX	C	FALSE	ETOH_24h_Exp1_DL-Mouse A1	1500	uM	24	h	1	ETOH	study15_gse72081__7F_Mouse430_2_.CEL	study15_gse72081__20L_Mouse430_2_.CEL	study15_CHEMBL16073_1500uM_24h_1
DEHP_48h_Exp1_DL-10	C57Bl6	di(2-ethylhexyl)phthalate	CHEMBL1242017	NGTX	C	FALSE	DMSO_48h_Exp1_DL-Mouse A1	2000	uM	48	h	1	DMSO	study15_gse72081__18I_Mouse430_2_.CEL	study15_gse72081__25L_Mouse430_2_.CEL	study15_CHEMBL1242017_2000uM_48h_1
Cur_48h_Exp1_DL-10	C57Bl6	Curcumin	CHEMBL140	NGTX	NC	FALSE	DMSO_48h_Exp1_DL-Mouse A1	80	uM	48	h	1	DMSO	study15_gse72081__24I_Mouse430_2_.CEL	study15_gse72081__25L_Mouse430_2_.CEL	study15_CHEMBL140_80uM_48h_1
PhB_48h_Exp1_DL-10	C57Bl6	Phenobarbital	CHEMBL40	NGTX	C	FALSE	DMSO_48h_Exp1_DL-Mouse A1	2000	uM	48	h	1	DMSO	study15_gse72081__19I_Mouse430_2_.CEL	study15_gse72081__25L_Mouse430_2_.CEL	study15_CHEMBL40_2000uM_48h_1
Res_48h_Exp1_DL-10	C57Bl6	Reserpine	CHEMBL772	NGTX	C	FALSE	DMSO_48h_Exp1_DL-Mouse A1	70	uM	48	h	1	DMSO	study15_gse72081__20I_Mouse430_2_.CEL	study15_gse72081__25L_Mouse430_2_.CEL	study15_CHEMBL772_70uM_48h_1
DMBA_48h_Exp1_DL-10	C57Bl6	7,12-Dimethylbenzanthracene	CHEMBL329673	GTX	C	FALSE	DMSO_48h_Exp1_DL-Mouse A1	500	uM	48	h	1	DMSO	study15_gse72081__16I_Mouse430_2_.CEL	study15_gse72081__25L_Mouse430_2_.CEL	study15_CHEMBL329673_500uM_48h_1
4AAF_48h_Exp1_DL-10	C57Bl6	4-Acetylaminofluorene	CHEMBL2311070	NGTX	NC	FALSE	DMSO_48h_Exp1_DL-Mouse A1	2.5	uM	48	h	1	DMSO	study15_gse72081__21I_Mouse430_2_.CEL	study15_gse72081__25L_Mouse430_2_.CEL	study15_CHEMBL2311070_2.5uM_48h_1
Resorcinol_48h_Exp1_DL-10	C57Bl6	Resorcinol	CHEMBL24147	NGTX	NC	FALSE	ETOH_48h_Exp1_DL-Mouse A1	2000	uM	48	h	1	ETOH	study15_gse72081__30I_Mouse430_2_.CEL	study15_gse72081__44L_Mouse430_2_.CEL	study15_CHEMBL24147_2000uM_48h_1
pCres_48h_Exp1_DL-7	C57Bl6	Para-cresidine	CHEMBL398755	GTX	C	FALSE	ETOH_48h_Exp1_DL-Mouse A1	2000	uM	48	h	1	ETOH	study15_gse72081__17F_Mouse430_2_.CEL	study15_gse72081__44L_Mouse430_2_.CEL	study15_CHEMBL398755_2000uM_48h_1
Phen_48h_Exp1_DL-7	C57Bl6	Phenacetin	CHEMBL16073	NGTX	C	FALSE	ETOH_48h_Exp1_DL-Mouse A1	1500	uM	48	h	1	ETOH	study15_gse72081__16F_Mouse430_2_.CEL	study15_gse72081__44L_Mouse430_2_.CEL	study15_CHEMBL16073_1500uM_48h_1
DEHP_24h_Exp2_DL-11	C57Bl6	di(2-ethylhexyl)phthalate	CHEMBL1242017	NGTX	C	FALSE	DMSO_24h_Exp2_DL-Mouse A2	2000	uM	24	h	2	DMSO	study15_gse72081__3J_Mouse430_2_.CEL	study15_gse72081__1P_Mouse430_2_.CEL	study15_CHEMBL1242017_2000uM_24h_2
4AAF_24h_Exp2_DL-11	C57Bl6	4-Acetylaminofluorene	CHEMBL2311070	NGTX	NC	FALSE	DMSO_24h_Exp2_DL-Mouse A2	2.5	uM	24	h	2	DMSO	study15_gse72081__6J_Mouse430_2_.CEL	study15_gse72081__1P_Mouse430_2_.CEL	study15_CHEMBL2311070_2.5uM_24h_2
Cur_24h_Exp2_DL-11	C57Bl6	Curcumin	CHEMBL140	NGTX	NC	FALSE	DMSO_24h_Exp2_DL-Mouse A2	80	uM	24	h	2	DMSO	study15_gse72081__9J_Mouse430_2_.CEL	study15_gse72081__1P_Mouse430_2_.CEL	study15_CHEMBL140_80uM_24h_2
PhB_24h_Exp2_DL-11	C57Bl6	Phenobarbital	CHEMBL40	NGTX	C	FALSE	DMSO_24h_Exp2_DL-Mouse A2	2000	uM	24	h	2	DMSO	study15_gse72081__4J_Mouse430_2_.CEL	study15_gse72081__1P_Mouse430_2_.CEL	study15_CHEMBL40_2000uM_24h_2
Res_24h_Exp2_DL-11	C57Bl6	Reserpine	CHEMBL772	NGTX	C	FALSE	DMSO_24h_Exp2_DL-Mouse A2	70	uM	24	h	2	DMSO	study15_gse72081__5J_Mouse430_2_.CEL	study15_gse72081__1P_Mouse430_2_.CEL	study15_CHEMBL772_70uM_24h_2
DMBA_24h_Exp2_DL-11	C57Bl6	7,12-Dimethylbenzanthracene	CHEMBL329673	GTX	C	FALSE	DMSO_24h_Exp2_DL-Mouse A2	500	uM	24	h	2	DMSO	study15_gse72081__1J_Mouse430_2_.CEL	study15_gse72081__1P_Mouse430_2_.CEL	study15_CHEMBL329673_500uM_24h_2
Resorcinol_24h_Exp2_DL-11	C57Bl6	Resorcinol	CHEMBL24147	NGTX	NC	FALSE	ETOH_24h_Exp2_DL-Mouse A2	2000	uM	24	h	2	ETOH	study15_gse72081__15J_Mouse430_2_.CEL	study15_gse72081__20P_Mouse430_2_.CEL	study15_CHEMBL24147_2000uM_24h_2
pCres_24h_Exp2_DL-8	C57Bl6	Para-cresidine	CHEMBL398755	GTX	C	FALSE	ETOH_24h_Exp2_DL-Mouse A2	2000	uM	24	h	2	ETOH	study15_gse72081__8G_Mouse430_2_.CEL	study15_gse72081__20P_Mouse430_2_.CEL	study15_CHEMBL398755_2000uM_24h_2
Phen_24h_Exp2_DL-8	C57Bl6	Phenacetin	CHEMBL16073	NGTX	C	FALSE	ETOH_24h_Exp2_DL-Mouse A2	1500	uM	24	h	2	ETOH	study15_gse72081__7G_Mouse430_2_.CEL	study15_gse72081__20P_Mouse430_2_.CEL	study15_CHEMBL16073_1500uM_24h_2
DEHP_48h_Exp2_DL-11	C57Bl6	di(2-ethylhexyl)phthalate	CHEMBL1242017	NGTX	C	FALSE	DMSO_48h_Exp2_DL-Mouse A2	2000	uM	48	h	2	DMSO	study15_gse72081__18J_Mouse430_2_.CEL	study15_gse72081__25P_Mouse430_2_.CEL	study15_CHEMBL1242017_2000uM_48h_2
4AAF_48h_Exp2_DL-11	C57Bl6	4-Acetylaminofluorene	CHEMBL2311070	NGTX	NC	FALSE	DMSO_48h_Exp2_DL-Mouse A2	2.5	uM	48	h	2	DMSO	study15_gse72081__21J_Mouse430_2_.CEL	study15_gse72081__25P_Mouse430_2_.CEL	study15_CHEMBL2311070_2.5uM_48h_2
Cur_48h_Exp2_DL-11	C57Bl6	Curcumin	CHEMBL140	NGTX	NC	FALSE	DMSO_48h_Exp2_DL-Mouse A2	80	uM	48	h	2	DMSO	study15_gse72081__24J_Mouse430_2_.CEL	study15_gse72081__25P_Mouse430_2_.CEL	study15_CHEMBL140_80uM_48h_2
PhB_48h_Exp2_DL-11	C57Bl6	Phenobarbital	CHEMBL40	NGTX	C	FALSE	DMSO_48h_Exp2_DL-Mouse A2	2000	uM	48	h	2	DMSO	study15_gse72081__19J_Mouse430_2_.CEL	study15_gse72081__25P_Mouse430_2_.CEL	study15_CHEMBL40_2000uM_48h_2
Res_48h_Exp2_DL-11	C57Bl6	Reserpine	CHEMBL772	NGTX	C	FALSE	DMSO_48h_Exp2_DL-Mouse A2	70	uM	48	h	2	DMSO	study15_gse72081__20J_Mouse430_2_.CEL	study15_gse72081__25P_Mouse430_2_.CEL	study15_CHEMBL772_70uM_48h_2
DMBA_48h_Exp2_DL-11	C57Bl6	7,12-Dimethylbenzanthracene	CHEMBL329673	GTX	C	FALSE	DMSO_48h_Exp2_DL-Mouse A2	500	uM	48	h	2	DMSO	study15_gse72081__16J_Mouse430_2_.CEL	study15_gse72081__25P_Mouse430_2_.CEL	study15_CHEMBL329673_500uM_48h_2
Resorcinol_48h_Exp2_DL-11	C57Bl6	Resorcinol	CHEMBL24147	NGTX	NC	FALSE	ETOH_48h_Exp2_DL-Mouse A2	2000	uM	48	h	2	ETOH	study15_gse72081__30J_Mouse430_2_.CEL	study15_gse72081__44P_Mouse430_2_.CEL	study15_CHEMBL24147_2000uM_48h_2
pCres_48h_Exp2_DL-8	C57Bl6	Para-cresidine	CHEMBL398755	GTX	C	FALSE	ETOH_48h_Exp2_DL-Mouse A2	2000	uM	48	h	2	ETOH	study15_gse72081__17G_Mouse430_2_.CEL	study15_gse72081__44P_Mouse430_2_.CEL	study15_CHEMBL398755_2000uM_48h_2
Phen_48h_Exp2_DL-8	C57Bl6	Phenacetin	CHEMBL16073	NGTX	C	FALSE	ETOH_48h_Exp2_DL-Mouse A2	1500	uM	48	h	2	ETOH	study15_gse72081__16G_Mouse430_2_.CEL	study15_gse72081__44P_Mouse430_2_.CEL	study15_CHEMBL16073_1500uM_48h_2
DEHP_24h_Exp3_DL-12	C57Bl6	di(2-ethylhexyl)phthalate	CHEMBL1242017	NGTX	C	FALSE	DMSO_24h_Exp3_DL-Mouse A3	2000	uM	24	h	3	DMSO	study15_gse72081__3K_Mouse430_2_.CEL	study15_gse72081__1Q_Mouse430_2_.CEL	study15_CHEMBL1242017_2000uM_24h_3
4AAF_24h_Exp3_DL-12	C57Bl6	4-Acetylaminofluorene	CHEMBL2311070	NGTX	NC	FALSE	DMSO_24h_Exp3_DL-Mouse A3	2.5	uM	24	h	3	DMSO	study15_gse72081__6K_Mouse430_2_.CEL	study15_gse72081__1Q_Mouse430_2_.CEL	study15_CHEMBL2311070_2.5uM_24h_3
Cur_24h_Exp3_DL-12	C57Bl6	Curcumin	CHEMBL140	NGTX	NC	FALSE	DMSO_24h_Exp3_DL-Mouse A3	80	uM	24	h	3	DMSO	study15_gse72081__9K_Mouse430_2_.CEL	study15_gse72081__1Q_Mouse430_2_.CEL	study15_CHEMBL140_80uM_24h_3
PhB_24h_Exp3_DL-12	C57Bl6	Phenobarbital	CHEMBL40	NGTX	C	FALSE	DMSO_24h_Exp3_DL-Mouse A3	2000	uM	24	h	3	DMSO	study15_gse72081__4K_Mouse430_2_.CEL	study15_gse72081__1Q_Mouse430_2_.CEL	study15_CHEMBL40_2000uM_24h_3
Res_24h_Exp3_DL-12	C57Bl6	Reserpine	CHEMBL772	NGTX	C	FALSE	DMSO_24h_Exp3_DL-Mouse A3	70	uM	24	h	3	DMSO	study15_gse72081__5K_Mouse430_2_.CEL	study15_gse72081__1Q_Mouse430_2_.CEL	study15_CHEMBL772_70uM_24h_3
DMBA_24h_Exp3_DL-12	C57Bl6	7,12-Dimethylbenzanthracene	CHEMBL329673	GTX	C	FALSE	DMSO_24h_Exp3_DL-Mouse A3	500	uM	24	h	3	DMSO	study15_gse72081__1K_Mouse430_2_.CEL	study15_gse72081__1Q_Mouse430_2_.CEL	study15_CHEMBL329673_500uM_24h_3
Resorcinol_24h_Exp3_DL-12	C57Bl6	Resorcinol	CHEMBL24147	NGTX	NC	FALSE	ETOH_24h_Exp3_DL-Mouse A3	2000	uM	24	h	3	ETOH	study15_gse72081__15K_Mouse430_2_.CEL	study15_gse72081__20Q_Mouse430_2_.CEL	study15_CHEMBL24147_2000uM_24h_3
pCres_24h_Exp3_DL-9	C57Bl6	Para-cresidine	CHEMBL398755	GTX	C	FALSE	ETOH_24h_Exp3_DL-Mouse A3	2000	uM	24	h	3	ETOH	study15_gse72081__8H_Mouse430_2_.CEL	study15_gse72081__20Q_Mouse430_2_.CEL	study15_CHEMBL398755_2000uM_24h_3
Phen_24h_Exp3_DL-9	C57Bl6	Phenacetin	CHEMBL16073	NGTX	C	FALSE	ETOH_24h_Exp3_DL-Mouse A3	1500	uM	24	h	3	ETOH	study15_gse72081__7H_Mouse430_2_.CEL	study15_gse72081__20Q_Mouse430_2_.CEL	study15_CHEMBL16073_1500uM_24h_3
DEHP_48h_Exp3_DL-12	C57Bl6	di(2-ethylhexyl)phthalate	CHEMBL1242017	NGTX	C	FALSE	DMSO_48h_Exp3_DL-Mouse A3	2000	uM	48	h	3	DMSO	study15_gse72081__18K_Mouse430_2_.CEL	study15_gse72081__25Q_Mouse430_2_.CEL	study15_CHEMBL1242017_2000uM_48h_3
4AAF_48h_Exp3_DL-12	C57Bl6	4-Acetylaminofluorene	CHEMBL2311070	NGTX	NC	FALSE	DMSO_48h_Exp3_DL-Mouse A3	2.5	uM	48	h	3	DMSO	study15_gse72081__21K_Mouse430_2_.CEL	study15_gse72081__25Q_Mouse430_2_.CEL	study15_CHEMBL2311070_2.5uM_48h_3
Cur_48h_Exp3_DL-12	C57Bl6	Curcumin	CHEMBL140	NGTX	NC	FALSE	DMSO_48h_Exp3_DL-Mouse A3	80	uM	48	h	3	DMSO	study15_gse72081__24K_Mouse430_2_.CEL	study15_gse72081__25Q_Mouse430_2_.CEL	study15_CHEMBL140_80uM_48h_3
PhB_48h_Exp3_DL-12	C57Bl6	Phenobarbital	CHEMBL40	NGTX	C	FALSE	DMSO_48h_Exp3_DL-Mouse A3	2000	uM	48	h	3	DMSO	study15_gse72081__19K_Mouse430_2_.CEL	study15_gse72081__25Q_Mouse430_2_.CEL	study15_CHEMBL40_2000uM_48h_3
Res_48h_Exp3_DL-12	C57Bl6	Reserpine	CHEMBL772	NGTX	C	FALSE	DMSO_48h_Exp3_DL-Mouse A3	70	uM	48	h	3	DMSO	study15_gse72081__20K_Mouse430_2_.CEL	study15_gse72081__25Q_Mouse430_2_.CEL	study15_CHEMBL772_70uM_48h_3
DMBA_48h_Exp3_DL-12	C57Bl6	7,12-Dimethylbenzanthracene	CHEMBL329673	GTX	C	FALSE	DMSO_48h_Exp3_DL-Mouse A3	500	uM	48	h	3	DMSO	study15_gse72081__16K_Mouse430_2_.CEL	study15_gse72081__25Q_Mouse430_2_.CEL	study15_CHEMBL329673_500uM_48h_3
Resorcinol_48h_Exp3_DL-12	C57Bl6	Resorcinol	CHEMBL24147	NGTX	NC	FALSE	ETOH_48h_Exp3_DL-Mouse A3	2000	uM	48	h	3	ETOH	study15_gse72081__30K_Mouse430_2_.CEL	study15_gse72081__44Q_Mouse430_2_.CEL	study15_CHEMBL24147_2000uM_48h_3
pCres_48h_Exp3_DL-9	C57Bl6	Para-cresidine	CHEMBL398755	GTX	C	FALSE	ETOH_48h_Exp3_DL-Mouse A3	2000	uM	48	h	3	ETOH	study15_gse72081__17H_Mouse430_2_.CEL	study15_gse72081__44Q_Mouse430_2_.CEL	study15_CHEMBL398755_2000uM_48h_3
Phen_48h_Exp3_DL-9	C57Bl6	Phenacetin	CHEMBL16073	NGTX	C	FALSE	ETOH_48h_Exp3_DL-Mouse A3	1500	uM	48	h	3	ETOH	study15_gse72081__16H_Mouse430_2_.CEL	study15_gse72081__44Q_Mouse430_2_.CEL	study15_CHEMBL16073_1500uM_48h_3
diclo_24h_Exp1_PvK-3	C57Bl6	Diclofenac	CHEMBL139	NGTX	NC	FALSE	DMSO_24h_Exp1_PvK-1	300	uM	24	h	1	DMSO	study15_gse72081__25_Mouse430_2_.CEL	study15_gse72081__41_Mouse430_2_.CEL	study15_CHEMBL139_300uM_24h_1
Wy_24h_Exp1_PvK-1	C57Bl6	Wy 14643	CHEMBL295416	NGTX	C	FALSE	DMSO_24h_Exp1_PvK-1	300	uM	24	h	1	DMSO	study15_gse72081__17_Mouse430_2_.CEL	study15_gse72081__41_Mouse430_2_.CEL	study15_CHEMBL295416_300uM_24h_1
DMSO_24h_Exp1_PvK-1	C57Bl6	dimethylsulfoxide	CHEMBL504			TRUE		0.5	perc	24	h	1	DMSO	study15_gse72081__41_Mouse430_2_.CEL		study15_CHEMBL504_0.5perc_24h_1
TBTO_24h_Exp1_PvK-3	C57Bl6	Tributyltinoxide	CHEMBL511667	GTX	NC	FALSE	DMSO_24h_Exp3_PvK-3	0.3	uM	24	h	1	ETOH	study15_gse72081__29_Mouse430_2_.CEL	study15_gse72081__43_Mouse430_2_.CEL	study15_CHEMBL511667_0.3uM_24h_1
diclo_48h_Exp1_PvK-3	C57Bl6	Diclofenac	CHEMBL139	NGTX	NC	FALSE	DMSO_48h_Exp1_PvK-3	300	uM	48	h	1	DMSO	study15_gse72081__764_Mouse430_2_.CEL	study15_gse72081__758_Mouse430_2_.CEL	study15_CHEMBL139_300uM_48h_1
Wy_48h_Exp1_PvK-1	C57Bl6	Wy 14643	CHEMBL295416	NGTX	C	FALSE	DMSO_48h_Exp1_PvK-1	300	uM	48	h	1	DMSO	study15_gse72081__666_Mouse430_2_.CEL	study15_gse72081__664_Mouse430_2_.CEL	study15_CHEMBL295416_300uM_48h_1
DMSO_48h_Exp1_PvK-1	C57Bl6	dimethylsulfoxide	CHEMBL504			TRUE		0.5	perc	48	h	1	DMSO	study15_gse72081__664_Mouse430_2_.CEL		study15_CHEMBL504_0.5perc_48h_1
DMSO_48h_Exp1_PvK-3	C57Bl6	dimethylsulfoxide	CHEMBL504			TRUE		0.5	perc	48	h	1	DMSO	study15_gse72081__758_Mouse430_2_.CEL		study15_CHEMBL504_0.5perc_48h_1
TBTO_48h_Exp1_PvK-3	C57Bl6	Tributyltinoxide	CHEMBL511667	GTX	NC	FALSE	ETOH_48h_Exp1_PvK-3	0.3	uM	48	h	1	ETOH	study15_gse72081__762_Mouse430_2_.CEL	study15_gse72081__760_Mouse430_2_.CEL	study15_CHEMBL511667_0.3uM_48h_1
ETOH_48h_Exp1_PvK-3	C57Bl6	ethanol	CHEMBL545	NGTX	C	TRUE		0.5	perc	48	h	1	ETOH	study15_gse72081__760_Mouse430_2_.CEL		study15_CHEMBL545_0.5perc_48h_1
diclo_24h_Exp2_PvK-4	C57Bl6	Diclofenac	CHEMBL139	NGTX	NC	FALSE	DMSO_24h_Exp2_PvK-2	300	uM	24	h	2	DMSO	study15_gse72081__26_Mouse430_2_.CEL	study15_gse72081__42_Mouse430_2_.CEL	study15_CHEMBL139_300uM_24h_2
Wy_24h_Exp2_PvK-2	C57Bl6	Wy 14643	CHEMBL295416	NGTX	C	FALSE	DMSO_24h_Exp2_PvK-2	300	uM	24	h	2	DMSO	study15_gse72081__18_Mouse430_2_.CEL	study15_gse72081__42_Mouse430_2_.CEL	study15_CHEMBL295416_300uM_24h_2
DMSO_24h_Exp2_PvK-2	C57Bl6	dimethylsulfoxide	CHEMBL504			TRUE		0.5	perc	24	h	2	DMSO	study15_gse72081__42_Mouse430_2_.CEL		study15_CHEMBL504_0.5perc_24h_2
TBTO_24h_Exp2_PvK-4	C57Bl6	Tributyltinoxide	CHEMBL511667	GTX	NC	FALSE	ETOH_24h_Exp2_PvK-4	0.3	uM	24	h	2	ETOH	study15_gse72081__30_Mouse430_2_.CEL	study15_gse72081__48_Mouse430_2_.CEL	study15_CHEMBL511667_0.3uM_24h_2
ETOH_24h_Exp2_PvK-4	C57Bl6	ethanol	CHEMBL545	NGTX	C	TRUE		0.5	perc	24	h	2	ETOH	study15_gse72081__48_Mouse430_2_.CEL		study15_CHEMBL545_0.5perc_24h_2
diclo_48h_Exp2_PvK-4	C57Bl6	Diclofenac	CHEMBL139	NGTX	NC	FALSE	DMSO_48h_Exp2_PvK-4	300	uM	48	h	2	DMSO	study15_gse72081__868_Mouse430_2_.CEL	study15_gse72081__862_Mouse430_2_.CEL	study15_CHEMBL139_300uM_48h_2
Wy_48h_Exp2_PvK-2	C57Bl6	Wy 14643	CHEMBL295416	NGTX	C	FALSE	DMSO_48h_Exp2_PvK-2	300	uM	48	h	2	DMSO	study15_gse72081__714_Mouse430_2_.CEL	study15_gse72081__712_Mouse430_2_.CEL	study15_CHEMBL295416_300uM_48h_2
DMSO_48h_Exp2_PvK-2	C57Bl6	dimethylsulfoxide	CHEMBL504			TRUE		0.5	perc	48	h	2	DMSO	study15_gse72081__712_Mouse430_2_.CEL		study15_CHEMBL504_0.5perc_48h_2
DMSO_48h_Exp2_PvK-4	C57Bl6	dimethylsulfoxide	CHEMBL504			TRUE		0.5	perc	48	h	2	DMSO	study15_gse72081__862_Mouse430_2_.CEL		study15_CHEMBL504_0.5perc_48h_2
TBTO_48h_Exp2_PvK-4	C57Bl6	Tributyltinoxide	CHEMBL511667	GTX	NC	FALSE	ETOH_48h_Exp2_PvK-4	0.3	uM	48	h	2	ETOH	study15_gse72081__866_Mouse430_2_.CEL	study15_gse72081__864_Mouse430_2_.CEL	study15_CHEMBL511667_0.3uM_48h_2
ETOH_48h_Exp2_PvK-4	C57Bl6	ethanol	CHEMBL545	NGTX	C	TRUE		0.5	perc	48	h	2	ETOH	study15_gse72081__864_Mouse430_2_.CEL		study15_CHEMBL545_0.5perc_48h_2
diclo_24h_Exp3_PvK-5	C57Bl6	Diclofenac	CHEMBL139	NGTX	NC	FALSE	DMSO_24h_Exp5_PvK-5	300	uM	24	h	3	DMSO	study15_gse72081__27_Mouse430_2_.CEL	study15_gse72081__45_Mouse430_2_.CEL	study15_CHEMBL139_300uM_24h_3
Wy_24h_Exp3_PvK-5	C57Bl6	Wy 14643	CHEMBL295416	NGTX	C	FALSE	DMSO_24h_Exp5_PvK-5	300	uM	24	h	3	DMSO	study15_gse72081__19_Mouse430_2_.CEL	study15_gse72081__45_Mouse430_2_.CEL	study15_CHEMBL295416_300uM_24h_3
DMSO_24h_Exp3_PvK-3	C57Bl6	dimethylsulfoxide	CHEMBL504			TRUE		0.5	perc	24	h	3	DMSO	study15_gse72081__43_Mouse430_2_.CEL		study15_CHEMBL504_0.5perc_24h_3
TBTO_24h_Exp3_PvK-5	C57Bl6	Tributyltinoxide	CHEMBL511667	GTX	NC	FALSE	ETOH_24h_Exp3_PvK-5	0.3	uM	24	h	3	ETOH	study15_gse72081__31_Mouse430_2_.CEL	study15_gse72081__49_Mouse430_2_.CEL	study15_CHEMBL511667_0.3uM_24h_3
ETOH_24h_Exp3_PvK-5	C57Bl6	ethanol	CHEMBL545	NGTX	C	TRUE		0.5	perc	24	h	3	ETOH	study15_gse72081__49_Mouse430_2_.CEL		study15_CHEMBL545_0.5perc_24h_3
diclo_48h_Exp3_PvK-5	C57Bl6	Diclofenac	CHEMBL139	NGTX	NC	FALSE	DMSO_48h_Exp3_PvK-5	300	uM	48	h	3	DMSO	study15_gse72081__954_Mouse430_2_.CEL	study15_gse72081__948_Mouse430_2_.CEL	study15_CHEMBL139_300uM_48h_3
Wy_48h_Exp3_PvK-5	C57Bl6	Wy 14643	CHEMBL295416	NGTX	C	FALSE	DMSO_48h_Exp3_PvK-5	300	uM	48	h	3	DMSO	study15_gse72081__962_Mouse430_2_.CEL	study15_gse72081__948_Mouse430_2_.CEL	study15_CHEMBL295416_300uM_48h_3
DMSO_48h_Exp3_PvK-5	C57Bl6	dimethylsulfoxide	CHEMBL504			TRUE		0.5	perc	48	h	3	DMSO	study15_gse72081__948_Mouse430_2_.CEL		study15_CHEMBL504_0.5perc_48h_3
TBTO_48h_Exp3_PvK-5	C57Bl6	Tributyltinoxide	CHEMBL511667	GTX	NC	FALSE	ETOH_48h_Exp3_PvK-5	0.3	uM	48	h	3	ETOH	study15_gse72081__952_Mouse430_2_.CEL	study15_gse72081__950_Mouse430_2_.CEL	study15_CHEMBL511667_0.3uM_48h_3
ETOH_48h_Exp3_PvK-5	C57Bl6	ethanol	CHEMBL545	NGTX	C	TRUE		0.5	perc	48	h	3	ETOH	study15_gse72081__950_Mouse430_2_.CEL		study15_CHEMBL545_0.5perc_48h_3
diclo_24h_Exp4_PvK-6	C57Bl6	Diclofenac	CHEMBL139	NGTX	NC	FALSE	DMSO_24h_Exp4_PvK-6	300	uM	24	h	4	DMSO	study15_gse72081__28_Mouse430_2_.CEL	study15_gse72081__46_Mouse430_2_.CEL	study15_CHEMBL139_300uM_24h_4
Wy_24h_Exp4_PvK-6	C57Bl6	Wy 14643	CHEMBL295416	NGTX	C	FALSE	DMSO_24h_Exp4_PvK-6	300	uM	24	h	4	DMSO	study15_gse72081__20_Mouse430_2_.CEL	study15_gse72081__46_Mouse430_2_.CEL	study15_CHEMBL295416_300uM_24h_4
DMSO_24h_Exp4_PvK-6	C57Bl6	dimethylsulfoxide	CHEMBL504			TRUE		0	uM	24	h	4	DMSO	study15_gse72081__46_Mouse430_2_.CEL		study15_CHEMBL504_0uM_24h_4
TBTO_24h_Exp4_PvK-6	C57Bl6	Tributyltinoxide	CHEMBL511667	GTX	NC	FALSE	ETOH_24h_Exp4_PvK-6	0.3	uM	24	h	4	ETOH	study15_gse72081__32_Mouse430_2_.CEL	study15_gse72081__50_Mouse430_2_.CEL	study15_CHEMBL511667_0.3uM_24h_4
ETOH_24h_Exp4_PvK-6	C57Bl6	ethanol	CHEMBL545	NGTX	C	TRUE		0	uM	24	h	4	ETOH	study15_gse72081__50_Mouse430_2_.CEL		study15_CHEMBL545_0uM_24h_4
DMSO_24h_Exp5_PvK-5	C57Bl6	dimethylsulfoxide	CHEMBL504			TRUE		0.5	perc	24	h	5	DMSO	study15_gse72081__45_Mouse430_2_.CEL		study15_CHEMBL504_0.5perc_24h_5
DMSO_24h_Exp1_LR-10001	C57Bl6	dimethylsulfoxide	CHEMBL504			TRUE		0.5	perc	24	h	1	DMSO	study15_gse72081__290307KM05.CEL		study15_CHEMBL504_0.5perc_24h_1
DMSO_24h_Exp2_LR-10002	C57Bl6	dimethylsulfoxide	CHEMBL504			TRUE		0.5	perc	24	h	2	DMSO	study15_gse72081__070322KM05.CEL		study15_CHEMBL504_0.5perc_24h_2
BaP_24h_Exp1_LR-10007	C57Bl6	Benzo[a]pyrene	CHEMBL31184	GTX	C	FALSE	DMSO_24h_Exp1_LR-10001	30	uM	24	h	1	DMSO	study15_gse72081__061117KM04.CEL	study15_gse72081__290307KM05.CEL	study15_CHEMBL31184_30uM_24h_1
BaP_24h_Exp2_LR-10008	C57Bl6	Benzo[a]pyrene	CHEMBL31184	GTX	C	FALSE	DMSO_24h_Exp2_LR-10002	30	uM	24	h	2	DMSO	study15_gse72081__061124KM04.CEL	study15_gse72081__070322KM05.CEL	study15_CHEMBL31184_30uM_24h_2
8HQ_24h_Exp1_LR-10009	C57Bl6	8-Hydroxyquinoline [AKA 8-quinolinol]	CHEMBL310555	NGTX	NC	FALSE	EtOH_24h_Exp1_LR-10013	150	uM	24	h	1	ETOH	study15_gse72081__080612KB10H.CEL	study15_gse72081__080612KB7H.CEL	study15_CHEMBL310555_150uM_24h_1
8HQ_24h_Exp2_LR-10010	C57Bl6	8-Hydroxyquinoline [AKA 8-quinolinol]	CHEMBL310555	NGTX	NC	FALSE	EtOH_24h_Exp2_LR-10014	150	uM	24	h	2	ETOH	study15_gse72081__080612KB10I.CEL	study15_gse72081__080612KB7I.CEL	study15_CHEMBL310555_150uM_24h_2
8HQ_48h_Exp1_LR-10011	C57Bl6	8-Hydroxyquinoline [AKA 8-quinolinol]	CHEMBL310555	NGTX	NC	FALSE	EtOH_48h_Exp1_LR-10015	150	uM	48	h	1	ETOH	study15_gse72081__080612KB20H.CEL	study15_gse72081__080612KB17H.CEL	study15_CHEMBL310555_150uM_48h_1
8HQ_48h_Exp2_LR-10012	C57Bl6	8-Hydroxyquinoline [AKA 8-quinolinol]	CHEMBL310555	NGTX	NC	FALSE	EtOH_48h_Exp2_LR-10016	150	uM	48	h	2	ETOH	study15_gse72081__080612KB20I.CEL	study15_gse72081__080612KB17I.CEL	study15_CHEMBL310555_150uM_48h_2
EtOH_24h_Exp1_LR-10013	C57Bl6	ethanol	CHEMBL545	NGTX	C	TRUE		0.5	perc	24	h	1	ETOH	study15_gse72081__080612KB7H.CEL		study15_CHEMBL545_0.5perc_24h_1
EtOH_24h_Exp2_LR-10014	C57Bl6	ethanol	CHEMBL545	NGTX	C	TRUE		0.5	perc	24	h	2	ETOH	study15_gse72081__080612KB7I.CEL		study15_CHEMBL545_0.5perc_24h_2
EtOH_48h_Exp1_LR-10015	C57Bl6	ethanol	CHEMBL545	NGTX	C	TRUE		0.5	perc	48	h	1	ETOH	study15_gse72081__080612KB17H.CEL		study15_CHEMBL545_0.5perc_48h_1
EtOH_48h_Exp2_LR-10016	C57Bl6	ethanol	CHEMBL545	NGTX	C	TRUE		0.5	perc	48	h	2	ETOH	study15_gse72081__080612KB17I.CEL		study15_CHEMBL545_0.5perc_48h_2
E2_24h_Exp1_LR-10017	C57Bl6	17-b-estradiol	CHEMBL135	NGTX	C	FALSE	DMSO_24h_Exp1_LR-10020	2000	uM	24	h	1	DMSO	study15_gse72081__2I_Mouse430_2_.CEL	study15_gse72081__12I_Mouse430_2_.CEL	study15_CHEMBL135_2000uM_24h_1
E2_48h_Exp1_LR-10018	C57Bl6	17-b-estradiol	CHEMBL135	NGTX	C	FALSE	DMSO_48h_Exp1_LR-10023	2000	uM	48	h	1	DMSO	study15_gse72081__17I_Mouse430_2_.CEL	study15_gse72081__27I_Mouse430_2_.CEL	study15_CHEMBL135_2000uM_48h_1
AmpC_24h_Exp1_LR-10019	C57Bl6	ampicillin	CHEMBL174	NGTX	NC	FALSE	DMSO_24h_Exp1_LR-10020	1000	uM	24	h	1	DMSO	study15_gse72081__7I_Mouse430_2_.CEL	study15_gse72081__12I_Mouse430_2_.CEL	study15_CHEMBL174_1000uM_24h_1
DMSO_24h_Exp1_LR-10020	C57Bl6	dimethylsulfoxide	CHEMBL504			TRUE		0.5	perc	24	h	1	DMSO	study15_gse72081__12I_Mouse430_2_.CEL		study15_CHEMBL504_0.5perc_24h_1
E2_24h_Exp2_LR-10021	C57Bl6	17-b-estradiol	CHEMBL135	NGTX	C	FALSE	DMSO_24h_Exp2_LR-10027	2000	uM	24	h	2	DMSO	study15_gse72081__2J_Mouse430_2_.CEL	study15_gse72081__12J_Mouse430_2_.CEL	study15_CHEMBL135_2000uM_24h_2
AmpC_48h_Exp1_LR-10022	C57Bl6	ampicillin	CHEMBL174	NGTX	NC	FALSE	DMSO_48h_Exp1_LR-10023	1000	uM	48	h	1	DMSO	study15_gse72081__22I_Mouse430_2_.CEL	study15_gse72081__27I_Mouse430_2_.CEL	study15_CHEMBL174_1000uM_48h_1
DMSO_48h_Exp1_LR-10023	C57Bl6	dimethylsulfoxide	CHEMBL504			TRUE		0.5	perc	48	h	1	DMSO	study15_gse72081__27I_Mouse430_2_.CEL		study15_CHEMBL504_0.5perc_48h_1
E2_48h_Exp2_LR-10024	C57Bl6	17-b-estradiol	CHEMBL135	NGTX	C	FALSE	DMSO_48h_Exp2_LR-10033	2000	uM	48	h	2	DMSO	study15_gse72081__17J_Mouse430_2_.CEL	study15_gse72081__27J_Mouse430_2_.CEL	study15_CHEMBL135_2000uM_48h_2
AmpC_24h_Exp2_LR-10025	C57Bl6	ampicillin	CHEMBL174	NGTX	NC	FALSE	DMSO_24h_Exp2_LR-10027	1000	uM	24	h	2	DMSO	study15_gse72081__7J_Mouse430_2_.CEL	study15_gse72081__12J_Mouse430_2_.CEL	study15_CHEMBL174_1000uM_24h_2
AmpC_48h_Exp2_LR-10026	C57Bl6	ampicillin	CHEMBL174	NGTX	NC	FALSE	DMSO_48h_Exp2_LR-10033	1000	uM	48	h	2	DMSO	study15_gse72081__22J_Mouse430_2_.CEL	study15_gse72081__27J_Mouse430_2_.CEL	study15_CHEMBL174_1000uM_48h_2
DMSO_24h_Exp2_LR-10027	C57Bl6	dimethylsulfoxide	CHEMBL504			TRUE		0.5	perc	24	h	2	DMSO	study15_gse72081__12J_Mouse430_2_.CEL		study15_CHEMBL504_0.5perc_24h_2
E2_24h_Exp3_LR-10028	C57Bl6	17-b-estradiol	CHEMBL135	NGTX	C	FALSE	DMSO_24h_Exp3_LR-10032	2000	uM	24	h	3	DMSO	study15_gse72081__2K_Mouse430_2_.CEL	study15_gse72081__12K_Mouse430_2_.CEL	study15_CHEMBL135_2000uM_24h_3
E2_48h_Exp3_LR-10029	C57Bl6	17-b-estradiol	CHEMBL135	NGTX	C	FALSE	DMSO_48h_Exp3_LR-10034	2000	uM	48	h	3	DMSO	study15_gse72081__17K_Mouse430_2_.CEL	study15_gse72081__27K_Mouse430_2_.CEL	study15_CHEMBL135_2000uM_48h_3
AmpC_24h_Exp3_LR-10030	C57Bl6	ampicillin	CHEMBL174	NGTX	NC	FALSE	DMSO_24h_Exp3_LR-10032	1000	uM	24	h	3	DMSO	study15_gse72081__7K_Mouse430_2_.CEL	study15_gse72081__12K_Mouse430_2_.CEL	study15_CHEMBL174_1000uM_24h_3
AmpC_48h_Exp3_LR-10031	C57Bl6	ampicillin	CHEMBL174	NGTX	NC	FALSE	DMSO_48h_Exp3_LR-10034	1000	uM	48	h	3	DMSO	study15_gse72081__22K_Mouse430_2_.CEL	study15_gse72081__27K_Mouse430_2_.CEL	study15_CHEMBL174_1000uM_48h_3
DMSO_24h_Exp3_LR-10032	C57Bl6	dimethylsulfoxide	CHEMBL504			TRUE		0.5	perc	24	h	3	DMSO	study15_gse72081__12K_Mouse430_2_.CEL		study15_CHEMBL504_0.5perc_24h_3
DMSO_48h_Exp2_LR-10033	C57Bl6	dimethylsulfoxide	CHEMBL504			TRUE		0.5	perc	48	h	2	DMSO	study15_gse72081__27J_Mouse430_2_.CEL		study15_CHEMBL504_0.5perc_48h_2
DMSO_48h_Exp3_LR-10034	C57Bl6	dimethylsulfoxide	CHEMBL504			TRUE		0.5	perc	48	h	3	DMSO	study15_gse72081__27K_Mouse430_2_.CEL		study15_CHEMBL504_0.5perc_48h_3
CisPl_24h_Exp1_LR-10035	C57Bl6	cisplatin	CHEMBL2068237	GTX	C	FALSE	PBS_24h_Exp1_LR-10038	7	uM	24	h	1	PBS	study15_gse72081__LR24.1A_Mouse430_2_.CEL	study15_gse72081__LR24.1B_Mouse430_2_.CEL	study15_CHEMBL2068237_7uM_24h_1
CisPl_24h_Exp2_LR-10036	C57Bl6	cisplatin	CHEMBL2068237	GTX	C	FALSE	PBS_24h_Exp2_LR-10039	7	uM	24	h	2	PBS	study15_gse72081__LR24.2A_Mouse430_2_.CEL	study15_gse72081__LR24.2B_Mouse430_2_.CEL	study15_CHEMBL2068237_7uM_24h_2
CisPl_24h_Exp3_LR-10037	C57Bl6	cisplatin	CHEMBL2068237	GTX	C	FALSE	PBS_24h_Exp3_LR-10040	7	uM	24	h	3	PBS	study15_gse72081__LR24.3B_Mouse430_2_.CEL	study15_gse72081__LR48.3A_Mouse430_2_.CEL	study15_CHEMBL2068237_7uM_24h_3
PBS_24h_Exp1_LR-10038	C57Bl6	phosphate buffered saline				TRUE		0.5	perc	24	h	1	PBS	study15_gse72081__LR24.1B_Mouse430_2_.CEL		study15__0.5perc_24h_1
PBS_24h_Exp2_LR-10039	C57Bl6	phosphate buffered saline				TRUE		0.5	perc	24	h	2	PBS	study15_gse72081__LR24.2B_Mouse430_2_.CEL		study15__0.5perc_24h_2
PBS_24h_Exp3_LR-10040	C57Bl6	phosphate buffered saline				TRUE		0.5	perc	24	h	3	PBS	study15_gse72081__LR48.3A_Mouse430_2_.CEL		study15__0.5perc_24h_3
CisPl_48h_Exp1_LR-10041	C57Bl6	cisplatin	CHEMBL2068237	GTX	C	FALSE	PBS_48h_Exp1_LR-10044	7	uM	48	h	1	PBS	study15_gse72081__LR48.1A_Mouse430_2_.CEL	study15_gse72081__LR48.1B_Mouse430_2_.CEL	study15_CHEMBL2068237_7uM_48h_1
CisPl_48h_Exp2_LR-10042	C57Bl6	cisplatin	CHEMBL2068237	GTX	C	FALSE	PBS_48h_Exp2_LR-10045	7	uM	48	h	2	PBS	study15_gse72081__LR48.2B_Mouse430_2_.CEL	study15_gse72081__LR48.2A_Mouse430_2_.CEL	study15_CHEMBL2068237_7uM_48h_2
CisPl_48h_Exp3_LR-10043	C57Bl6	cisplatin	CHEMBL2068237	GTX	C	FALSE	PBS_48h_Exp3_LR-10046	7	uM	48	h	3	PBS	study15_gse72081__LR48.3B_Mouse430_2_.CEL	study15_gse72081__LR24.3A_Mouse430_2_.CEL	study15_CHEMBL2068237_7uM_48h_3
PBS_48h_Exp1_LR-10044	C57Bl6	phosphate buffered saline				TRUE		0.5	perc	48	h	1	PBS	study15_gse72081__LR48.1B_Mouse430_2_.CEL		study15__0.5perc_48h_1
PBS_48h_Exp2_LR-10045	C57Bl6	phosphate buffered saline				TRUE		0.5	perc	48	h	2	PBS	study15_gse72081__LR48.2A_Mouse430_2_.CEL		study15__0.5perc_48h_2
PBS_48h_Exp3_LR-10046	C57Bl6	phosphate buffered saline				TRUE		0.5	perc	48	h	3	PBS	study15_gse72081__LR24.3A_Mouse430_2_.CEL		study15__0.5perc_48h_3
AFB1_24h_Exp1_LR-10047	C57Bl6	Aflatoxin B1	CHEMBL1697694	GTX	C	FALSE	DMSO_24h_Exp1_LR-10066	15	uM	24	h	1	DMSO	study15_gse72081__290307KM06.CEL	study15_gse72081__061117KM03.CEL	study15_CHEMBL1697694_15uM_24h_1
AFB1_24h_Exp2_LR-10048	C57Bl6	Aflatoxin B1	CHEMBL1697694	GTX	C	FALSE	DMSO_24h_Exp2_LR-10077	15	uM	24	h	2	DMSO	study15_gse72081__070322KM06.CEL	study15_gse72081__061124KM03.CEL	study15_CHEMBL1697694_15uM_24h_2
AFB1_24h_Exp3_LR-10049	C57Bl6	Aflatoxin B1	CHEMBL1697694	GTX	C	FALSE	DMSO_24h_Exp3_LR-10074	15	uM	24	h	3	DMSO	study15_gse72081__070330KM06.CEL	study15_gse72081__080423KB7D.CEL	study15_CHEMBL1697694_15uM_24h_3
AFB1_48h_Exp1_LR-10050	C57Bl6	Aflatoxin B1	CHEMBL1697694	GTX	C	FALSE	DMSO_48h_Exp1_LR-10067	15	uM	48	h	1	DMSO	study15_gse72081__290307KM14.CEL	study15_gse72081__061117KM08.CEL	study15_CHEMBL1697694_15uM_48h_1
AFB1_48h_Exp2_LR-10051	C57Bl6	Aflatoxin B1	CHEMBL1697694	GTX	C	FALSE	DMSO_48h_Exp2_LR-10078	15	uM	48	h	2	DMSO	study15_gse72081__070322KM14.CEL	study15_gse72081__061124KM08.CEL	study15_CHEMBL1697694_15uM_48h_2
AFB1_48h_Exp3_LR-10052	C57Bl6	Aflatoxin B1	CHEMBL1697694	GTX	C	FALSE	DMSO_48h_Exp3_LR-10075	15	uM	48	h	3	DMSO	study15_gse72081__070330KM14.CEL	study15_gse72081__080423KB19D.CEL	study15_CHEMBL1697694_15uM_48h_3
CsA_24h_Exp1_LR-10053	C57Bl6	Cyclosporin A	CHEMBL160	NGTX	C	FALSE	DMSO_24h_Exp1_LR-10066	1	uM	24	h	1	DMSO	study15_gse72081__290307KM07.CEL	study15_gse72081__061117KM03.CEL	study15_CHEMBL160_1uM_24h_1
CsA_24h_Exp2_LR-10054	C57Bl6	Cyclosporin A	CHEMBL160	NGTX	C	FALSE	DMSO_24h_Exp2_LR-10077	1	uM	24	h	2	DMSO	study15_gse72081__070322KM07.CEL	study15_gse72081__061124KM03.CEL	study15_CHEMBL160_1uM_24h_2
CsA_24h_Exp3_LR-10055	C57Bl6	Cyclosporin A	CHEMBL160	NGTX	C	FALSE	DMSO_24h_Exp3_LR-10074	1	uM	24	h	3	DMSO	study15_gse72081__070330KM07.CEL	study15_gse72081__080423KB7D.CEL	study15_CHEMBL160_1uM_24h_3
CsA_48h_Exp1_LR-10056	C57Bl6	Cyclosporin A	CHEMBL160	NGTX	C	FALSE	DMSO_48h_Exp1_LR-10067	1	uM	48	h	1	DMSO	study15_gse72081__290307KM15.CEL	study15_gse72081__061117KM08.CEL	study15_CHEMBL160_1uM_48h_1
CsA_48h_Exp2_LR-10057	C57Bl6	Cyclosporin A	CHEMBL160	NGTX	C	FALSE	DMSO_48h_Exp2_LR-10078	1	uM	48	h	2	DMSO	study15_gse72081__070322KM15.CEL	study15_gse72081__061124KM08.CEL	study15_CHEMBL160_1uM_48h_2
CsA_48h_Exp3_LR-10058	C57Bl6	Cyclosporin A	CHEMBL160	NGTX	C	FALSE	DMSO_48h_Exp3_LR-10075	1	uM	48	h	3	DMSO	study15_gse72081__070330KM15.CEL	study15_gse72081__080423KB19D.CEL	study15_CHEMBL160_1uM_48h_3
TCDD_24h_Exp1_LR-10059	C57Bl6	2,3,7,8-Tetrachlorodibenzo-p-dioxin	CHEMBL30327	NGTX	C	FALSE	DMSO_24h_Exp1_LR-10066	0.001	uM	24	h	1	DMSO	study15_gse72081__290307KM08.CEL	study15_gse72081__061117KM03.CEL	study15_CHEMBL30327_0.001uM_24h_1
TCDD_24h_Exp2_LR-10060	C57Bl6	2,3,7,8-Tetrachlorodibenzo-p-dioxin	CHEMBL30327	NGTX	C	FALSE	DMSO_24h_Exp2_LR-10077	0.001	uM	24	h	2	DMSO	study15_gse72081__070322KM8.CEL	study15_gse72081__061124KM03.CEL	study15_CHEMBL30327_0.001uM_24h_2
TCDD_24h_Exp3_LR-10061	C57Bl6	2,3,7,8-Tetrachlorodibenzo-p-dioxin	CHEMBL30327	NGTX	C	FALSE	DMSO_24h_Exp3_LR-10074	0.001	uM	24	h	3	DMSO	study15_gse72081__070330KM08.CEL	study15_gse72081__080423KB7D.CEL	study15_CHEMBL30327_0.001uM_24h_3
TCDD_48h_Exp1_LR-10062	C57Bl6	2,3,7,8-Tetrachlorodibenzo-p-dioxin	CHEMBL30327	NGTX	C	FALSE	DMSO_48h_Exp1_LR-10067	0.001	uM	48	h	1	DMSO	study15_gse72081__290307KM16.CEL	study15_gse72081__061117KM08.CEL	study15_CHEMBL30327_0.001uM_48h_1
TCDD_48h_Exp2_LR-10063	C57Bl6	2,3,7,8-Tetrachlorodibenzo-p-dioxin	CHEMBL30327	NGTX	C	FALSE	DMSO_48h_Exp2_LR-10078	0.001	uM	48	h	2	DMSO	study15_gse72081__070322KM16.CEL	study15_gse72081__061124KM08.CEL	study15_CHEMBL30327_0.001uM_48h_2
TCDD_48h_Exp3_LR-10064	C57Bl6	2,3,7,8-Tetrachlorodibenzo-p-dioxin	CHEMBL30327	NGTX	C	FALSE	DMSO_48h_Exp3_LR-10075	0.001	uM	48	h	3	DMSO	study15_gse72081__070330KM16.CEL	study15_gse72081__080423KB19D.CEL	study15_CHEMBL30327_0.001uM_48h_3
BaP_48h_Exp1_LR-10065	C57Bl6	Benzo[a]pyrene	CHEMBL31184	GTX	C	FALSE	DMSO_48h_Exp1_LR-10067	30	uM	48	h	1	DMSO	study15_gse72081__061117KM09.CEL	study15_gse72081__061117KM08.CEL	study15_CHEMBL31184_30uM_48h_1
DMSO_24h_Exp1_LR-10066	C57Bl6	dimethylsulfoxide	CHEMBL504			TRUE		0.5	perc	24	h	1	DMSO	study15_gse72081__061117KM03.CEL		study15_CHEMBL504_0.5perc_24h_1
DMSO_48h_Exp1_LR-10067	C57Bl6	dimethylsulfoxide	CHEMBL504			TRUE		0.5	perc	48	h	1	DMSO	study15_gse72081__061117KM08.CEL		study15_CHEMBL504_0.5perc_48h_1
8HQ_24h_Exp3_LR-10068	C57Bl6	8-Hydroxyquinoline [AKA 8-quinolinol]	CHEMBL310555	NGTX	NC	FALSE	EtOH_24h_Exp3_LR-10070	150	uM	24	h	3	ETOH	study15_gse72081__080618KB10F.CEL	study15_gse72081__080618KB7F.CEL	study15_CHEMBL310555_150uM_24h_3
8HQ_48h_Exp3_LR-10069	C57Bl6	8-Hydroxyquinoline [AKA 8-quinolinol]	CHEMBL310555	NGTX	NC	FALSE	EtOH_48h_Exp3_LR-10071	150	uM	48	h	3	ETOH	study15_gse72081__080618KB20F.CEL	study15_gse72081__080618KB17F.CEL	study15_CHEMBL310555_150uM_48h_3
EtOH_24h_Exp3_LR-10070	C57Bl6	ethanol	CHEMBL545	NGTX	C	TRUE		0.5	perc	24	h	3	ETOH	study15_gse72081__080618KB7F.CEL		study15_CHEMBL545_0.5perc_24h_3
EtOH_48h_Exp3_LR-10071	C57Bl6	ethanol	CHEMBL545	NGTX	C	TRUE		0.5	perc	48	h	3	ETOH	study15_gse72081__080618KB17F.CEL		study15_CHEMBL545_0.5perc_48h_3
Que_24h_Exp3_LR-10072	C57Bl6	Quercetin	CHEMBL50	NGTX	NC	FALSE	DMSO_24h_Exp3_LR-10074	200	uM	24	h	3	DMSO	study15_gse72081__080423KB12D.CEL	study15_gse72081__080423KB7D.CEL	study15_CHEMBL50_200uM_24h_3
Que_48h_Exp3_LR-10073	C57Bl6	Quercetin	CHEMBL50	NGTX	NC	FALSE	DMSO_48h_Exp3_LR-10075	200	uM	48	h	3	DMSO	study15_gse72081__080423KB24D.CEL	study15_gse72081__080423KB19D.CEL	study15_CHEMBL50_200uM_48h_3
DMSO_24h_Exp3_LR-10074	C57Bl6	dimethylsulfoxide	CHEMBL504			TRUE		0.5	perc	24	h	3	DMSO	study15_gse72081__080423KB7D.CEL		study15_CHEMBL504_0.5perc_24h_3
DMSO_48h_Exp3_LR-10075	C57Bl6	dimethylsulfoxide	CHEMBL504			TRUE		0.5	perc	48	h	3	DMSO	study15_gse72081__080423KB19D.CEL		study15_CHEMBL504_0.5perc_48h_3
BaP_48h_Exp2_LR-10076	C57Bl6	Benzo[a]pyrene	CHEMBL31184	GTX	C	FALSE	DMSO_48h_Exp2_LR-10078	30	uM	48	h	2	DMSO	study15_gse72081__061124KM09.CEL	study15_gse72081__061124KM08.CEL	study15_CHEMBL31184_30uM_48h_2
DMSO_24h_Exp2_LR-10077	C57Bl6	dimethylsulfoxide	CHEMBL504			TRUE		0.5	perc	24	h	2	DMSO	study15_gse72081__061124KM03.CEL		study15_CHEMBL504_0.5perc_24h_2
DMSO_48h_Exp2_LR-10078	C57Bl6	dimethylsulfoxide	CHEMBL504			TRUE		0.5	perc	48	h	2	DMSO	study15_gse72081__061124KM08.CEL		study15_CHEMBL504_0.5perc_48h_2
Que_24h_Exp1_LR-10079	C57Bl6	Quercetin	CHEMBL50	NGTX	NC	FALSE	DMSO_24h_Exp1_LR-10083	200	uM	24	h	1	DMSO	study15_gse72081__080327KM12B_2.CEL	study15_gse72081__080327KM7B.CEL	study15_CHEMBL50_200uM_24h_1
Que_24h_Exp2_LR-10080	C57Bl6	Quercetin	CHEMBL50	NGTX	NC	FALSE	DMSO_24h_Exp2_LR-10084	200	uM	24	h	2	DMSO	study15_gse72081__080327KM12C_2.CEL	study15_gse72081__080327KM7C_2.CEL	study15_CHEMBL50_200uM_24h_2
Que_48h_Exp1_LR-10081	C57Bl6	Quercetin	CHEMBL50	NGTX	NC	FALSE	DMSO_48h_Exp1_LR-10085	200	uM	48	h	1	DMSO	study15_gse72081__080327KM24B.CEL	study15_gse72081__080327KM19B.CEL	study15_CHEMBL50_200uM_48h_1
Que_48h_Exp2_LR-10082	C57Bl6	Quercetin	CHEMBL50	NGTX	NC	FALSE	DMSO_48h_Exp2_LR-10086	200	uM	48	h	2	DMSO	study15_gse72081__080327KM24C.CEL	study15_gse72081__080327KM19C.CEL	study15_CHEMBL50_200uM_48h_2
DMSO_24h_Exp1_LR-10083	C57Bl6	dimethylsulfoxide	CHEMBL504			TRUE		0.5	perc	24	h	1	DMSO	study15_gse72081__080327KM7B.CEL		study15_CHEMBL504_0.5perc_24h_1
DMSO_24h_Exp2_LR-10084	C57Bl6	dimethylsulfoxide	CHEMBL504			TRUE		0.5	perc	24	h	2	DMSO	study15_gse72081__080327KM7C_2.CEL		study15_CHEMBL504_0.5perc_24h_2
DMSO_48h_Exp1_LR-10085	C57Bl6	dimethylsulfoxide	CHEMBL504			TRUE		0.5	perc	48	h	1	DMSO	study15_gse72081__080327KM19B.CEL		study15_CHEMBL504_0.5perc_48h_1
DMSO_48h_Exp2_LR-10086	C57Bl6	dimethylsulfoxide	CHEMBL504			TRUE		0.5	perc	48	h	2	DMSO	study15_gse72081__080327KM19C.CEL		study15_CHEMBL504_0.5perc_48h_2
BaP_24h_Exp3_LR-10087	C57Bl6	Benzo[a]pyrene	CHEMBL31184	GTX	C	FALSE	DMSO_24h_Exp3_LR-10089	30	uM	24	h	3	DMSO	study15_gse72081__061201KM04.CEL	study15_gse72081__061201KM03.CEL	study15_CHEMBL31184_30uM_24h_3
BaP_48h_Exp3_LR-10088	C57Bl6	Benzo[a]pyrene	CHEMBL31184	GTX	C	FALSE	DMSO_48h_Exp3_LR-10090	30	uM	48	h	3	DMSO	study15_gse72081__061201KM09.CEL	study15_gse72081__061201KM08.CEL	study15_CHEMBL31184_30uM_48h_3
DMSO_24h_Exp3_LR-10089	C57Bl6	dimethylsulfoxide	CHEMBL504			TRUE		0.5	perc	24	h	3	DMSO	study15_gse72081__061201KM03.CEL		study15_CHEMBL504_0.5perc_24h_3
DMSO_48h_Exp3_LR-10090	C57Bl6	dimethylsulfoxide	CHEMBL504			TRUE		0.5	perc	48	h	3	DMSO	study15_gse72081__061201KM08.CEL		study15_CHEMBL504_0.5perc_48h_3
02_G05	C57BL_6	Methyl chloroform (1,1,1-TCE)	CHEMBL16080	NGTX	NA	FALSE	04_H05	1	mM	24	h	1	DMSO	study19_GSM1078168_02_G05.CEL	study19_GSM1078170_04_H05.CEL	study19_CHEMBL16080_1mM_24h_1
03_B07	C57BL_6	Okadaic Acid (OA)	CHEMBL280487	NA	NA	FALSE	04_H05	1	nM	24	h	1	DMSO	study19_GSM1078169_03_B07.CEL	study19_GSM1078170_04_H05.CEL	study19_CHEMBL280487_1nM_24h_1
04_H05	C57BL_6	DMSO control				TRUE		0.5	perc	24	h	1	DMSO	study19_GSM1078170_04_H05.CEL		study19__0.5perc _24h_1
06_C07	C57BL_6	Diisodecyl phthalate (DIDP)	CHEMBL3183266	NGTX	NA	FALSE	04_H05	1	mM	24	h	1	DMSO	study19_GSM1078171_06_C07.CEL	study19_GSM1078170_04_H05.CEL	study19_CHEMBL3183266_1mM_24h_1
08_C05	C57BL_6	Calyculin A (CA)	CHEMBL430266	NA	NA	FALSE	04_H05	1	nM	24	h	1	DMSO	study19_GSM1078172_08_C05.CEL	study19_GSM1078170_04_H05.CEL	study19_CHEMBL430266_1nM_24h_1
09_B05	C57BL_6	Diethyl maleate (Dem)	CHEMBL2037000	NA	NA	FALSE	04_H05	300	uM	24	h	1	DMSO	study19_GSM1078173_09_B05.CEL	study19_GSM1078170_04_H05.CEL	study19_CHEMBL2037000_300uM_24h_1
10_F07	C57BL_6	Lead Acetate (LAc)	CHEMBL1909062	GTX	C	FALSE	04_H05	10	uM	24	h	1	DMSO	study19_GSM1078174_10_F07.CEL	study19_GSM1078170_04_H05.CEL	study19_CHEMBL1909062_10uM_24h_1
100_A05	C57BL_6	Heptachlor epoxide (HCE)	CHEMBL1903207	NA	C	FALSE	118_H07	30	uM	24	h	1	DMSO	study19_GSM1078175_100_A05.CEL	study19_GSM1078191_118_H07.CEL	study19_CHEMBL1903207_30uM_24h_1
101_A07	C57BL_6	Mitomycine C (MMC)	CHEMBL105	GTX	C	FALSE	132_G05	0.3	.uM	24	h	1	PBS	study19_GSM1078176_101_A07.CEL	study19_GSM1078200_132_G05.CEL	study19_CHEMBL105_0.3.uM_24h_1
102_B05	C57BL_6	D-mannitol	CHEMBL689	NGTX	NC	FALSE	118_H07	1	mM	24	h	1	DMSO	study19_GSM1078177_102_B05.CEL	study19_GSM1078191_118_H07.CEL	study19_CHEMBL689_1mM_24h_1
103_D05	C57BL_6	TCDD	CHEMBL30327	NGTX	C	FALSE	118_H07	10	nM	24	h	1	DMSO	study19_GSM1078178_103_D05.CEL	study19_GSM1078191_118_H07.CEL	study19_CHEMBL30327_10nM_24h_1
104_F05	C57BL_6	Wyeth-14643 (WY)	CHEMBL295416	NGTX	C	FALSE	118_H07	100	uM	24	h	1	DMSO	study19_GSM1078179_104_F05.CEL	study19_GSM1078191_118_H07.CEL	study19_CHEMBL295416_100uM_24h_1
105_C07	C57BL_6	N-Nitroso-N-Methylurea (MNU)	CHEMBL288958	GTX	C	FALSE	118_H07	1	mM	24	h	1	DMSO	study19_GSM1078180_105_C07.CEL	study19_GSM1078191_118_H07.CEL	study19_CHEMBL288958_1mM_24h_1
107_H05	C57BL_6	Okadaic Acid (OA)	CHEMBL280487	NA	NA	FALSE	118_H07	1	nM	24	h	1	DMSO	study19_GSM1078181_107_H05.CEL	study19_GSM1078191_118_H07.CEL	study19_CHEMBL280487_1nM_24h_1
108_C05	C57BL_6	Etoposide	CHEMBL44657	GTX	C	FALSE	118_H07	30	uM	24	h	1	DMSO	study19_GSM1078182_108_C05.CEL	study19_GSM1078191_118_H07.CEL	study19_CHEMBL44657_30uM_24h_1
109_D07	C57BL_6	Bisphenol A (BPA)	CHEMBL418971	NGTX	NC	FALSE	118_H07	10	uM	24	h	1	DMSO	study19_GSM1078183_109_D07.CEL	study19_GSM1078191_118_H07.CEL	study19_CHEMBL418971_10uM_24h_1
110_F07	C57BL_6	Methyl chloroform (1,1,1-TCE)	CHEMBL16080	NGTX	NA	FALSE	118_H07	1	mM	24	h	1	DMSO	study19_GSM1078184_110_F07.CEL	study19_GSM1078191_118_H07.CEL	study19_CHEMBL16080_1mM_24h_1
111_G07	C57BL_6	Tributyltinoxide (TBTO)	CHEMBL511667	GTX	NC	FALSE	118_H07	0.3	.uM	24	h	1	DMSO	study19_GSM1078185_111_G07.CEL	study19_GSM1078191_118_H07.CEL	study19_CHEMBL511667_0.3.uM_24h_1
113_H07	C57BL_6	Menadione	CHEMBL2358118	NGTX	NA	FALSE	132_G05	3	uM	24	h	1	PBS	study19_GSM1078186_113_H07.CEL	study19_GSM1078200_132_G05.CEL	study19_CHEMBL2358118_3uM_24h_1
114_E05	C57BL_6	Phenobarbital (Pb)	CHEMBL40	NGTX	C	FALSE	118_H07	1	mM	24	h	1	DMSO	study19_GSM1078187_114_E05.CEL	study19_GSM1078191_118_H07.CEL	study19_CHEMBL40_1mM_24h_1
115_G05	C57BL_6	Clofibrate	CHEMBL565	NGTX	C	FALSE	118_H07	1	mM	24	h	1	DMSO	study19_GSM1078188_115_G05.CEL	study19_GSM1078191_118_H07.CEL	study19_CHEMBL565_1mM_24h_1
116_D05	C57BL_6	Aroclor 1254	CHEMBL342696	NGTX	C	FALSE	118_H07	30	uM	24	h	1	DMSO	study19_GSM1078189_116_D05.CEL	study19_GSM1078191_118_H07.CEL	study19_CHEMBL342696_30uM_24h_1
117_H05	C57BL_6	beta-Hexachlorocyclohexane (HCH)	CHEMBL15891	NGTX	C	FALSE	118_H07	100	uM	24	h	1	DMSO	study19_GSM1078190_117_H05.CEL	study19_GSM1078191_118_H07.CEL	study19_CHEMBL15891_100uM_24h_1
118_H07	C57BL_6	DMSO control				TRUE		0.5	perc	24	h	1	DMSO	study19_GSM1078191_118_H07.CEL		study19__0.5perc _24h_1
119_D07	C57BL_6	1,4-bis[2-(3,5-dichloropyridyloxy)]benzene (TCPOBOP)	CHEMBL488803	NGTX	C	FALSE	118_H07	10	uM	24	h	1	DMSO	study19_GSM1078192_119_D07.CEL	study19_GSM1078191_118_H07.CEL	study19_CHEMBL488803_10uM_24h_1
120_G07	C57BL_6	Cyclosporin A (CsA)	CHEMBL160	NGTX	C	FALSE	118_H07	1	uM	24	h	1	DMSO	study19_GSM1078193_120_G07.CEL	study19_GSM1078191_118_H07.CEL	study19_CHEMBL160_1uM_24h_1
124_A07	C57BL_6	Diisodecyl phthalate (DIDP)	CHEMBL3183266	NGTX	NA	FALSE	118_H07	1	mM	24	h	1	DMSO	study19_GSM1078194_124_A07.CEL	study19_GSM1078191_118_H07.CEL	study19_CHEMBL3183266_1mM_24h_1
125_B05	C57BL_6	Cisplatin (CsPt)	CHEMBL2068237	GTX	C	FALSE	118_H07	1	uM	24	h	1	DMSO	study19_GSM1078195_125_B05.CEL	study19_GSM1078191_118_H07.CEL	study19_CHEMBL2068237_1uM_24h_1
127_A05	C57BL_6	Carbon Tetrachloride (CT)	CHEMBL44814	NGTX	C	FALSE	118_H07	300	uM	24	h	1	DMSO	study19_GSM1078196_127_A05.CEL	study19_GSM1078191_118_H07.CEL	study19_CHEMBL44814_300uM_24h_1
128_F07	C57BL_6	Sodium Arsenite (SAr)	CHEMBL1909078	GTX	C	FALSE	132_G05	3	uM	24	h	1	PBS	study19_GSM1078197_128_F07.CEL	study19_GSM1078200_132_G05.CEL	study19_CHEMBL1909078_3uM_24h_1
129_C05	C57BL_6	Calyculin A (CA)	CHEMBL430266	NA	NA	FALSE	118_H07	1	nM	24	h	1	DMSO	study19_GSM1078198_129_C05.CEL	study19_GSM1078191_118_H07.CEL	study19_CHEMBL430266_1nM_24h_1
131_E07	C57BL_6	Diethyl maleate (Dem)	CHEMBL2037000	NA	NA	FALSE	118_H07	300	uM	24	h	1	DMSO	study19_GSM1078199_131_E07.CEL	study19_GSM1078191_118_H07.CEL	study19_CHEMBL2037000_300uM_24h_1
132_G05	C57BL_6	PBS control				TRUE		0.5	perc	24	h	1	DMSO	study19_GSM1078200_132_G05.CEL		study19__0.5perc _24h_1
133_E05	C57BL_6	Lead Acetate (LAc)	CHEMBL1909062	GTX	C	FALSE	118_H07	10	uM	24	h	1	DMSO	study19_GSM1078201_133_E05.CEL	study19_GSM1078191_118_H07.CEL	study19_CHEMBL1909062_10uM_24h_1
134_F05	C57BL_6	Tacrolimus (FK-506)	CHEMBL269732	NGTX	C	FALSE	118_H07	30	uM	24	h	1	DMSO	study19_GSM1078202_134_F05.CEL	study19_GSM1078191_118_H07.CEL	study19_CHEMBL269732_30uM_24h_1
145_H07	C57BL_6	Cisplatin (CsPt)	CHEMBL2068237	GTX	C	FALSE	154_A05	1	uM	24	h	1	PBS	study19_GSM1078203_145_H07.CEL	study19_GSM1078212_154_A05.CEL	study19_CHEMBL2068237_1uM_24h_1
146_C05	C57BL_6	D-mannitol	CHEMBL689	NGTX	NC	FALSE	154_A05	1	mM	24	h	1	PBS	study19_GSM1078204_146_C05.CEL	study19_GSM1078212_154_A05.CEL	study19_CHEMBL689_1mM_24h_1
147_A07	C57BL_6	Menadione	CHEMBL2358118	NGTX	NA	FALSE	154_A05	3	uM	24	h	1	PBS	study19_GSM1078205_147_A07.CEL	study19_GSM1078212_154_A05.CEL	study19_CHEMBL2358118_3uM_24h_1
148_G07	C57BL_6	Etoposide	CHEMBL44657	GTX	C	FALSE	154_A05	30	uM	24	h	1	PBS	study19_GSM1078206_148_G07.CEL	study19_GSM1078212_154_A05.CEL	study19_CHEMBL44657_30uM_24h_1
149_E05	C57BL_6	Carbon Tetrachloride (CT)	CHEMBL44814	NGTX	C	FALSE	154_A05	300	uM	24	h	1	PBS	study19_GSM1078207_149_E05.CEL	study19_GSM1078212_154_A05.CEL	study19_CHEMBL44814_300uM_24h_1
150_G05	C57BL_6	Tributyltinoxide (TBTO)	CHEMBL511667	GTX	NC	FALSE	154_A05	0.3	.uM	24	h	1	PBS	study19_GSM1078208_150_G05.CEL	study19_GSM1078212_154_A05.CEL	study19_CHEMBL511667_0.3.uM_24h_1
151_F07	C57BL_6	1,4-bis[2-(3,5-dichloropyridyloxy)]benzene (TCPOBOP)	CHEMBL488803	NGTX	C	FALSE	154_A05	10	uM	24	h	1	PBS	study19_GSM1078209_151_F07.CEL	study19_GSM1078212_154_A05.CEL	study19_CHEMBL488803_10uM_24h_1
152_D05	C57BL_6	Wyeth-14643 (WY)	CHEMBL295416	NGTX	C	FALSE	154_A05	100	uM	24	h	1	PBS	study19_GSM1078210_152_D05.CEL	study19_GSM1078212_154_A05.CEL	study19_CHEMBL295416_100uM_24h_1
153_B07	C57BL_6	beta-Hexachlorocyclohexane (HCH)	CHEMBL15891	NGTX	C	FALSE	154_A05	100	uM	24	h	1	PBS	study19_GSM1078211_153_B07.CEL	study19_GSM1078212_154_A05.CEL	study19_CHEMBL15891_100uM_24h_1
154_A05	C57BL_6	PBS control				TRUE		0.5	perc	24	h	1	PBS	study19_GSM1078212_154_A05.CEL		study19__0.5perc _24h_1
156_C07	C57BL_6	Bisphenol A (BPA)	CHEMBL418971	NGTX	NC	FALSE	154_A05	10	uM	24	h	1	PBS	study19_GSM1078213_156_C07.CEL	study19_GSM1078212_154_A05.CEL	study19_CHEMBL418971_10uM_24h_1
157_D07	C57BL_6	Aroclor 1254	CHEMBL342696	NGTX	C	FALSE	154_A05	30	uM	24	h	1	PBS	study19_GSM1078214_157_D07.CEL	study19_GSM1078212_154_A05.CEL	study19_CHEMBL342696_30uM_24h_1
158_H05	C57BL_6	Mitomycine C (MMC)	CHEMBL105	GTX	C	FALSE	154_A05	0.3	.uM	24	h	1	PBS	study19_GSM1078215_158_H05.CEL	study19_GSM1078212_154_A05.CEL	study19_CHEMBL105_0.3.uM_24h_1
159_B05	C57BL_6	Phenobarbital (Pb)	CHEMBL40	NGTX	C	FALSE	154_A05	1	mM	24	h	1	PBS	study19_GSM1078216_159_B05.CEL	study19_GSM1078212_154_A05.CEL	study19_CHEMBL40_1mM_24h_1
160_F05	C57BL_6	Cyclosporin A (CsA)	CHEMBL160	NGTX	C	FALSE	154_A05	1	uM	24	h	1	PBS	study19_GSM1078217_160_F05.CEL	study19_GSM1078212_154_A05.CEL	study19_CHEMBL160_1uM_24h_1
161_C07	C57BL_6	Cyclosporin A (CsA)	CHEMBL160	NGTX	C	FALSE	154_A05	1	uM	24	h	1	PBS	study19_GSM1078218_161_C07.CEL	study19_GSM1078212_154_A05.CEL	study19_CHEMBL160_1uM_24h_1
164_A05	C57BL_6	Tacrolimus (FK-506)	CHEMBL269732	NGTX	C	FALSE	154_A05	30	uM	24	h	1	PBS	study19_GSM1078219_164_A05.CEL	study19_GSM1078212_154_A05.CEL	study19_CHEMBL269732_30uM_24h_1
166_E07	C57BL_6	Heptachlor epoxide (HCE)	CHEMBL1903207	NA	C	FALSE	154_A05	30	uM	24	h	1	PBS	study19_GSM1078220_166_E07.CEL	study19_GSM1078212_154_A05.CEL	study19_CHEMBL1903207_30uM_24h_1
167_A07	C57BL_6	Clofibrate	CHEMBL565	NGTX	C	FALSE	154_A05	1	mM	24	h	1	PBS	study19_GSM1078221_167_A07.CEL	study19_GSM1078212_154_A05.CEL	study19_CHEMBL565_1mM_24h_1
168_G07	C57BL_6	TCDD	CHEMBL30327	NGTX	C	FALSE	154_A05	10	nM	24	h	1	PBS	study19_GSM1078222_168_G07.CEL	study19_GSM1078212_154_A05.CEL	study19_CHEMBL30327_10nM_24h_1
169_D07	C57BL_6	N-Nitroso-N-Methylurea (MNU)	CHEMBL288958	GTX	C	FALSE	154_A05	1	mM	24	h	1	PBS	study19_GSM1078223_169_D07.CEL	study19_GSM1078212_154_A05.CEL	study19_CHEMBL288958_1mM_24h_1
33_C07	C57BL_6	Bisphenol A (BPA)	CHEMBL418971	NGTX	NC	FALSE	49_D07	10	uM	24	h	1	DMSO	study19_GSM1078224_33_C07.CEL	study19_GSM1078237_49_D07.CEL	study19_CHEMBL418971_10uM_24h_1
35_F05	C57BL_6	Carbon Tetrachloride (CT)	CHEMBL44814	NGTX	C	FALSE	49_D07	300	uM	24	h	1	DMSO	study19_GSM1078225_35_F05.CEL	study19_GSM1078237_49_D07.CEL	study19_CHEMBL44814_300uM_24h_1
36_D05	C57BL_6	Phenobarbital (Pb)	CHEMBL40	NGTX	C	FALSE	49_D07	1	mM	24	h	1	DMSO	study19_GSM1078226_36_D05.CEL	study19_GSM1078237_49_D07.CEL	study19_CHEMBL40_1mM_24h_1
37_H05	C57BL_6	Lead Acetate (LAc)	CHEMBL1909062	GTX	C	FALSE	49_D07	10	uM	24	h	1	DMSO	study19_GSM1078227_37_H05.CEL	study19_GSM1078237_49_D07.CEL	study19_CHEMBL1909062_10uM_24h_1
38_G07	C57BL_6	Diisodecyl phthalate (DIDP)	CHEMBL3183266	NGTX	NA	FALSE	49_D07	1	mM	24	h	1	DMSO	study19_GSM1078228_38_G07.CEL	study19_GSM1078237_49_D07.CEL	study19_CHEMBL3183266_1mM_24h_1
39_G05	C57BL_6	Wyeth-14643 (WY)	CHEMBL295416	NGTX	C	FALSE	49_D07	100	uM	24	h	1	DMSO	study19_GSM1078229_39_G05.CEL	study19_GSM1078237_49_D07.CEL	study19_CHEMBL295416_100uM_24h_1
40_E07	C57BL_6	N-Nitroso-N-Methylurea (MNU)	CHEMBL288958	GTX	C	FALSE	49_D07	1	mM	24	h	1	DMSO	study19_GSM1078230_40_E07.CEL	study19_GSM1078237_49_D07.CEL	study19_CHEMBL288958_1mM_24h_1
41_A05	C57BL_6	Calyculin A (CA)	CHEMBL430266	NA	NA	FALSE	49_D07	1	nM	24	h	1	DMSO	study19_GSM1078231_41_A05.CEL	study19_GSM1078237_49_D07.CEL	study19_CHEMBL430266_1nM_24h_1
42_B07	C57BL_6	Menadione	CHEMBL2358118	NGTX	NA	FALSE	55_A07	3	uM	24	h	1	PBS	study19_GSM1078232_42_B07.CEL	study19_GSM1078243_55_A07.CEL	study19_CHEMBL2358118_3uM_24h_1
43_C05	C57BL_6	Diethyl maleate (Dem)	CHEMBL2037000	NA	NA	FALSE	49_D07	300	uM	24	h	1	DMSO	study19_GSM1078233_43_C05.CEL	study19_GSM1078237_49_D07.CEL	study19_CHEMBL2037000_300uM_24h_1
44_F07	C57BL_6	Mitomycine C (MMC)	CHEMBL105	GTX	C	FALSE	55_A07	0.3	.uM	24	h	1	PBS	study19_GSM1078234_44_F07.CEL	study19_GSM1078243_55_A07.CEL	study19_CHEMBL105_0.3.uM_24h_1
45_A07	C57BL_6	D-mannitol	CHEMBL689	NGTX	NC	FALSE	49_D07	1	mM	24	h	1	DMSO	study19_GSM1078235_45_A07.CEL	study19_GSM1078237_49_D07.CEL	study19_CHEMBL689_1mM_24h_1
48_E05	C57BL_6	1,4-bis[2-(3,5-dichloropyridyloxy)]benzene (TCPOBOP)	CHEMBL488803	NGTX	C	FALSE	49_D07	10	uM	24	h	1	DMSO	study19_GSM1078236_48_E05.CEL	study19_GSM1078237_49_D07.CEL	study19_CHEMBL488803_10uM_24h_1
49_D07	C57BL_6	DMSO control				TRUE		0.5	perc	24	h	1	DMSO	study19_GSM1078237_49_D07.CEL		study19__0.5perc _24h_1
50_B07	C57BL_6	Sodium Arsenite (SAr)	CHEMBL1909078	GTX	C	FALSE	55_A07	3	uM	24	h	1	PBS	study19_GSM1078238_50_B07.CEL	study19_GSM1078243_55_A07.CEL	study19_CHEMBL1909078_3uM_24h_1
51_A05	C57BL_6	Etoposide	CHEMBL44657	GTX	C	FALSE	49_D07	30	uM	24	h	1	DMSO	study19_GSM1078239_51_A05.CEL	study19_GSM1078237_49_D07.CEL	study19_CHEMBL44657_30uM_24h_1
52_H05	C57BL_6	Aroclor 1254	CHEMBL342696	NGTX	C	FALSE	49_D07	30	uM	24	h	1	DMSO	study19_GSM1078240_52_H05.CEL	study19_GSM1078237_49_D07.CEL	study19_CHEMBL342696_30uM_24h_1
53_F07	C57BL_6	TCDD	CHEMBL30327	NGTX	C	FALSE	49_D07	10	nM	24	h	1	DMSO	study19_GSM1078241_53_F07.CEL	study19_GSM1078237_49_D07.CEL	study19_CHEMBL30327_10nM_24h_1
54_C05	C57BL_6	Methyl chloroform (1,1,1-TCE)	CHEMBL16080	NGTX	NA	FALSE	49_D07	1	mM	24	h	1	DMSO	study19_GSM1078242_54_C05.CEL	study19_GSM1078237_49_D07.CEL	study19_CHEMBL16080_1mM_24h_1
55_A07	C57BL_6	PBS control				TRUE		0.5	perc	24	h	1	PBS	study19_GSM1078243_55_A07.CEL		study19__0.5perc _24h_1
56_E05	C57BL_6	Heptachlor epoxide (HCE)	CHEMBL1903207	NA	C	FALSE	49_D07	30	uM	24	h	1	DMSO	study19_GSM1078244_56_E05.CEL	study19_GSM1078237_49_D07.CEL	study19_CHEMBL1903207_30uM_24h_1
57_G05	C57BL_6	beta-Hexachlorocyclohexane (HCH)	CHEMBL15891	NGTX	C	FALSE	49_D07	100	uM	24	h	1	DMSO	study19_GSM1078245_57_G05.CEL	study19_GSM1078237_49_D07.CEL	study19_CHEMBL15891_100uM_24h_1
58_E07	C57BL_6	Okadaic Acid (OA)	CHEMBL280487	NA	NA	FALSE	49_D07	1	nM	24	h	1	DMSO	study19_GSM1078246_58_E07.CEL	study19_GSM1078237_49_D07.CEL	study19_CHEMBL280487_1nM_24h_1
60_G07	C57BL_6	Clofibrate	CHEMBL565	NGTX	C	FALSE	49_D07	1	mM	24	h	1	DMSO	study19_GSM1078247_60_G07.CEL	study19_GSM1078237_49_D07.CEL	study19_CHEMBL565_1mM_24h_1
61_F05	C57BL_6	Tributyltinoxide (TBTO)	CHEMBL511667	GTX	NC	FALSE	49_D07	0.3	.uM	24	h	1	DMSO	study19_GSM1078248_61_F05.CEL	study19_GSM1078237_49_D07.CEL	study19_CHEMBL511667_0.3.uM_24h_1
63_D05	C57BL_6	Cisplatin (CsPt)	CHEMBL2068237	GTX	C	FALSE	49_D07	1	uM	24	h	1	DMSO	study19_GSM1078249_63_D05.CEL	study19_GSM1078237_49_D07.CEL	study19_CHEMBL2068237_1uM_24h_1
64_B05	C57BL_6	Tacrolimus (FK-506)	CHEMBL269732	NGTX	C	FALSE	49_D07	30	uM	24	h	1	DMSO	study19_GSM1078250_64_B05.CEL	study19_GSM1078237_49_D07.CEL	study19_CHEMBL269732_30uM_24h_1
66_H07	C57BL_6	beta-Hexachlorocyclohexane (HCH)	CHEMBL15891	NGTX	C	FALSE	82_A05	100	uM	24	h	1	DMSO	study19_GSM1078251_66_H07.CEL	study19_GSM1078265_82_A05.CEL	study19_CHEMBL15891_100uM_24h_1
67_D07	C57BL_6	Tributyltinoxide (TBTO)	CHEMBL511667	GTX	NC	FALSE	82_A05	0.3	.uM	24	h	1	DMSO	study19_GSM1078252_67_D07.CEL	study19_GSM1078265_82_A05.CEL	study19_CHEMBL511667_0.3.uM_24h_1
68_F07	C57BL_6	Sodium Arsenite (SAr)	CHEMBL1909078	GTX	C	FALSE	97_C07	3	uM	24	h	1	PBS	study19_GSM1078253_68_F07.CEL	study19_GSM1078276_97_C07.CEL	study19_CHEMBL1909078_3uM_24h_1
69_H05	C57BL_6	Methyl chloroform (1,1,1-TCE)	CHEMBL16080	NGTX	NA	FALSE	82_A05	1	mM	24	h	1	DMSO	study19_GSM1078254_69_H05.CEL	study19_GSM1078265_82_A05.CEL	study19_CHEMBL16080_1mM_24h_1
70_C07	C57BL_6	Menadione	CHEMBL2358118	NGTX	NA	FALSE	97_C07	3	uM	24	h	1	PBS	study19_GSM1078255_70_C07.CEL	study19_GSM1078276_97_C07.CEL	study19_CHEMBL2358118_3uM_24h_1
71_F05	C57BL_6	Calyculin A (CA)	CHEMBL430266	NA	NA	FALSE	82_A05	1	nM	24	h	1	DMSO	study19_GSM1078256_71_F05.CEL	study19_GSM1078265_82_A05.CEL	study19_CHEMBL430266_1nM_24h_1
73_D05	C57BL_6	Bisphenol A (BPA)	CHEMBL418971	NGTX	NC	FALSE	82_A05	10	uM	24	h	1	DMSO	study19_GSM1078257_73_D05.CEL	study19_GSM1078265_82_A05.CEL	study19_CHEMBL418971_10uM_24h_1
74_G05	C57BL_6	1,4-bis[2-(3,5-dichloropyridyloxy)]benzene (TCPOBOP)	CHEMBL488803	NGTX	C	FALSE	82_A05	10	uM	24	h	1	DMSO	study19_GSM1078258_74_G05.CEL	study19_GSM1078265_82_A05.CEL	study19_CHEMBL488803_10uM_24h_1
76_A05	C57BL_6	Etoposide	CHEMBL44657	GTX	C	FALSE	82_A05	30	uM	24	h	1	DMSO	study19_GSM1078259_76_A05.CEL	study19_GSM1078265_82_A05.CEL	study19_CHEMBL44657_30uM_24h_1
77_G07	C57BL_6	Diethyl maleate (Dem)	CHEMBL2037000	NA	NA	FALSE	82_A05	300	uM	24	h	1	DMSO	study19_GSM1078260_77_G07.CEL	study19_GSM1078265_82_A05.CEL	study19_CHEMBL2037000_300uM_24h_1
78_E05	C57BL_6	Clofibrate	CHEMBL565	NGTX	C	FALSE	82_A05	1	mM	24	h	1	DMSO	study19_GSM1078261_78_E05.CEL	study19_GSM1078265_82_A05.CEL	study19_CHEMBL565_1mM_24h_1
79_C05	C57BL_6	D-mannitol	CHEMBL689	NGTX	NC	FALSE	82_A05	1	mM	24	h	1	DMSO	study19_GSM1078262_79_C05.CEL	study19_GSM1078265_82_A05.CEL	study19_CHEMBL689_1mM_24h_1
80_B05	C57BL_6	Lead Acetate (LAc)	CHEMBL1909062	GTX	C	FALSE	82_A05	10	uM	24	h	1	DMSO	study19_GSM1078263_80_B05.CEL	study19_GSM1078265_82_A05.CEL	study19_CHEMBL1909062_10uM_24h_1
81_G05	C57BL_6	Carbon Tetrachloride (CT)	CHEMBL44814	NGTX	C	FALSE	82_A05	300	uM	24	h	1	DMSO	study19_GSM1078264_81_G05.CEL	study19_GSM1078265_82_A05.CEL	study19_CHEMBL44814_300uM_24h_1
82_A05	C57BL_6	DMSO control				TRUE		0.5	perc	24	h	1	DMSO	study19_GSM1078265_82_A05.CEL		study19__0.5perc _24h_1
83_F05	C57BL_6	Okadaic Acid (OA)	CHEMBL280487	NA	NA	FALSE	82_A05	1	nM	24	h	1	DMSO	study19_GSM1078266_83_F05.CEL	study19_GSM1078265_82_A05.CEL	study19_CHEMBL280487_1nM_24h_1
84_A07	C57BL_6	Phenobarbital (Pb)	CHEMBL40	NGTX	C	FALSE	82_A05	1	mM	24	h	1	DMSO	study19_GSM1078267_84_A07.CEL	study19_GSM1078265_82_A05.CEL	study19_CHEMBL40_1mM_24h_1
85_F07	C57BL_6	TCDD	CHEMBL30327	NGTX	C	FALSE	82_A05	10	nM	24	h	1	DMSO	study19_GSM1078268_85_F07.CEL	study19_GSM1078265_82_A05.CEL	study19_CHEMBL30327_10nM_24h_1
86_H07	C57BL_6	Cyclosporin A (CsA)	CHEMBL160	NGTX	C	FALSE	82_A05	1	uM	24	h	1	DMSO	study19_GSM1078269_86_H07.CEL	study19_GSM1078265_82_A05.CEL	study19_CHEMBL160_1uM_24h_1
91_E07	C57BL_6	Aroclor 1254	CHEMBL342696	NGTX	C	FALSE	82_A05	30	uM	24	h	1	DMSO	study19_GSM1078270_91_E07.CEL	study19_GSM1078265_82_A05.CEL	study19_CHEMBL342696_30uM_24h_1
92_D07	C57BL_6	Tacrolimus (FK-506)	CHEMBL269732	NGTX	C	FALSE	82_A05	30	uM	24	h	1	DMSO	study19_GSM1078271_92_D07.CEL	study19_GSM1078265_82_A05.CEL	study19_CHEMBL269732_30uM_24h_1
93_C05	C57BL_6	Diisodecyl phthalate (DIDP)	CHEMBL3183266	NGTX	NA	FALSE	82_A05	1	mM	24	h	1	DMSO	study19_GSM1078272_93_C05.CEL	study19_GSM1078265_82_A05.CEL	study19_CHEMBL3183266_1mM_24h_1
94_B05	C57BL_6	Wyeth-14643 (WY)	CHEMBL295416	NGTX	C	FALSE	82_A05	100	uM	24	h	1	DMSO	study19_GSM1078273_94_B05.CEL	study19_GSM1078265_82_A05.CEL	study19_CHEMBL295416_100uM_24h_1
95_G07	C57BL_6	Mitomycine C (MMC)	CHEMBL105	GTX	C	FALSE	97_C07	0.3	.uM	24	h	1	PBS	study19_GSM1078274_95_G07.CEL	study19_GSM1078276_97_C07.CEL	study19_CHEMBL105_0.3.uM_24h_1
96_H05	C57BL_6	Heptachlor epoxide (HCE)	CHEMBL1903207	NA	C	FALSE	82_A05	30	uM	24	h	1	DMSO	study19_GSM1078275_96_H05.CEL	study19_GSM1078265_82_A05.CEL	study19_CHEMBL1903207_30uM_24h_1
97_C07	C57BL_6	PBS control				TRUE		0.5	perc	24	h	1	DMSO	study19_GSM1078276_97_C07.CEL		study19__0.5perc _24h_1
98_D05	C57BL_6	N-Nitroso-N-Methylurea (MNU)	CHEMBL288958	GTX	C	FALSE	82_A05	1	mM	24	h	1	DMSO	study19_GSM1078277_98_D05.CEL	study19_GSM1078265_82_A05.CEL	study19_CHEMBL288958_1mM_24h_1
99_B07	C57BL_6	Cisplatin (CsPt)	CHEMBL2068237	GTX	C	FALSE	82_A05	1	uM	24	h	1	DMSO	study19_GSM1078278_99_B07.CEL	study19_GSM1078265_82_A05.CEL	study19_CHEMBL2068237_1uM_24h_1
24hour_2000_M_DMN_1		N-nitrosodimethylamine	CHEMBL117311	GTX	C	FALSE	24hour_0_M_Medium_1	2000	uM	24	h	1	Medium	study17_e_mexp_2539__080612KB16H.CEL	study15_gse72081__080612KB10H.CEL	study17_CHEMBL117311_2000uM_24h_1
24hour_5_M_MitC_1		mitomycin C	CHEMBL105	GTX	C	FALSE	24hour_0_M_EtOH_1	5	uM	24	h	1	EtOH	study17_e_mexp_2539__080612KB16I.CEL	study15_gse72081__080612KB10I.CEL	study17_CHEMBL105_5uM_24h_1
48hour_2000_M_DMN_1		N-nitrosodimethylamine	CHEMBL117311	GTX	C	FALSE	48hour_0_M_Medium_1	2000	uM	48	h	1	Medium	study17_e_mexp_2539__080612KB18I.CEL	study15_gse72081__080612KB17I.CEL	study17_CHEMBL117311_2000uM_48h_1
48hour_5_M_MitC_1		mitomycin C	CHEMBL105	GTX	C	FALSE	48hour_0_M_EtOH_1	5	uM	48	h	1	EtOH	study17_e_mexp_2539__080612KB19H.CEL	study16_km4_compounds__080612KB18H.CEL	study17_CHEMBL105_5uM_48h_1
48hour_150_M_8Q_1		quinolin-8-ol	CHEMBL310555	NGTX	NC	FALSE	48hour_0_M_EtOH_1	150	uM	48	h	1	EtOH	study17_e_mexp_2539__080612KB19I.CEL	study16_km4_compounds__080612KB18H.CEL	study17_CHEMBL310555_150uM_48h_1
24hour_2000_M_DMN_2		N-nitrosodimethylamine	CHEMBL117311	GTX	C	FALSE	24hour_0_M_Medium_2	2000	uM	24	h	2	Medium	study17_e_mexp_2539__080612KB6H.CEL	study15_gse72081__080612KB20H.CEL	study17_CHEMBL117311_2000uM_24h_2
24hour_5_M_MitC_2		mitomycin C	CHEMBL105	GTX	C	FALSE	24hour_0_M_EtOH_2	5	uM	24	h	2	EtOH	study17_e_mexp_2539__080612KB6I.CEL	study15_gse72081__080612KB20I.CEL	study17_CHEMBL105_5uM_24h_2
48hour_2000_M_DMN_2		N-nitrosodimethylamine	CHEMBL117311	GTX	C	FALSE	48hour_0_M_Medium_2	2000	uM	48	h	2	Medium	study17_e_mexp_2539__080612KB8I.CEL	study15_gse72081__080612KB7I.CEL	study17_CHEMBL117311_2000uM_48h_2
48hour_5_M_MitC_2		mitomycin C	CHEMBL105	GTX	C	FALSE	48hour_0_M_EtOH_2	5	uM	48	h	2	EtOH	study17_e_mexp_2539__080612KB9H.CEL	study16_km4_compounds__080612KB8H.CEL	study17_CHEMBL105_5uM_48h_2
48hour_150_M_8Q_2		quinolin-8-ol	CHEMBL310555	NGTX	NC	FALSE	48hour_0_M_EtOH_2	150	uM	48	h	2	EtOH	study17_e_mexp_2539__080612KB9I.CEL	study16_km4_compounds__080612KB8H.CEL	study17_CHEMBL310555_150uM_48h_2
24hour_2000_M_DMN_3		N-nitrosodimethylamine	CHEMBL117311	GTX	C	FALSE	24hour_0_M_Medium_3	2000	uM	24	h	3	Medium	study17_e_mexp_2539__080618KB17F.CEL	study15_gse72081__080618KB10F.CEL	study17_CHEMBL117311_2000uM_24h_3
48hour_0_M_EtOH_3		ethanol	CHEMBL545	NGTX	C	TRUE		0	uM	48	h	3	EtOH	study17_e_mexp_2539__080618KB19J.CEL		study17__0uM_48h_3
48hour_2000_M_DMN_3		N-nitrosodimethylamine	CHEMBL117311	GTX	C	FALSE	48hour_0_M_Medium_3	2000	uM	48	h	3	Medium	study17_e_mexp_2539__080618KB20F.CEL	study16_km4_compounds__080618KB18F.CEL	study17_CHEMBL117311_2000uM_48h_3
48hour_150_M_8Q_3		quinolin-8-ol	CHEMBL310555	NGTX	NC	FALSE	48hour_0_M_EtOH_3	150	uM	48	h	3	EtOH	study17_e_mexp_2539__080618KB6F.CEL	study17_e_mexp_2539__080618KB19J.CEL	study17_CHEMBL310555_150uM_48h_3
24hour_0_M_EtOH_4		ethanol	CHEMBL545	NGTX	C	TRUE		0	uM	24	h	4	EtOH	study17_e_mexp_2539__080618KB7F.CEL		study17__0uM_24h_4
48hour_0_M_EtOH_4		ethanol	CHEMBL545	NGTX	C	TRUE		0	uM	48	h	4	EtOH	study17_e_mexp_2539__080618KB8F.CEL		study17__0uM_48h_4
48hour_5_M_MitC_4		mitomycin C	CHEMBL105	GTX	C	FALSE	48hour_0_M_EtOH_4	5	uM	48	h	4	Medium	study17_e_mexp_2539__080618KB9J.CEL	study17_e_mexp_2539__080618KB8F.CEL	study17_CHEMBL105_5uM_48h_4
24hour_125_M_2-AAF_1		2-acetamidofluorene	CHEMBL311469	GTX	C	FALSE	24hour_0_M_DMSO_1	125	uM	24	h	1	DMSO	study17_e_mexp_2539__080327KM8B.CEL	study15_gse72081__080327KM7B.CEL	study17_CHEMBL311469_125uM_24h_1
24hour_2000_M_ANAC_1		anthranilic acid	CHEMBL14173	NGTX	NC	FALSE	24hour_0_M_DMSO_1	2000	uM	24	h	1	DMSO	study17_e_mexp_2539__080327KM9B.CEL	study15_gse72081__080327KM7B.CEL	study17_CHEMBL14173_2000uM_24h_1
24hour_125_M_2-CP_1		2-(Chloromethyl)pyridine hydrochloride	CHEMBL1421966	NGTX	NC	FALSE	24hour_0_M_DMSO_1	125	uM	24	h	1	DMSO	study17_e_mexp_2539__080327KM10B.CEL	study15_gse72081__080327KM7B.CEL	study17_CHEMBL1421966_125uM_24h_1
24hour_2000_M_4-NP_1		4-nitro-1,2-phenylenediamine	CHEMBL433721	NGTX	NC	FALSE	24hour_0_M_DMSO_1	2000	uM	24	h	1	DMSO	study17_e_mexp_2539__080327KM11B.CEL	study15_gse72081__080327KM7B.CEL	study17_CHEMBL433721_2000uM_24h_1
24hour_200_M_Q_1		quercetin	CHEMBL50	NGTX	NC	FALSE	24hour_0_M_DMSO_1	200	uM	24	h	1	DMSO	study17_e_mexp_2539__080327KM12B_2.CEL	study15_gse72081__080327KM7B.CEL	study17_CHEMBL50_200uM_24h_1
48hour_125_M_2-AAF_1		2-acetamidofluorene	CHEMBL311469	GTX	C	FALSE	48hour_0_M_DMSO_1	125	uM	48	h	1	DMSO	study17_e_mexp_2539__080327KM20B.CEL	study15_gse72081__080327KM19B.CEL	study17_CHEMBL311469_125uM_48h_1
48hour_2000_M_ANAC_1		anthranilic acid	CHEMBL14173	NGTX	NC	FALSE	48hour_0_M_DMSO_1	2000	uM	48	h	1	DMSO	study17_e_mexp_2539__080327KM21B.CEL	study15_gse72081__080327KM19B.CEL	study17_CHEMBL14173_2000uM_48h_1
48hour_125_M_2-CP_1		2-(Chloromethyl)pyridine hydrochloride	CHEMBL1421966	NGTX	NC	FALSE	48hour_0_M_DMSO_1	125	uM	48	h	1	DMSO	study17_e_mexp_2539__080327KM22B.CEL	study15_gse72081__080327KM19B.CEL	study17_CHEMBL1421966_125uM_48h_1
48hour_2000_M_4-NP_1		4-nitro-1,2-phenylenediamine	CHEMBL433721	NGTX	NC	FALSE	48hour_0_M_DMSO_1	2000	uM	48	h	1	DMSO	study17_e_mexp_2539__080327KM23B.CEL	study15_gse72081__080327KM19B.CEL	study17_CHEMBL433721_2000uM_48h_1
48hour_200_M_Q_1		quercetin	CHEMBL50	NGTX	NC	FALSE	48hour_0_M_DMSO_1	200	uM	48	h	1	DMSO	study17_e_mexp_2539__080327KM24B.CEL	study15_gse72081__080327KM19B.CEL	study17_CHEMBL50_200uM_48h_1
24hour_125_M_2-AAF_2		2-acetamidofluorene	CHEMBL311469	GTX	C	FALSE	24hour_0_M_DMSO_2	125	uM	24	h	2	DMSO	study17_e_mexp_2539__080327KM8C_2.CEL	study15_gse72081__080327KM7C_2.CEL	study17_CHEMBL311469_125uM_24h_2
24hour_2000_M_ANAC_2		anthranilic acid	CHEMBL14173	NGTX	NC	FALSE	24hour_0_M_DMSO_2	2000	uM	24	h	2	DMSO	study17_e_mexp_2539__080327KM9C_2.CEL	study15_gse72081__080327KM7C_2.CEL	study17_CHEMBL14173_2000uM_24h_2
24hour_125_M_2-CP_2		2-(Chloromethyl)pyridine hydrochloride	CHEMBL1421966	NGTX	NC	FALSE	24hour_0_M_DMSO_2	125	uM	24	h	2	DMSO	study17_e_mexp_2539__080327KM10C.CEL	study15_gse72081__080327KM7C_2.CEL	study17_CHEMBL1421966_125uM_24h_2
24hour_2000_M_4-NP_2		4-nitro-1,2-phenylenediamine	CHEMBL433721	NGTX	NC	FALSE	24hour_0_M_DMSO_2	2000	uM	24	h	2	DMSO	study17_e_mexp_2539__080327KM11C.CEL	study15_gse72081__080327KM7C_2.CEL	study17_CHEMBL433721_2000uM_24h_2
24hour_200_M_Q_2		quercetin	CHEMBL50	NGTX	NC	FALSE	24hour_0_M_DMSO_2	200	uM	24	h	2	DMSO	study17_e_mexp_2539__080327KM12C_2.CEL	study15_gse72081__080327KM7C_2.CEL	study17_CHEMBL50_200uM_24h_2
48hour_125_M_2-AAF_2		2-acetamidofluorene	CHEMBL311469	GTX	C	FALSE	48hour_0_M_DMSO_2	125	uM	48	h	2	DMSO	study17_e_mexp_2539__080327KM20C.CEL	study15_gse72081__080327KM19C.CEL	study17_CHEMBL311469_125uM_48h_2
48hour_2000_M_ANAC_2		anthranilic acid	CHEMBL14173	NGTX	NC	FALSE	48hour_0_M_DMSO_2	2000	uM	48	h	2	DMSO	study17_e_mexp_2539__080327KM21C.CEL	study15_gse72081__080327KM19C.CEL	study17_CHEMBL14173_2000uM_48h_2
48hour_125_M_2-CP_2		2-(Chloromethyl)pyridine hydrochloride	CHEMBL1421966	NGTX	NC	FALSE	48hour_0_M_DMSO_2	125	uM	48	h	2	DMSO	study17_e_mexp_2539__080327KM22C.CEL	study15_gse72081__080327KM19C.CEL	study17_CHEMBL1421966_125uM_48h_2
48hour_2000_M_4-NP_2		4-nitro-1,2-phenylenediamine	CHEMBL433721	NGTX	NC	FALSE	48hour_0_M_DMSO_2	2000	uM	48	h	2	DMSO	study17_e_mexp_2539__080327KM23C.CEL	study15_gse72081__080327KM19C.CEL	study17_CHEMBL433721_2000uM_48h_2
48hour_200_M_Q_2		quercetin	CHEMBL50	NGTX	NC	FALSE	48hour_0_M_DMSO_2	200	uM	48	h	2	DMSO	study17_e_mexp_2539__080327KM24C.CEL	study15_gse72081__080327KM19C.CEL	study17_CHEMBL50_200uM_48h_2
24hour_125_M_2-AAF_3		2-acetamidofluorene	CHEMBL311469	GTX	C	FALSE	24hour_0_M_DMSO_3	125	uM	24	h	3	DMSO	study17_e_mexp_2539__080423KB8D.CEL	study15_gse72081__080423KB7D.CEL	study17_CHEMBL311469_125uM_24h_3
24hour_2000_M_ANAC_3		anthranilic acid	CHEMBL14173	NGTX	NC	FALSE	24hour_0_M_DMSO_3	2000	uM	24	h	3	DMSO	study17_e_mexp_2539__080423KB9D.CEL	study15_gse72081__080423KB7D.CEL	study17_CHEMBL14173_2000uM_24h_3
24hour_125_M_2-CP_3		2-(Chloromethyl)pyridine hydrochloride	CHEMBL1421966	NGTX	NC	FALSE	24hour_0_M_DMSO_3	125	uM	24	h	3	DMSO	study17_e_mexp_2539__080423KB10D.CEL	study15_gse72081__080423KB7D.CEL	study17_CHEMBL1421966_125uM_24h_3
24hour_2000_M_4-NP_3		4-nitro-1,2-phenylenediamine	CHEMBL433721	NGTX	NC	FALSE	24hour_0_M_DMSO_3	2000	uM	24	h	3	DMSO	study17_e_mexp_2539__080423KB11D.CEL	study15_gse72081__080423KB7D.CEL	study17_CHEMBL433721_2000uM_24h_3
24hour_200_M_Q_3		quercetin	CHEMBL50	NGTX	NC	FALSE	24hour_0_M_DMSO_3	200	uM	24	h	3	DMSO	study17_e_mexp_2539__080423KB12D.CEL	study15_gse72081__080423KB7D.CEL	study17_CHEMBL50_200uM_24h_3
48hour_125_M_2-AAF_3		2-acetamidofluorene	CHEMBL311469	GTX	C	FALSE		125	uM	48	h	3	DMSO	study17_e_mexp_2539__080423KB20D.CEL	study15_gse72081__080423KB19D.CEL	study17_CHEMBL311469_125uM_48h_3
48hour_2000_M_ANAC_3		anthranilic acid	CHEMBL14173	NGTX	NC	FALSE	48hour_0_M_DMSO_3	2000	uM	48	h	3	DMSO	study17_e_mexp_2539__080423KB21D.CEL	study15_gse72081__080423KB19D.CEL	study17_CHEMBL14173_2000uM_48h_3
48hour_125_M_2-CP_3		2-(Chloromethyl)pyridine hydrochloride	CHEMBL1421966	NGTX	NC	FALSE	48hour_0_M_DMSO_3	125	uM	48	h	3	DMSO	study17_e_mexp_2539__080423KB22D.CEL	study15_gse72081__080423KB19D.CEL	study17_CHEMBL1421966_125uM_48h_3
48hour_2000_M_4-NP_3		4-nitro-1,2-phenylenediamine	CHEMBL433721	NGTX	NC	FALSE	48hour_0_M_DMSO_3	2000	uM	48	h	3	DMSO	study17_e_mexp_2539__080423KB23D.CEL	study15_gse72081__080423KB19D.CEL	study17_CHEMBL433721_2000uM_48h_3
48hour_200_M_Q_3		quercetin	CHEMBL50	NGTX	NC	FALSE	48hour_0_M_DMSO_3	200	uM	48	h	3	DMSO	study17_e_mexp_2539__080423KB24D.CEL	study15_gse72081__080423KB19D.CEL	study17_CHEMBL50_200uM_48h_3
12hour_AFB1_1	C57BL/6	aflatoxin B1	CHEMBL1697694	GTX	C	FALSE	12hour_DMSO-1_1;12hour_DMSO-2_1		uM		h		DMSO	study16_km4_compounds__290307KM02.CEL	study16_km4_compounds__061117KM01.CEL;study16_km4_compounds__290307KM01.CEL	study16_CHEMBL1697694_15uM_12h_1
12hour_AFB1_2	C57BL/6	aflatoxin B1	CHEMBL1697694	GTX	C	FALSE	12hour_DMSO-1_2;12hour_DMSO-2_2		uM		h		DMSO	study16_km4_compounds__070322KM02.CEL	study16_km4_compounds__061124KM02.CEL;study16_km4_compounds__070322KM01.CEL	study16_CHEMBL1697694_15uM_12h_2
12hour_AFB1_3	C57BL/6	aflatoxin B1	CHEMBL1697694	GTX	C	FALSE	12hour_DMSO-1_3;12hour_DMSO-2_3		uM		h		DMSO	study16_km4_compounds__070330KM02.CEL	study16_km4_compounds__061201KM01.CEL;study16_km4_compounds__070330KM01.CEL	study16_CHEMBL1697694_15uM_12h_3
12hour_BaP_1	C57BL/6	benzo[a]pyrene	CHEMBL31184	GTX	C	FALSE	12hour_DMSO-1_1;12hour_DMSO-2_1		uM		h		DMSO	study16_km4_compounds__061117KM02.CEL	study16_km4_compounds__061117KM01.CEL;study16_km4_compounds__290307KM01.CEL	study16_CHEMBL31184_30uM_12h_1
12hour_BaP_2	C57BL/6	benzo[a]pyrene	CHEMBL31184	GTX	C	FALSE	12hour_DMSO-1_2;12hour_DMSO-2_2		uM		h		DMSO	study16_km4_compounds__061124KM02B.CEL	study16_km4_compounds__061124KM02.CEL;study16_km4_compounds__070322KM01.CEL	study16_CHEMBL31184_30uM_12h_2
12hour_BaP_3	C57BL/6	benzo[a]pyrene	CHEMBL31184	GTX	C	FALSE	12hour_DMSO-1_3;12hour_DMSO-2_3		uM		h		DMSO	study16_km4_compounds__061201KM02.CEL	study16_km4_compounds__061201KM01.CEL;study16_km4_compounds__070330KM01.CEL	study16_CHEMBL31184_30uM_12h_3
12hour_CsA_1	C57BL/6	cyclosporin A	CHEMBL160	NGTX	C	FALSE	12hour_DMSO-1_1;12hour_DMSO-2_1		uM		h		DMSO	study16_km4_compounds__290307KM03.CEL	study16_km4_compounds__061117KM01.CEL;study16_km4_compounds__290307KM01.CEL	study16_CHEMBL160_1uM_12h_1
12hour_CsA_2	C57BL/6	cyclosporin A	CHEMBL160	NGTX	C	FALSE	12hour_DMSO-1_2;12hour_DMSO-2_2		uM		h		DMSO	study16_km4_compounds__070322KM03.CEL	study16_km4_compounds__061124KM02.CEL;study16_km4_compounds__070322KM01.CEL	study16_CHEMBL160_1uM_12h_2
12hour_CsA_3	C57BL/6	cyclosporin A	CHEMBL160	NGTX	C	FALSE	12hour_DMSO-1_3;12hour_DMSO-2_3		uM		h		DMSO	study16_km4_compounds__070330KM03.CEL	study16_km4_compounds__061201KM01.CEL;study16_km4_compounds__070330KM01.CEL	study16_CHEMBL160_1uM_12h_3
12hour_DMSO-1_1	C57BL/6	dimethyl sulfoxide				TRUE			perc		h		DMSO	study16_km4_compounds__061117KM01.CEL		study16__0.5perc_12h_1
12hour_DMSO-1_2	C57BL/6	dimethyl sulfoxide				TRUE			perc		h		DMSO	study16_km4_compounds__061124KM02.CEL		study16__0.5perc_12h_2
12hour_DMSO-1_3	C57BL/6	dimethyl sulfoxide				TRUE			perc		h		DMSO	study16_km4_compounds__061201KM01.CEL		study16__0.5perc_12h_3
12hour_DMSO-2_1	C57BL/6	dimethyl sulfoxide				TRUE			perc		h		DMSO	study16_km4_compounds__290307KM01.CEL		study16__0.5perc_12h_1
12hour_DMSO-2_2	C57BL/6	dimethyl sulfoxide				TRUE			perc		h		DMSO	study16_km4_compounds__070322KM01.CEL		study16__0.5perc_12h_2
12hour_DMSO-2_3	C57BL/6	dimethyl sulfoxide				TRUE			perc		h		DMSO	study16_km4_compounds__070330KM01.CEL		study16__0.5perc_12h_3
12hour_TCDD_1	C57BL/6	2,3,7,8-tetrachlorodibenzodioxine	CHEMBL30327	NGTX	C	FALSE	12hour_DMSO-1_1;12hour_DMSO-2_1		nM		h		DMSO	study16_km4_compounds__290307KM04.CEL	study16_km4_compounds__061117KM01.CEL;study16_km4_compounds__290307KM01.CEL	study16_CHEMBL30327_1nM_12h_1
12hour_TCDD_2	C57BL/6	2,3,7,8-tetrachlorodibenzodioxine	CHEMBL30327	NGTX	C	FALSE	12hour_DMSO-1_2;12hour_DMSO-2_2		nM		h		DMSO	study16_km4_compounds__070322KM04.CEL	study16_km4_compounds__061124KM02.CEL;study16_km4_compounds__070322KM01.CEL	study16_CHEMBL30327_1nM_12h_2
12hour_TCDD_3	C57BL/6	2,3,7,8-tetrachlorodibenzodioxine	CHEMBL30327	NGTX	C	FALSE	12hour_DMSO-1_3;12hour_DMSO-2_3		nM		h		DMSO	study16_km4_compounds__070330KM04.CEL	study16_km4_compounds__061201KM01.CEL;study16_km4_compounds__070330KM01.CEL	study16_CHEMBL30327_1nM_12h_3
24hour_AFB1_1	C57BL/6	aflatoxin B1	CHEMBL1697694	GTX	C	FALSE	24hour_DMSO-1_1;24hour_DMSO-2_1		uM		h		DMSO	study16_km4_compounds__290307KM06.CEL	study15_gse72081__061117KM03.CEL;study15_gse72081__290307KM05.CEL	study16_CHEMBL1697694_15uM_24h_1
24hour_AFB1_2	C57BL/6	aflatoxin B1	CHEMBL1697694	GTX	C	FALSE	24hour_DMSO-1_2;24hour_DMSO-2_2		uM		h		DMSO	study16_km4_compounds__070322KM06.CEL	study16_km4_compounds__061124KM03.CEL;study16_km4_compounds__070322KM05.CEL	study16_CHEMBL1697694_15uM_24h_2
24hour_AFB1_3	C57BL/6	aflatoxin B1	CHEMBL1697694	GTX	C	FALSE	24hour_DMSO-1_3;24hour_DMSO-2_3		uM		h		DMSO	study16_km4_compounds__070330KM06.CEL	study16_km4_compounds__061201KM03.CEL;study16_km4_compounds__070330KM05.CEL	study16_CHEMBL1697694_15uM_24h_3
24hour_BaP_1	C57BL/6	benzo[a]pyrene	CHEMBL31184	GTX	C	FALSE	24hour_DMSO-1_1;24hour_DMSO-2_1		uM		h		DMSO	study16_km4_compounds__061117KM04.CEL	study15_gse72081__061117KM03.CEL;study15_gse72081__290307KM05.CEL	study16_CHEMBL31184_30uM_24h_1
24hour_BaP_2	C57BL/6	benzo[a]pyrene	CHEMBL31184	GTX	C	FALSE	24hour_DMSO-1_2;24hour_DMSO-2_2		uM		h		DMSO	study16_km4_compounds__061124KM04.CEL	study16_km4_compounds__061124KM03.CEL;study16_km4_compounds__070322KM05.CEL	study16_CHEMBL31184_30uM_24h_2
24hour_BaP_3	C57BL/6	benzo[a]pyrene	CHEMBL31184	GTX	C	FALSE	24hour_DMSO-1_3;24hour_DMSO-2_3		uM		h		DMSO	study16_km4_compounds__061201KM04.CEL	study16_km4_compounds__061201KM03.CEL;study16_km4_compounds__070330KM05.CEL	study16_CHEMBL31184_30uM_24h_3
24hour_CsA_1	C57BL/6	cyclosporin A	CHEMBL160	NGTX	C	FALSE	24hour_DMSO-1_1;24hour_DMSO-2_1		uM		h		DMSO	study16_km4_compounds__290307KM07.CEL	study15_gse72081__061117KM03.CEL;study15_gse72081__290307KM05.CEL	study16_CHEMBL160_1uM_24h_1
24hour_CsA_2	C57BL/6	cyclosporin A	CHEMBL160	NGTX	C	FALSE	24hour_DMSO-1_2;24hour_DMSO-2_2		uM		h		DMSO	study16_km4_compounds__070322KM07.CEL	study16_km4_compounds__061124KM03.CEL;study16_km4_compounds__070322KM05.CEL	study16_CHEMBL160_1uM_24h_2
24hour_CsA_3	C57BL/6	cyclosporin A	CHEMBL160	NGTX	C	FALSE	24hour_DMSO-1_3;24hour_DMSO-2_3		uM		h		DMSO	study16_km4_compounds__070330KM07.CEL	study16_km4_compounds__061201KM03.CEL;study16_km4_compounds__070330KM05.CEL	study16_CHEMBL160_1uM_24h_3
24hour_DMN_1	C57BL/6	N-nitrosodimethylamine	CHEMBL117311	GTX	C	FALSE	24hour_medium_1		mM		h		Medium	study16_km4_compounds__080612KB8H.CEL	study16_km4_compounds__080612KB6H.CEL	study16_CHEMBL117311_2mM_24h_1
24hour_DMN_2	C57BL/6	N-nitrosodimethylamine	CHEMBL117311	GTX	C	FALSE	24hour_medium_2		mM		h		Medium	study16_km4_compounds__080612KB8I.CEL	study16_km4_compounds__080612KB6I.CEL	study16_CHEMBL117311_2mM_24h_2
24hour_DMN_3	C57BL/6	N-nitrosodimethylamine	CHEMBL117311	GTX	C	FALSE	24hour_medium_3		mM		h		Medium	study16_km4_compounds__080618KB8F.CEL	study16_km4_compounds__080618KB6F.CEL	study16_CHEMBL117311_2mM_24h_3
24hour_DMSO-1_2	C57BL/6	dimethyl sulfoxide				TRUE			perc		h		DMSO	study16_km4_compounds__061124KM03.CEL		study16__0.5perc_24h_2
24hour_DMSO-1_3	C57BL/6	dimethyl sulfoxide				TRUE			perc		h		DMSO	study16_km4_compounds__061201KM03.CEL		study16__0.5perc_24h_3
24hour_DMSO-2_2	C57BL/6	dimethyl sulfoxide				TRUE			perc		h		DMSO	study16_km4_compounds__070322KM05.CEL		study16__0.5perc_24h_2
24hour_DMSO-2_3	C57BL/6	dimethyl sulfoxide				TRUE			perc		h		DMSO	study16_km4_compounds__070330KM05.CEL		study16__0.5perc_24h_3
24hour_ETOH_3	C57BL/6	ethanol	CHEMBL545	NGTX	C	TRUE			perc		h		ETOH	study15_gse72081__080618KB7J.CEL		study16__0.5perc_24h_3
24hour_medium_1	C57BL/6	medium				TRUE					h		Medium	study16_km4_compounds__080612KB6H.CEL		study16___24h_1
24hour_medium_2	C57BL/6	medium				TRUE					h		Medium	study16_km4_compounds__080612KB6I.CEL		study16___24h_2
24hour_medium_3	C57BL/6	medium				TRUE					h		Medium	study16_km4_compounds__080618KB6F.CEL		study16___24h_3
24hour_MitC_1	C57BL/6	mitomycin C	CHEMBL105	GTX	C	FALSE	24hour_ETOH_1		uM		h		ETOH	study16_km4_compounds__080612KB9H.CEL	study15_gse72081__080612KB7H.CEL	study16_CHEMBL105_5uM_24h_1
24hour_MitC_2	C57BL/6	mitomycin C	CHEMBL105	GTX	C	FALSE	24hour_ETOH_2		uM		h		ETOH	study16_km4_compounds__080612KB9I.CEL	study15_gse72081__080612KB7I.CEL	study16_CHEMBL105_5uM_24h_2
24hour_MitC_3	C57BL/6	mitomycin C	CHEMBL105	GTX	C	FALSE	24hour_ETOH_3		uM		h		ETOH	study16_km4_compounds__080618KB9J.CEL	study15_gse72081__080618KB7J.CEL	study16_CHEMBL105_5uM_24h_3
24hour_TCDD_1	C57BL/6	2,3,7,8-tetrachlorodibenzodioxine	CHEMBL30327	NGTX	C	FALSE	24hour_DMSO-1_1;24hour_DMSO-2_1		nM		h		DMSO	study16_km4_compounds__290307KM08.CEL	study15_gse72081__061117KM03.CEL;study15_gse72081__290307KM05.CEL	study16_CHEMBL30327_1nM_24h_1
24hour_TCDD_2	C57BL/6	2,3,7,8-tetrachlorodibenzodioxine	CHEMBL30327	NGTX	C	FALSE	24hour_DMSO-1_2;24hour_DMSO-2_2		nM		h		DMSO	study16_km4_compounds__070322KM8.CEL	study16_km4_compounds__061124KM03.CEL;study16_km4_compounds__070322KM05.CEL	study16_CHEMBL30327_1nM_24h_2
24hour_TCDD_3	C57BL/6	2,3,7,8-tetrachlorodibenzodioxine	CHEMBL30327	NGTX	C	FALSE	24hour_DMSO-1_3;24hour_DMSO-2_3		nM		h		DMSO	study16_km4_compounds__070330KM08.CEL	study16_km4_compounds__061201KM03.CEL;study16_km4_compounds__070330KM05.CEL	study16_CHEMBL30327_1nM_24h_3
36hour_AFB1_1	C57BL/6	aflatoxin B1	CHEMBL1697694	GTX	C	FALSE	36hour_DMSO-1_1;36hour_DMSO-2_1		uM		h		DMSO	study16_km4_compounds__290307KM10.CEL	study16_km4_compounds__061117KM06.CEL;study16_km4_compounds__290307KM09.CEL	study16_CHEMBL1697694_15uM_36h_1
36hour_AFB1_2	C57BL/6	aflatoxin B1	CHEMBL1697694	GTX	C	FALSE	36hour_DMSO-1_2;36hour_DMSO-2_2		uM		h		DMSO	study16_km4_compounds__070322KM10.CEL	study16_km4_compounds__061124KM06.CEL;study16_km4_compounds__070322KM9.CEL	study16_CHEMBL1697694_15uM_24h_2
36hour_AFB1_3	C57BL/6	aflatoxin B1	CHEMBL1697694	GTX	C	FALSE	36hour_DMSO-1_3;36hour_DMSO-2_3		uM		h		DMSO	study16_km4_compounds__070330KM10.CEL	study16_km4_compounds__061201KM06.CEL;study16_km4_compounds__070330KM09.CEL	study16_CHEMBL1697694_15uM_36h_3
36hour_BaP_1	C57BL/6	benzo[a]pyrene	CHEMBL31184	GTX	C	FALSE	36hour_DMSO-1_1;36hour_DMSO-2_1		uM		h		DMSO	study16_km4_compounds__061117KM07.CEL	study16_km4_compounds__061117KM06.CEL;study16_km4_compounds__290307KM09.CEL	study16_CHEMBL31184_30uM_36h_1
36hour_BaP_2	C57BL/6	benzo[a]pyrene	CHEMBL31184	GTX	C	FALSE	36hour_DMSO-1_2;36hour_DMSO-2_2		uM		h		DMSO	study16_km4_compounds__061124KM07.CEL	study16_km4_compounds__061124KM06.CEL;study16_km4_compounds__070322KM9.CEL	study16_CHEMBL31184_30uM_36h_2
36hour_BaP_3	C57BL/6	benzo[a]pyrene	CHEMBL31184	GTX	C	FALSE	36hour_DMSO-1_3;36hour_DMSO-2_3		uM		h		DMSO	study16_km4_compounds__061201KM07.CEL	study16_km4_compounds__061201KM06.CEL;study16_km4_compounds__070330KM09.CEL	study16_CHEMBL31184_30uM_36h_3
36hour_CsA_1	C57BL/6	cyclosporin A	CHEMBL160	NGTX	C	FALSE	36hour_DMSO-1_1;36hour_DMSO-2_1		uM		h		DMSO	study16_km4_compounds__290307KM11.CEL	study16_km4_compounds__061117KM06.CEL;study16_km4_compounds__290307KM09.CEL	study16_CHEMBL160_1uM_36h_1
36hour_CsA_2	C57BL/6	cyclosporin A	CHEMBL160	NGTX	C	FALSE	36hour_DMSO-1_2;36hour_DMSO-2_2		uM		h		DMSO	study16_km4_compounds__070322KM11.CEL	study16_km4_compounds__061124KM06.CEL;study16_km4_compounds__070322KM9.CEL	study16_CHEMBL160_1uM_36h_2
36hour_CsA_3	C57BL/6	cyclosporin A	CHEMBL160	NGTX	C	FALSE	36hour_DMSO-1_3;36hour_DMSO-2_3		uM		h		DMSO	study16_km4_compounds__070330KM11.CEL	study16_km4_compounds__061201KM06.CEL;study16_km4_compounds__070330KM09.CEL	study16_CHEMBL160_1uM_36h_3
36hour_DMSO-1_1	C57BL/6	dimethyl sulfoxide				TRUE			perc		h		DMSO	study16_km4_compounds__061117KM06.CEL		study16__0.5perc_36h_1
36hour_DMSO-1_2	C57BL/6	dimethyl sulfoxide				TRUE			perc		h		DMSO	study16_km4_compounds__061124KM06.CEL		study16__0.5perc_36h_2
36hour_DMSO-1_3	C57BL/6	dimethyl sulfoxide				TRUE			perc		h		DMSO	study16_km4_compounds__061201KM06.CEL		study16__0.5perc_36h_3
36hour_DMSO-2_1	C57BL/6	dimethyl sulfoxide				TRUE			perc		h		DMSO	study16_km4_compounds__290307KM09.CEL		study16__0.5perc_36h_1
36hour_DMSO-2_2	C57BL/6	dimethyl sulfoxide				TRUE			perc		h		DMSO	study16_km4_compounds__070322KM9.CEL		study16__0.5perc_36h_2
36hour_DMSO-2_3	C57BL/6	dimethyl sulfoxide				TRUE			perc		h		DMSO	study16_km4_compounds__070330KM09.CEL		study16__0.5perc_36h_3
36hour_TCDD_1	C57BL/6	2,3,7,8-tetrachlorodibenzodioxine	CHEMBL30327	NGTX	C	FALSE	36hour_DMSO-1_1;36hour_DMSO-2_1		nM		h		DMSO	study16_km4_compounds__290307KM12.CEL	study16_km4_compounds__061117KM06.CEL;study16_km4_compounds__290307KM09.CEL	study16_CHEMBL30327_1nM_24h_1
36hour_TCDD_2	C57BL/6	2,3,7,8-tetrachlorodibenzodioxine	CHEMBL30327	NGTX	C	FALSE	36hour_DMSO-1_2;36hour_DMSO-2_2		nM		h		DMSO	study16_km4_compounds__070322KM12.CEL	study16_km4_compounds__061124KM06.CEL;study16_km4_compounds__070322KM9.CEL	study16_CHEMBL30327_1nM_36h_2
36hour_TCDD_3	C57BL/6	2,3,7,8-tetrachlorodibenzodioxine	CHEMBL30327	NGTX	C	FALSE	36hour_DMSO-1_3;36hour_DMSO-2_3		nM		h		DMSO	study16_km4_compounds__070330KM12.CEL	study16_km4_compounds__061201KM06.CEL;study16_km4_compounds__070330KM09.CEL	study16_CHEMBL30327_1nM_36h_3
48hour_AFB1_1	C57BL/6	aflatoxin B1	CHEMBL1697694	GTX	C	FALSE	48hour_DMSO-1_1;48hour_DMSO-2_1		uM		h		DMSO	study16_km4_compounds__290307KM14.CEL	study16_km4_compounds__061117KM08.CEL;study16_km4_compounds__290307KM13.CEL	study16_CHEMBL1697694_15uM_48h_1
48hour_AFB1_2	C57BL/6	aflatoxin B1	CHEMBL1697694	GTX	C	FALSE	48hour_DMSO-1_2;48hour_DMSO-2_2		uM		h		DMSO	study16_km4_compounds__070322KM14.CEL	study16_km4_compounds__061124KM08.CEL;study16_km4_compounds__070322KM13.CEL	study16_CHEMBL1697694_15uM_48h_2
48hour_AFB1_3	C57BL/6	aflatoxin B1	CHEMBL1697694	GTX	C	FALSE	48hour_DMSO-1_3;48hour_DMSO-2_3		uM		h		DMSO	study16_km4_compounds__070330KM14.CEL	study16_km4_compounds__061201KM08.CEL;study16_km4_compounds__070330KM13.CEL	study16_CHEMBL1697694_15uM_48h_3
48hour_BaP_1	C57BL/6	benzo[a]pyrene	CHEMBL31184	GTX	C	FALSE	48hour_DMSO-1_1;48hour_DMSO-2_1		uM		h		DMSO	study16_km4_compounds__061117KM09.CEL	study16_km4_compounds__061117KM08.CEL;study16_km4_compounds__290307KM13.CEL	study16_CHEMBL31184_30uM_48h_1
48hour_BaP_2	C57BL/6	benzo[a]pyrene	CHEMBL31184	GTX	C	FALSE	48hour_DMSO-1_2;48hour_DMSO-2_2		uM		h		DMSO	study16_km4_compounds__061124KM09.CEL	study16_km4_compounds__061124KM08.CEL;study16_km4_compounds__070322KM13.CEL	study16_CHEMBL31184_30uM_48h_2
48hour_BaP_3	C57BL/6	benzo[a]pyrene	CHEMBL31184	GTX	C	FALSE	48hour_DMSO-1_3;48hour_DMSO-2_3		uM		h		DMSO	study16_km4_compounds__061201KM09.CEL	study16_km4_compounds__061201KM08.CEL;study16_km4_compounds__070330KM13.CEL	study16_CHEMBL31184_30uM_48h_3
48hour_CsA_1	C57BL/6	cyclosporin A	CHEMBL160	NGTX	C	FALSE	48hour_DMSO-1_1;48hour_DMSO-2_1		uM		h		DMSO	study16_km4_compounds__290307KM15.CEL	study16_km4_compounds__061117KM08.CEL;study16_km4_compounds__290307KM13.CEL	study16_CHEMBL160_1uM_48h_1
48hour_CsA_2	C57BL/6	cyclosporin A	CHEMBL160	NGTX	C	FALSE	48hour_DMSO-1_2;48hour_DMSO-2_2		uM		h		DMSO	study16_km4_compounds__070322KM15.CEL	study16_km4_compounds__061124KM08.CEL;study16_km4_compounds__070322KM13.CEL	study16_CHEMBL160_1uM_48h_2
48hour_CsA_3	C57BL/6	cyclosporin A	CHEMBL160	NGTX	C	FALSE	48hour_DMSO-1_3;48hour_DMSO-2_3		uM		h		DMSO	study16_km4_compounds__070330KM15.CEL	study16_km4_compounds__061201KM08.CEL;study16_km4_compounds__070330KM13.CEL	study16_CHEMBL160_1uM_48h_3
48hour_DMN_1	C57BL/6	N-nitrosodimethylamine	CHEMBL117311	GTX	C	FALSE	48hour_medium_1		mM		h		Medium	study16_km4_compounds__080612KB18H.CEL	study16_km4_compounds__080612KB16H.CEL	study16_CHEMBL117311_2mM_48h_1
48hour_DMN_2	C57BL/6	N-nitrosodimethylamine	CHEMBL117311	GTX	C	FALSE	48hour_medium_2		mM		h		Medium	study16_km4_compounds__080612KB18I.CEL	study16_km4_compounds__080612KB16I.CEL	study16_CHEMBL117311_2mM_48h_2
48hour_DMN_3	C57BL/6	N-nitrosodimethylamine	CHEMBL117311	GTX	C	FALSE	48hour_medium_3		mM		h		Medium	study16_km4_compounds__080618KB18F.CEL	study16_km4_compounds__080618KB16F.CEL	study16_CHEMBL117311_2mM_48h_3
48hour_DMSO-1_1	C57BL/6	dimethyl sulfoxide				TRUE			perc		h		DMSO	study16_km4_compounds__061117KM08.CEL		study16__0.5perc_48h_1
48hour_DMSO-1_2	C57BL/6	dimethyl sulfoxide				TRUE			perc		h		DMSO	study16_km4_compounds__061124KM08.CEL		study16__0.5perc_48h_2
48hour_DMSO-1_3	C57BL/6	dimethyl sulfoxide				TRUE			perc		h		DMSO	study16_km4_compounds__061201KM08.CEL		study16__0.5perc_48h_3
48hour_DMSO-2_1	C57BL/6	dimethyl sulfoxide				TRUE			perc		h		DMSO	study16_km4_compounds__290307KM13.CEL		study16__0.5perc_48h_1
48hour_DMSO-2_2	C57BL/6	dimethyl sulfoxide				TRUE			perc		h		DMSO	study16_km4_compounds__070322KM13.CEL		study16__0.5perc_48h_2
48hour_DMSO-2_3	C57BL/6	dimethyl sulfoxide				TRUE			perc		h		DMSO	study16_km4_compounds__070330KM13.CEL		study16__0.5perc_48h_3
48hour_medium_1	C57BL/6	medium				TRUE					h		Medium	study16_km4_compounds__080612KB16H.CEL		study16___48h_1
48hour_medium_2	C57BL/6	medium				TRUE					h		Medium	study16_km4_compounds__080612KB16I.CEL		study16___48h_2
48hour_medium_3	C57BL/6	medium				TRUE					h		Medium	study16_km4_compounds__080618KB16F.CEL		study16___48h_3
48hour_MitC_1	C57BL/6	mitomycin C	CHEMBL105	GTX	C	FALSE	48hour_ETOH_1		uM		h		ETOH	study16_km4_compounds__080612KB19H.CEL	study15_gse72081__080612KB17H.CEL	study16_CHEMBL105_5uM_48h_1
48hour_MitC_2	C57BL/6	mitomycin C	CHEMBL105	GTX	C	FALSE	48hour_ETOH_2		uM		h		ETOH	study16_km4_compounds__080612KB19I.CEL	study15_gse72081__080612KB17I.CEL	study16_CHEMBL105_5uM_48h_2
48hour_TCDD_1	C57BL/6	2,3,7,8-tetrachlorodibenzodioxine	CHEMBL30327	NGTX	C	FALSE	48hour_DMSO-1_1;48hour_DMSO-2_1		nM		h		DMSO	study16_km4_compounds__290307KM16.CEL	study16_km4_compounds__061117KM08.CEL;study16_km4_compounds__290307KM13.CEL	study16_CHEMBL30327_1nM_48h_1
48hour_TCDD_2	C57BL/6	2,3,7,8-tetrachlorodibenzodioxine	CHEMBL30327	NGTX	C	FALSE	48hour_DMSO-1_2;48hour_DMSO-2_2		nM		h		DMSO	study16_km4_compounds__070322KM16.CEL	study16_km4_compounds__061124KM08.CEL;study16_km4_compounds__070322KM13.CEL	study16_CHEMBL30327_1nM_48h_2
48hour_TCDD_3	C57BL/6	2,3,7,8-tetrachlorodibenzodioxine	CHEMBL30327	NGTX	C	FALSE	48hour_DMSO-1_3;48hour_DMSO-2_3		nM		h		DMSO	study16_km4_compounds__070330KM16.CEL	study16_km4_compounds__061201KM08.CEL;study16_km4_compounds__070330KM13.CEL	study16_CHEMBL30327_1nM_48h_3
NTC_WP4.1.1_E01_S001_T	C57Bl6	Dimethyl Sulfide				TRUE		0.5	perc	24	h	1	DMSO	study15_gse72081__AK1.CEL		study14__0.5perc_24h_1
NTC_WP4.1.1_E01_S002_T	C57Bl6	Acetaminophen	CHEMBL112	GTX	C	FALSE	NTC_WP4.1.1_E01_S001_T	1000	uM	24	h	2	DMSO	study14_ntc_wp_4.1.1_e01__AK2.CEL	study15_gse72081__AK1.CEL	study14_CHEMBL112_1000uM_24h_2
NTC_WP4.1.1_E01_S003_T	C57Bl6	Amiodarone	CHEMBL633	NA	NA	FALSE	NTC_WP4.1.1_E01_S001_T	1	uM	24	h	3	DMSO	study14_ntc_wp_4.1.1_e01__AK3.CEL	study15_gse72081__AK1.CEL	study14_CHEMBL633_1uM_24h_3
NTC_WP4.1.1_E01_S004_T	C57Bl6	Cyclosporin A	CHEMBL160	NGTX	C	FALSE	NTC_WP4.1.1_E01_S001_T	10	uM	24	h	4	DMSO	study14_ntc_wp_4.1.1_e01__AK4.CEL	study15_gse72081__AK1.CEL	study14_CHEMBL160_10uM_24h_4
NTC_WP4.1.1_E01_S005_T	C57Bl6	Dimethyl Sulfide				TRUE		0.5	perc	24	h	1	DMSO	study15_gse72081__AK5.CEL		study14__0.5perc_24h_1
NTC_WP4.1.1_E01_S006_T	C57Bl6	Acetaminophen	CHEMBL112	GTX	C	FALSE	NTC_WP4.1.1_E01_S005_T	10000	uM	24	h	2	DMSO	study14_ntc_wp_4.1.1_e01__AK6.CEL	study15_gse72081__AK5.CEL	study14_CHEMBL112_10000uM_24h_2
NTC_WP4.1.1_E01_S007_T	C57Bl6	Amiodarone	CHEMBL633	NA	NA	FALSE	NTC_WP4.1.1_E01_S005_T	25	uM	24	h	3	DMSO	study14_ntc_wp_4.1.1_e01__AK7.CEL	study15_gse72081__AK5.CEL	study14_CHEMBL633_25uM_24h_3
NTC_WP4.1.1_E01_S008_T	C57Bl6	Cyclosporin A	CHEMBL160	NGTX	C	FALSE	NTC_WP4.1.1_E01_S005_T	50	uM	24	h	4	DMSO	study14_ntc_wp_4.1.1_e01__AK8.CEL	study15_gse72081__AK5.CEL	study14_CHEMBL160_50uM_24h_4
NTC_WP4.1.1_E01_S009_T	C57Bl6	Dimethyl Sulfide				TRUE		0.5	perc	48	h	5	DMSO	study15_gse72081__AK9.CEL		study14__0.5perc_48h_5
NTC_WP4.1.1_E01_S010_T	C57Bl6	Acetaminophen	CHEMBL112	GTX	C	FALSE	NTC_WP4.1.1_E01_S009_T	1000	uM	48	h	6	DMSO	study14_ntc_wp_4.1.1_e01__AK10.CEL	study15_gse72081__AK9.CEL	study14_CHEMBL112_1000uM_48h_6
NTC_WP4.1.1_E01_S011_T	C57Bl6	Amiodarone	CHEMBL633	NA	NA	FALSE	NTC_WP4.1.1_E01_S009_T	1	uM	48	h	7	DMSO	study14_ntc_wp_4.1.1_e01__AK11.CEL	study15_gse72081__AK9.CEL	study14_CHEMBL633_1uM_48h_7
NTC_WP4.1.1_E01_S012_T	C57Bl6	Cyclosporin A	CHEMBL160	NGTX	C	FALSE	NTC_WP4.1.1_E01_S009_T	10	uM	48	h	8	DMSO	study14_ntc_wp_4.1.1_e01__AK12.CEL	study15_gse72081__AK9.CEL	study14_CHEMBL160_10uM_48h_8
NTC_WP4.1.1_E01_S013_T	C57Bl6	Dimethyl Sulfide				TRUE		0.5	perc	48	h	5	DMSO	study15_gse72081__AK13.CEL		study14__0.5perc_48h_5
NTC_WP4.1.1_E01_S014_T	C57Bl6	Acetaminophen	CHEMBL112	GTX	C	FALSE	NTC_WP4.1.1_E01_S013_T	10000	uM	48	h	6	DMSO	study14_ntc_wp_4.1.1_e01__AK14.CEL	study15_gse72081__AK13.CEL	study14_CHEMBL112_10000uM_48h_6
NTC_WP4.1.1_E01_S015_T	C57Bl6	Amiodarone	CHEMBL633	NA	NA	FALSE	NTC_WP4.1.1_E01_S013_T	25	uM	48	h	7	DMSO	study14_ntc_wp_4.1.1_e01__AK15.CEL	study15_gse72081__AK13.CEL	study14_CHEMBL633_25uM_48h_7
NTC_WP4.1.1_E01_S016_T	C57Bl6	Cyclosporin A	CHEMBL160	NGTX	C	FALSE	NTC_WP4.1.1_E01_S013_T	50	uM	48	h	8	DMSO	study14_ntc_wp_4.1.1_e01__AK16.CEL	study15_gse72081__AK13.CEL	study14_CHEMBL160_50uM_48h_8
NTC_WP4.1.1_E01_S017_T	C57Bl6	Dimethyl Sulfide				TRUE		0.5	perc	24	h	9	DMSO	study15_gse72081__AK17.CEL		study14__0.5perc_24h_9
NTC_WP4.1.1_E01_S018_T	C57Bl6	Acetaminophen	CHEMBL112	GTX	C	FALSE	NTC_WP4.1.1_E01_S017_T	1000	uM	24	h	10	DMSO	study14_ntc_wp_4.1.1_e01__AK18.CEL	study15_gse72081__AK17.CEL	study14_CHEMBL112_1000uM_24h_10
NTC_WP4.1.1_E01_S019_T	C57Bl6	Amiodarone	CHEMBL633	NA	NA	FALSE	NTC_WP4.1.1_E01_S017_T	1	uM	24	h	11	DMSO	study14_ntc_wp_4.1.1_e01__AK19.CEL	study15_gse72081__AK17.CEL	study14_CHEMBL633_1uM_24h_11
NTC_WP4.1.1_E01_S020_T	C57Bl6	Cyclosporin A	CHEMBL160	NGTX	C	FALSE	NTC_WP4.1.1_E01_S017_T	10	uM	24	h	12	DMSO	study14_ntc_wp_4.1.1_e01__AK20.CEL	study15_gse72081__AK17.CEL	study14_CHEMBL160_10uM_24h_12
NTC_WP4.1.1_E01_S021_T	C57Bl6	Dimethyl Sulfide				TRUE		0.5	perc	24	h	9	DMSO	study15_gse72081__AK21.CEL		study14__0.5perc_24h_9
NTC_WP4.1.1_E01_S022_T	C57Bl6	Acetaminophen	CHEMBL112	GTX	C	FALSE	NTC_WP4.1.1_E01_S021_T	10000	uM	24	h	10	DMSO	study14_ntc_wp_4.1.1_e01__AK22.CEL	study15_gse72081__AK21.CEL	study14_CHEMBL112_10000uM_24h_10
NTC_WP4.1.1_E01_S023_T	C57Bl6	Amiodarone	CHEMBL633	NA	NA	FALSE	NTC_WP4.1.1_E01_S021_T	25	uM	24	h	11	DMSO	study14_ntc_wp_4.1.1_e01__AK23.CEL	study15_gse72081__AK21.CEL	study14_CHEMBL633_25uM_24h_11
NTC_WP4.1.1_E01_S024_T	C57Bl6	Cyclosporin A	CHEMBL160	NGTX	C	FALSE	NTC_WP4.1.1_E01_S021_T	50	uM	24	h	12	DMSO	study14_ntc_wp_4.1.1_e01__AK24.CEL	study15_gse72081__AK21.CEL	study14_CHEMBL160_50uM_24h_12
NTC_WP4.1.1_E01_S025_T	C57Bl6	Dimethyl Sulfide				TRUE		0.5	perc	48	h	13	DMSO	study15_gse72081__AK25.CEL		study14__0.5perc_48h_13
NTC_WP4.1.1_E01_S026_T	C57Bl6	Acetaminophen	CHEMBL112	GTX	C	FALSE	NTC_WP4.1.1_E01_S026_T	1000	uM	48	h	14	DMSO	study14_ntc_wp_4.1.1_e01__AK26.CEL	study14_ntc_wp_4.1.1_e01__AK26.CEL	study14_CHEMBL112_1000uM_48h_14
NTC_WP4.1.1_E01_S027_T	C57Bl6	Amiodarone	CHEMBL633	NA	NA	FALSE	NTC_WP4.1.1_E01_S026_T	1	uM	48	h	15	DMSO	study14_ntc_wp_4.1.1_e01__AK27.CEL	study14_ntc_wp_4.1.1_e01__AK26.CEL	study14_CHEMBL633_1uM_48h_15
NTC_WP4.1.1_E01_S028_T	C57Bl6	Cyclosporin A	CHEMBL160	NGTX	C	FALSE	NTC_WP4.1.1_E01_S026_T	10	uM	48	h	16	DMSO	study14_ntc_wp_4.1.1_e01__AK28.CEL	study14_ntc_wp_4.1.1_e01__AK26.CEL	study14_CHEMBL160_10uM_48h_16
NTC_WP4.1.1_E01_S029_T	C57Bl6	Dimethyl Sulfide				TRUE		0.5	perc	48	h	13	DMSO	study15_gse72081__AK29.CEL		study14__0.5perc_48h_13
NTC_WP4.1.1_E01_S030_T	C57Bl6	Acetaminophen	CHEMBL112	GTX	C	FALSE	NTC_WP4.1.1_E01_S029_T	10000	uM	48	h	14	DMSO	study14_ntc_wp_4.1.1_e01__AK30.CEL	study15_gse72081__AK29.CEL	study14_CHEMBL112_10000uM_48h_14
NTC_WP4.1.1_E01_S031_T	C57Bl6	Amiodarone	CHEMBL633	NA	NA	FALSE	NTC_WP4.1.1_E01_S029_T	25	uM	48	h	15	DMSO	study14_ntc_wp_4.1.1_e01__AK31.CEL	study15_gse72081__AK29.CEL	study14_CHEMBL633_25uM_48h_15
NTC_WP4.1.1_E01_S032_T	C57Bl6	Cyclosporin A	CHEMBL160	NGTX	C	FALSE	NTC_WP4.1.1_E01_S029_T	50	uM	48	h	16	DMSO	study14_ntc_wp_4.1.1_e01__AK32.CEL	study15_gse72081__AK29.CEL	study14_CHEMBL160_50uM_48h_16
NTC_WP4.1.1_E01_S033_T	C57Bl6	Dimethyl Sulfide				TRUE		0.5	perc	24	h	17	DMSO	study15_gse72081__AK33.CEL		study14__0.5perc_24h_17
NTC_WP4.1.1_E01_S034_T	C57Bl6	Acetaminophen	CHEMBL112	GTX	C	FALSE	NTC_WP4.1.1_E01_S033_T	1000	uM	24	h	18	DMSO	study14_ntc_wp_4.1.1_e01__AK34.CEL	study15_gse72081__AK33.CEL	study14_CHEMBL112_1000uM_24h_18
NTC_WP4.1.1_E01_S035_T	C57Bl6	Amiodarone	CHEMBL633	NA	NA	FALSE	NTC_WP4.1.1_E01_S033_T	1	uM	24	h	19	DMSO	study14_ntc_wp_4.1.1_e01__AK35.CEL	study15_gse72081__AK33.CEL	study14_CHEMBL633_1uM_24h_19
NTC_WP4.1.1_E01_S036_T	C57Bl6	Cyclosporin A	CHEMBL160	NGTX	C	FALSE	NTC_WP4.1.1_E01_S033_T	10	uM	24	h	20	DMSO	study14_ntc_wp_4.1.1_e01__AK36.CEL	study15_gse72081__AK33.CEL	study14_CHEMBL160_10uM_24h_20
NTC_WP4.1.1_E01_S037_T	C57Bl6	Dimethyl Sulfide				TRUE		0.5	perc	24	h	17	DMSO	study15_gse72081__AK37.CEL		study14__0.5perc_24h_17
NTC_WP4.1.1_E01_S038_T	C57Bl6	Acetaminophen	CHEMBL112	GTX	C	FALSE	NTC_WP4.1.1_E01_S037_T	10000	uM	24	h	18	DMSO	study14_ntc_wp_4.1.1_e01__AK38.CEL	study15_gse72081__AK37.CEL	study14_CHEMBL112_10000uM_24h_18
NTC_WP4.1.1_E01_S039_T	C57Bl6	Amiodarone	CHEMBL633	NA	NA	FALSE	NTC_WP4.1.1_E01_S037_T	25	uM	24	h	19	DMSO	study14_ntc_wp_4.1.1_e01__AK39.CEL	study15_gse72081__AK37.CEL	study14_CHEMBL633_25uM_24h_19
NTC_WP4.1.1_E01_S040_T	C57Bl6	Cyclosporin A	CHEMBL160	NGTX	C	FALSE	NTC_WP4.1.1_E01_S037_T	50	uM	24	h	20	DMSO	study14_ntc_wp_4.1.1_e01__AK40.CEL	study15_gse72081__AK37.CEL	study14_CHEMBL160_50uM_24h_20
NTC_WP4.1.1_E01_S041_T	C57Bl6	Dimethyl Sulfide				TRUE		0.5	perc	48	h	21	DMSO	study15_gse72081__AK41.CEL		study14__0.5perc_48h_21
NTC_WP4.1.1_E01_S042_T	C57Bl6	Acetaminophen	CHEMBL112	GTX	C	FALSE	NTC_WP4.1.1_E01_S041_T	1000	uM	48	h	22	DMSO	study14_ntc_wp_4.1.1_e01__AK42.CEL	study15_gse72081__AK41.CEL	study14_CHEMBL112_1000uM_48h_22
NTC_WP4.1.1_E01_S043_T	C57Bl6	Amiodarone	CHEMBL633	NA	NA	FALSE	NTC_WP4.1.1_E01_S041_T	1	uM	48	h	23	DMSO	study14_ntc_wp_4.1.1_e01__AK43.CEL	study15_gse72081__AK41.CEL	study14_CHEMBL633_1uM_48h_23
NTC_WP4.1.1_E01_S044_T	C57Bl6	Cyclosporin A	CHEMBL160	NGTX	C	FALSE	NTC_WP4.1.1_E01_S041_T	10	uM	48	h	24	DMSO	study14_ntc_wp_4.1.1_e01__AK44.CEL	study15_gse72081__AK41.CEL	study14_CHEMBL160_10uM_48h_24
NTC_WP4.1.1_E01_S045_T	C57Bl6	Dimethyl Sulfide				TRUE		0.5	perc	48	h	21	DMSO	study15_gse72081__AK45.CEL		study14__0.5perc_48h_21
NTC_WP4.1.1_E01_S046_T	C57Bl6	Acetaminophen	CHEMBL112	GTX	C	FALSE	NTC_WP4.1.1_E01_S045_T	10000	uM	48	h	22	DMSO	study14_ntc_wp_4.1.1_e01__AK46.CEL	study15_gse72081__AK45.CEL	study14_CHEMBL112_10000uM_48h_22
NTC_WP4.1.1_E01_S047_T	C57Bl6	Amiodarone	CHEMBL633	NA	NA	FALSE	NTC_WP4.1.1_E01_S045_T	25	uM	48	h	23	DMSO	study14_ntc_wp_4.1.1_e01__AK47.CEL	study15_gse72081__AK45.CEL	study14_CHEMBL633_25uM_48h_23
NTC_WP4.1.1_E01_S048_T	C57Bl6	Cyclosporin A	CHEMBL160	NGTX	C	FALSE	NTC_WP4.1.1_E01_S045_T	50	uM	48	h	24	DMSO	study14_ntc_wp_4.1.1_e01__AK48.CEL	study15_gse72081__AK45.CEL	study14_CHEMBL160_50uM_48h_24
14_I_Prim_Hepa_5	C57Bl6	EthylAcr	CHEMBL52084	NGTX	C	FALSE	13_I_Prim_Hepa_4	500	uM	24	h	1		study18_e_mexp_2636__14I_Mouse430_2.CEL	study15_gse72081__13I_Mouse430_2_.CEL	study18_CHEMBL52084_500uM_24h_1
14_J_Prim_Hepa_17	C57Bl6	EthylAcr	CHEMBL52084	NGTX	C	FALSE	13_J_Prim_Hepa_16	500	uM	24	h	1		study18_e_mexp_2636__14J_Mouse430_2.CEL	study15_gse72081__13J_Mouse430_2_.CEL	study18_CHEMBL52084_500uM_24h_1
14_K_Prim_Hepa_29	C57Bl6	EthylAcr	CHEMBL52084	NGTX	C	FALSE	13_K_Prim_Hepa_28	500	uM	24	h	1		study18_e_mexp_2636__14K_Mouse430_2.CEL	study15_gse72081__13K_Mouse430_2_.CEL	study18_CHEMBL52084_500uM_24h_1
29_I_Prim_Hepa_11	C57Bl6	EthylAcr	CHEMBL52084	NGTX	C	FALSE	28_I_Prim_Hepa_10	500	uM	48	h	1		study18_e_mexp_2636__29I_Mouse430_2.CEL	study15_gse72081__28I_Mouse430_2_.CEL	study18_CHEMBL52084_500uM_48h_1
29_J_Prim_Hepa_23	C57Bl6	EthylAcr	CHEMBL52084	NGTX	C	FALSE	28_J_Prim_Hepa_22	500	uM	48	h	1		study18_e_mexp_2636__29J_Mouse430_2.CEL	study15_gse72081__28J_Mouse430_2_.CEL	study18_CHEMBL52084_500uM_48h_1
29_K_Prim_Hepa_35	C57Bl6	EthylAcr	CHEMBL52084	NGTX	C	FALSE	28_K_Prim_Hepa_34	500	uM	48	h	1		study18_e_mexp_2636__29K_Mouse430_2.CEL	study15_gse72081__28K_Mouse430_2_.CEL	study18_CHEMBL52084_500uM_48h_1
13_I_Prim_Hepa_4	C57Bl6	ETOH				TRUE		0	uM	24	h	1		study15_gse72081__13I_Mouse430_2_.CEL	NOTE: the files from these experiment were found to have identical md5 values, so only a single copy of a cel file was used in normalization	study18__0uM_24h_1
13_J_Prim_Hepa_16	C57Bl6	ETOH				TRUE		0	uM	24	h	1		study15_gse72081__13J_Mouse430_2_.CEL		study18__0uM_24h_1
13_K_Prim_Hepa_28	C57Bl6	ETOH				TRUE		0	uM	24	h	1		study15_gse72081__13K_Mouse430_2_.CEL		study18__0uM_24h_1
28_I_Prim_Hepa_10	C57Bl6	ETOH				TRUE		0	uM	48	h	1		study15_gse72081__28I_Mouse430_2_.CEL		study18__0uM_48h_1
28_J_Prim_Hepa_22	C57Bl6	ETOH				TRUE		0	uM	48	h	1		study15_gse72081__28J_Mouse430_2_.CEL		study18__0uM_48h_1
28_K_Prim_Hepa_34	C57Bl6	ETOH				TRUE		0	uM	48	h	1		study15_gse72081__28K_Mouse430_2_.CEL		study18__0uM_48h_1
48hour_MitC_3	C57BL/6	mitomycin C	CHEMBL105	GTX	C	FALSE	48hour_ETOH_3		uM		h		ETOH	study16_km4_compounds__080618KB19J.CEL	study16_km4_compounds__080618KB17J.CEL	study16_CHEMBL105_5uM_48h_3
48hour_ETOH_3	C57BL/6	ethanol	CHEMBL545	NGTX	C	TRUE			perc		h		ETOH	study16_km4_compounds__080618KB17J.CEL		study16__0.5perc_48h_3
